"crash_record_id","crash_date_est_i","crash_date","posted_speed_limit","traffic_control_device","device_condition","weather_condition","lighting_condition","first_crash_type","trafficway_type","lane_cnt","alignment","roadway_surface_cond","road_defect","report_type","crash_type","intersection_related_i","private_property_i","hit_and_run_i","damage","date_police_notified","prim_contributory_cause","sec_contributory_cause","street_no","street_direction","street_name","beat_of_occurrence","photos_taken_i","statements_taken_i","dooring_i","work_zone_i","work_zone_type","workers_present_i","num_units","crash_month","most_severe_injury","injuries_total","injuries_fatal","injuries_incapacitating","injuries_non_incapacitating","injuries_reported_not_evident","injuries_no_indication","injuries_unknown","crash_hour","crash_day_of_week","idot_control_no","latitude","longitude","location"
"4414cbba71f9db2bb6a0f118b36ac322c43e475afdfa19f7464888d0db6ea4c31b36ff92ae8df24af30f4870c7f8b8f1cfe1014a90edfa86540a0bc6f2919261",,"2020-08-18T20:40:00.000","10","NO CONTROLS","NO CONTROLS","CLEAR","DARKNESS, LIGHTED ROAD","FIXED OBJECT","ONE-WAY",,"STRAIGHT AND LEVEL","DRY","NO DEFECTS","ON SCENE","INJURY AND / OR TOW DUE TO CRASH",,"Y",,"OVER $1,500","2020-08-18T20:45:00.000","DRIVING SKILLS/KNOWLEDGE/EXPERIENCE","UNABLE TO DETERMINE","1","W","PARKING LOT A ST","1654",,,,,,,"1.0","8","NO INDICATION OF INJURY","0.0","0","0","0","0","1","0","20","3","X001991426",,,
"a0d3bac53f97cc350175971191922a85777204994c3059811e4d1ad4eba5930760d5a50bf1b3b97ed173f0bce6fe4de86701ac60135fc1dc6d269d27ac07b98c",,"2020-10-02T01:45:00.000","25","TRAFFIC SIGNAL","FUNCTIONING PROPERLY","CLEAR","DARKNESS, LIGHTED ROAD","TURNING","FOUR WAY",,"STRAIGHT AND LEVEL","DRY","UNKNOWN","ON SCENE","NO INJURY / DRIVE AWAY","Y",,"Y","$501 - $1,500","2020-10-02T02:03:00.000","OPERATING VEHICLE IN ERRATIC, RECKLESS, CARELESS, NEGLIGENT OR AGGRESSIVE MANNER","UNABLE TO DETERMINE","5500","S","WENTWORTH AVE","225",,,,,,,"2.0","10","NO INDICATION OF INJURY","0.0","0","0","0","0","2","0","1","6","X002031689",,,
"a0e82353c0a772192f92d4bae6189c56d390ef0a66d56d3f16112cbdace6e1892b07012fc4d55db224107110db333b4ce9b4f3032e7109032c3d7827e4d33d59",,"2020-09-12T02:00:00.000","10","NO CONTROLS","NO CONTROLS","RAIN","DARKNESS, LIGHTED ROAD","PARKED MOTOR VEHICLE","PARKING LOT",,"STRAIGHT AND LEVEL","WET","NO DEFECTS","ON SCENE","NO INJURY / DRIVE AWAY",,,"Y","$500 OR LESS","2020-09-16T16:45:00.000","UNABLE TO DETERMINE","UNABLE TO DETERMINE","1","W","PARKING LOT D ST","1654",,,,,,,"2.0","9","NO INDICATION OF INJURY","0.0","0","0","0","0","1","0","2","7","X002018291",,,
"14e8b62377d582271096f27b5f70194144cf6e7288bbd6850330ac47a308d2520efabaa6a46235d924e86c1bc9e1be02647142ffb22d5179e7ceb58f01225987",,"2020-08-26T14:15:00.000","30","TRAFFIC SIGNAL","FUNCTIONING PROPERLY","CLEAR","DAYLIGHT","REAR END","ONE-WAY",,"STRAIGHT AND LEVEL","DRY","NO DEFECTS","ON SCENE","INJURY AND / OR TOW DUE TO CRASH","Y",,,"OVER $1,500","2020-08-26T14:20:00.000","FAILING TO REDUCE SPEED TO AVOID CRASH","NOT APPLICABLE","163","N","BESSIE COLEMAN DR","1654",,,,,,,"2.0","8","REPORTED, NOT EVIDENT","1.0","0","0","0","1","3","0","14","4","X001999278",,,
"7c35793f43d3a701f4df03a5805cfe3bc6a9853eeca655ceb4c8b32b69d5409cd1447fca6d59c75d764983f5bba81861276de58a5d17e3829243b418e906e57d",,"2024-12-15T05:15:00.000","45","TRAFFIC SIGNAL","FUNCTIONING PROPERLY","RAIN","DARKNESS, LIGHTED ROAD","REAR END","DIVIDED - W/MEDIAN BARRIER",,"STRAIGHT AND LEVEL","WET","UNKNOWN","NOT ON SCENE (DESK REPORT)","NO INJURY / DRIVE AWAY",,,"Y","OVER $1,500","2024-12-15T05:40:00.000","FOLLOWING TOO CLOSELY","NOT APPLICABLE","6299","S","LAKE SHORE DR","331",,,,,,,"2.0","12","NO INDICATION OF INJURY","0.0","0","0","0","0","2","0","5","1","X003659168",,,
"044ed9dca0ac78309fce89eb78cdc6da811c0f09011ca6372c6f2e4392b996ab7a01f6a58b4aebc522694e699f032023e08a544ad69be32482fe3ec132c545ef",,"2024-12-15T00:15:00.000","35","TRAFFIC SIGNAL","FUNCTIONING PROPERLY","RAIN","DARKNESS, LIGHTED ROAD","TURNING","FOUR WAY",,"STRAIGHT AND LEVEL","WET","NO DEFECTS","ON SCENE","INJURY AND / OR TOW DUE TO CRASH","Y",,"Y","OVER $1,500","2024-12-15T00:15:00.000","IMPROPER TURNING/NO SIGNAL","DISREGARDING TRAFFIC SIGNALS","7198","W","ARCHER AVE","811",,,,,,,"2.0","12","NONINCAPACITATING INJURY","1.0","0","0","1","0","1","0","0","1","X003658832",,,
"b35c1dc48fd58cbefbcde9641502da166d800a2e96b231fa42a4a2c6e982780908284e7d044a58db27810b4dd5e09f17be5cb5e5c8b38db52f2d24d90263b2b8",,"2024-12-18T17:20:00.000","35","TRAFFIC SIGNAL","FUNCTIONING PROPERLY","CLEAR","DARKNESS, LIGHTED ROAD","TURNING","DIVIDED - W/MEDIAN BARRIER",,"STRAIGHT AND LEVEL","DRY","NO DEFECTS","ON SCENE","NO INJURY / DRIVE AWAY",,,,"OVER $1,500","2024-12-18T17:23:00.000","IMPROPER LANE USAGE","UNABLE TO DETERMINE","10020","W","BALMORAL AVE","1654",,,,,,,"2.0","12","NO INDICATION OF INJURY","0.0","0","0","0","0","3","0","17","4","X003663858",,,
"43dc9f698d19b93ab9ab7bef224dbfdeb4f30874a4b9c512892e84accbd371c59c2fa761d6e680fb6501362f827e960508add75780d36df612a7cd4c47fbc4e0",,"2024-12-06T23:17:00.000","30","TRAFFIC SIGNAL","FUNCTIONING PROPERLY","CLEAR","DARKNESS, LIGHTED ROAD","TURNING","FOUR WAY",,"STRAIGHT AND LEVEL","DRY","NO DEFECTS","ON SCENE","NO INJURY / DRIVE AWAY","Y",,,"$501 - $1,500","2024-12-06T23:19:00.000","DISREGARDING TRAFFIC SIGNALS","FAILING TO REDUCE SPEED TO AVOID CRASH","5500","S","WENTWORTH AVE","225",,,,,,,"2.0","12","NO INDICATION OF INJURY","0.0","0","0","0","0","2","0","23","6","X003649963",,,
"f5d91e547fd6795de480f9da0adc941c2e8febdd19df36398a34b473fd67ac13355c3448b972985243666b840c6ddf5e72a74c72ffc036f491ba0dc6bbcda06e",,"2024-12-14T06:11:00.000","30","NO CONTROLS","NO CONTROLS","CLEAR","DARKNESS, LIGHTED ROAD","REAR END","OTHER",,"STRAIGHT AND LEVEL","DRY","NO DEFECTS","ON SCENE","NO INJURY / DRIVE AWAY",,,"Y","$501 - $1,500","2024-12-14T06:11:00.000","UNABLE TO DETERMINE","UNABLE TO DETERMINE","1","W","TERMINAL ST","1651",,,,,,,"2.0","12","NO INDICATION OF INJURY","0.0","0","0","0","0","2","0","6","7","X003658480",,,
"e2a94d87855c39794451c161549ee42482dcf28fc89e11a196a4b23527fc20f37761c61be69a4b968507a7e19a6e594ad270ea2cda3540d5ed6b5df8be3363d6",,"2024-11-27T14:00:00.000","55","NO CONTROLS","NO CONTROLS","CLEAR","DAYLIGHT","SIDESWIPE SAME DIRECTION","DIVIDED - W/MEDIAN BARRIER",,"STRAIGHT AND LEVEL","DRY","NO DEFECTS","ON SCENE","NO INJURY / DRIVE AWAY",,,,"OVER $1,500","2024-11-27T14:15:00.000","IMPROPER OVERTAKING/PASSING","NOT APPLICABLE","6800","S","CHICAGO SKYWAY OB","322",,,,,,,"2.0","11","NO INDICATION OF INJURY","0.0","0","0","0","0","2","0","14","4","X003643500",,,
"00aa496fc5a12fc3feeb610857cab1c2751d384ffbefbb04ee78ea66986eb58d8cc7eb1f5ebb9bcbfb22ca007626f7ddff1f25d7910b0904f18c01cce4cc3a56",,"2020-09-03T04:15:00.000","20","NO CONTROLS","NO CONTROLS","CLEAR","DARKNESS, LIGHTED ROAD","PEDESTRIAN","OTHER",,"STRAIGHT AND LEVEL","DRY","NO DEFECTS",,"INJURY AND / OR TOW DUE TO CRASH",,,"Y","$500 OR LESS","2020-09-03T04:28:00.000","IMPROPER OVERTAKING/PASSING","NOT APPLICABLE","524","W","OHARE ST","1654",,,,,,,"2.0","9","NONINCAPACITATING INJURY","1.0","0","0","1","0","1","0","4","5","X002014475",,,
"6f3d60774fc803cbd0765132caccc2fcc3114dd785671e618d599cf718db990f562a3cd8e45edad40570d5b409c2bcf07fe1649f978324ed9a9a42da1bc933b3",,"2020-08-20T05:05:00.000","10","NO CONTROLS","NO CONTROLS","CLEAR","DARKNESS, LIGHTED ROAD","SIDESWIPE OPPOSITE DIRECTION","PARKING LOT",,"STRAIGHT AND LEVEL","DRY","UNKNOWN","ON SCENE","NO INJURY / DRIVE AWAY",,,,"OVER $1,500","2020-08-20T05:10:00.000","UNABLE TO DETERMINE","UNABLE TO DETERMINE","1","W","PARKING LOT G ST","1654",,,,,,,"2.0","8","NO INDICATION OF INJURY","0.0","0","0","0","0","2","0","5","5","X001995402",,,
"5f7535debccd648142a1755a151bd1bfea00d436a0501eba419bb9fad2f7a49bf069a6880e98d9b24ca3f6ad76a8f6aa5708dc884e1076fe4afa67f4ccfa26ee",,"2020-09-04T20:00:00.000","30","NO CONTROLS","NO CONTROLS","CLEAR","DAYLIGHT","REAR TO FRONT","PARKING LOT",,"STRAIGHT AND LEVEL","DRY","NO DEFECTS","ON SCENE","NO INJURY / DRIVE AWAY",,,,"OVER $1,500","2020-09-04T20:45:00.000","IMPROPER BACKING","NOT APPLICABLE","1312","E","79TH ST","411",,,,,,,"2","9","NO INDICATION OF INJURY","0","0","0","0","0","2","0","20","6","X002007159","41.7515294184","-87.5924885648","POINT (-87.592488564772 41.751529418409)"
"96f097a1df5e4d951b77e521a71c0d62e2e5ad3571fcda642448249379b79551811c67dfa1591d73f4bf4ececfa26c2b1ed9f3a31ac46975073e3437843f7abb",,"2024-11-22T09:40:00.000","25","TRAFFIC SIGNAL","FUNCTIONING PROPERLY","CLEAR","DAYLIGHT","REAR END","T-INTERSECTION",,"STRAIGHT AND LEVEL","DRY","NO DEFECTS","ON SCENE","NO INJURY / DRIVE AWAY","Y",,,"$500 OR LESS","2024-11-22T10:00:00.000","UNABLE TO DETERMINE","NOT APPLICABLE","764","W","OHARE ST","1654",,,,,,,"2.0","11","NO INDICATION OF INJURY","0.0","0","0","0","0","2","0","9","6","X003634117",,,
"50dd1feeef96c5f9d4883bc065883c87192753466bd84cd27500047276ffb694e9dc5c8be0c6764118513d6ecc741ee7042b693e6eb3435311ea4614a2bf1b7e",,"2024-12-12T09:03:00.000","30","TRAFFIC SIGNAL","FUNCTIONING PROPERLY","CLEAR","DAYLIGHT","ANGLE","NOT DIVIDED",,"STRAIGHT ON HILLCREST","DRY","NO DEFECTS","ON SCENE","NO INJURY / DRIVE AWAY",,,,"$501 - $1,500","2024-12-12T09:17:00.000","VISION OBSCURED (SIGNS, TREE LIMBS, BUILDINGS, ETC.)","NOT APPLICABLE","3201","W","HOWARD ST","2411",,,,,,,"2.0","12","NO INDICATION OF INJURY","0.0","0","0","0","0","2","0","9","5","X003655786",,,
"856df59b1b0f5403717a1793e7a0e4962101faf1b9294c3e055b417799ab51b9c3124323906f18231030b29cd16ab2ca4ebcea6192b8617d7befedbf08a45506",,"2020-09-06T20:27:00.000","30","TRAFFIC SIGNAL","FUNCTIONING PROPERLY","CLEAR","DARKNESS, LIGHTED ROAD","FIXED OBJECT","NOT DIVIDED",,"STRAIGHT AND LEVEL","DRY","NO DEFECTS","ON SCENE","INJURY AND / OR TOW DUE TO CRASH","N",,,"OVER $1,500","2020-09-06T20:27:00.000","OPERATING VEHICLE IN ERRATIC, RECKLESS, CARELESS, NEGLIGENT OR AGGRESSIVE MANNER","NOT APPLICABLE","12655","S","STATE ST","532",,,,,,,"1.0","9","REPORTED, NOT EVIDENT","2.0","0","0","0","2","0","0","20","1","X002008441",,,
"b6798388d0871ab40d039a9098e2dc1f4d085ae6f80f6cf3aed8a5e8a933fce2a7475a269099d6bfa034218c73bc710733a63278c6d99bd1637b8d65584f3135",,"2020-10-08T20:45:00.000","5","NO CONTROLS","FUNCTIONING PROPERLY","CLEAR","DARKNESS, LIGHTED ROAD","REAR TO FRONT","RAMP",,"STRAIGHT AND LEVEL","DRY","NO DEFECTS","ON SCENE","NO INJURY / DRIVE AWAY",,"Y",,"$501 - $1,500","2020-10-08T21:15:00.000","IMPROPER BACKING","UNABLE TO DETERMINE","660","W","OHARE ST","1654",,"Y",,,,,"2.0","10","NO INDICATION OF INJURY","0.0","0","0","0","0","2","0","20","5","X002039706",,,
"067ee1eb74e3e7c828da27e188a7e0c320f8b8ccee1115fe017e1df373b253141a1638da0a36a8b77018d1956c80a0729942f00599ebcbc6965ac79b2462c0c0",,"2020-08-28T17:20:00.000","40","TRAFFIC SIGNAL","FUNCTIONING PROPERLY","CLEAR","DAYLIGHT","REAR END","DIVIDED - W/MEDIAN BARRIER",,"STRAIGHT AND LEVEL","DRY","NO DEFECTS","NOT ON SCENE (DESK REPORT)","INJURY AND / OR TOW DUE TO CRASH","Y",,,"$501 - $1,500","2020-08-28T20:35:00.000","UNABLE TO DETERMINE","UNABLE TO DETERMINE","12700","W","IRVING PARK RD","1654",,,,,,,"2.0","8","REPORTED, NOT EVIDENT","1.0","0","0","0","1","2","0","17","6","X002000339",,,
"fb49dbb8617f8ac3f7aecf87fa07f85d4c5aba4b151e23f3012dfcb8f96fa400c86c2096fb4bbfabecfe15564d826aa8b8730274345b488f7359ba2bee9177c1",,"2020-09-08T09:30:00.000","35","NO CONTROLS","NO CONTROLS","RAIN","DAYLIGHT","SIDESWIPE SAME DIRECTION","OTHER",,"CURVE ON GRADE","WET","NO DEFECTS","ON SCENE","NO INJURY / DRIVE AWAY",,,"Y","$501 - $1,500","2020-09-08T09:40:00.000","IMPROPER OVERTAKING/PASSING","OPERATING VEHICLE IN ERRATIC, RECKLESS, CARELESS, NEGLIGENT OR AGGRESSIVE MANNER","13","W","I190 EXPY","1654",,,,,,,"2.0","9","NO INDICATION OF INJURY","0.0","0","0","0","0","2","0","9","3","X002010902",,,
"650a0d717f87fd4217f3b69c630a17ca369ccdb0cc672be405eb157ebcc4986093a4a60e678b09d02f3d55df041aa5099223770ced77d1f71341999ad588f68d",,"2020-09-07T09:30:00.000","30","TRAFFIC SIGNAL","FUNCTIONING PROPERLY","CLEAR","DAYLIGHT","TURNING","ONE-WAY",,"STRAIGHT AND LEVEL","DRY","NO DEFECTS",,"NO INJURY / DRIVE AWAY","Y",,,"OVER $1,500","2020-09-07T10:35:00.000","UNABLE TO DETERMINE","NOT APPLICABLE","5500","S","WENTWORTH AVE","225",,,,,,,"2.0","9","NO INDICATION OF INJURY","0.0","0","0","0","0","2","0","9","2","X002008888",,,
"5e2a67b7d11860c2fb09ab39a0ca3fbbda883dfaa60bd002bd9082c472d942c222f11caf65c2eb35b6023afceb9f0445ad21f7faf59d8bf320029e4870b0f967",,"2020-09-26T00:01:00.000","30","TRAFFIC SIGNAL","FUNCTIONING PROPERLY","CLEAR","DARKNESS, LIGHTED ROAD","ANGLE","FOUR WAY",,"STRAIGHT AND LEVEL","DRY","NO DEFECTS","ON SCENE","NO INJURY / DRIVE AWAY","Y",,,"$501 - $1,500","2020-09-26T00:01:00.000","OPERATING VEHICLE IN ERRATIC, RECKLESS, CARELESS, NEGLIGENT OR AGGRESSIVE MANNER","OPERATING VEHICLE IN ERRATIC, RECKLESS, CARELESS, NEGLIGENT OR AGGRESSIVE MANNER","6298","S","LAKE SHORE DR","331",,,,,,,"2.0","9","NO INDICATION OF INJURY","0.0","0","0","0","0","2","0","0","7","X002026386",,,
"9ca960d33530ec16c811b398cebf8761002d81d388de931cb31e04ac7954e036c47b49a13d1f8cfe9a7e4d4c93789dc100885b1e90291a9b229196779f180b9d",,"2020-09-16T14:40:00.000","30","TRAFFIC SIGNAL","FUNCTIONING PROPERLY","CLEAR","DAYLIGHT","ANGLE","Y-INTERSECTION",,"STRAIGHT AND LEVEL","DRY","UNKNOWN","ON SCENE","INJURY AND / OR TOW DUE TO CRASH","Y",,,"OVER $1,500","2020-09-16T14:42:00.000","DISREGARDING TRAFFIC SIGNALS","NOT APPLICABLE","2800","N","KIMBALL AVE","1412",,,,,,,"3.0","9","NONINCAPACITATING INJURY","2.0","0","0","2","0","2","0","14","4","X002019214",,,
"a9fdad48c117a586d8c7751b0cbf5015996fec56a09ae8914e05e2c3c51bf0909d7ac05fa8dcf249f47f5e98ab1133bc43a798f2bb529ce2fa0dbbdf1be84469",,"2020-08-18T18:15:00.000","40","TRAFFIC SIGNAL","FUNCTIONING PROPERLY","CLEAR","DAYLIGHT","REAR END","T-INTERSECTION",,"STRAIGHT AND LEVEL","DRY","NO DEFECTS","NOT ON SCENE (DESK REPORT)","NO INJURY / DRIVE AWAY",,,,"OVER $1,500","2020-08-19T17:45:00.000","FOLLOWING TOO CLOSELY","NOT APPLICABLE","12500","W","IRVING PARK RD","1654",,,,,,,"2.0","8","NO INDICATION OF INJURY","0.0","0","0","0","0","2","0","18","3","X001992772",,,
"54311af39648c126311c4f71842882f6e2e336744e751d9b8fe50e733d22e6c82df1cb5fae9394baab8c128425d86102a342b8c9860770f26fd07834797785a2",,"2020-09-21T04:50:00.000","35","TRAFFIC SIGNAL","FUNCTIONING PROPERLY","CLEAR","DARKNESS, LIGHTED ROAD","REAR END","ONE-WAY",,"STRAIGHT AND LEVEL","DRY","NO DEFECTS","ON SCENE","NO INJURY / DRIVE AWAY","Y",,,"OVER $1,500","2020-09-21T04:51:00.000","FOLLOWING TOO CLOSELY","NOT APPLICABLE","170","N","BESSIE COLEMAN DR","1654",,,,,,,"2.0","9","NO INDICATION OF INJURY","0.0","0","0","0","0","2","0","4","2","X002022724",,,
"b99f1038d17b4dfc655024acd44ad7370d6a5a80aaf23a054a1513d750077fac68c7ea13925d1e8205ef917c481deb615973e022149112774224e30888561e7a",,"2020-09-20T07:17:00.000","30","TRAFFIC SIGNAL","FUNCTIONING PROPERLY","CLEAR","DAYLIGHT","TURNING","FOUR WAY",,"STRAIGHT AND LEVEL","DRY","NO DEFECTS","ON SCENE","INJURY AND / OR TOW DUE TO CRASH","Y",,,"OVER $1,500","2020-09-20T07:20:00.000","FAILING TO YIELD RIGHT-OF-WAY","FAILING TO YIELD RIGHT-OF-WAY","11","N","BESSIE COLEMAN DR","1654",,,,,,,"2.0","9","INCAPACITATING INJURY","3.0","0","1","2","0","4","0","7","1","X002022720",,,
"d9becaa7ac08490e95803b49576e3d3dc5bcfab1b1dd03f6b51d0b8c01997ab13d3c6edb298d0a3296909541418e3e9c7c5d9a657b50eab375115cf8a541c9f6","Y","2017-09-17T15:30:00.000","30","NO CONTROLS","NO CONTROLS","CLEAR","DAYLIGHT","PARKED MOTOR VEHICLE","ONE-WAY","1","STRAIGHT AND LEVEL","DRY","NO DEFECTS","NOT ON SCENE (DESK REPORT)","NO INJURY / DRIVE AWAY",,,,"$501 - $1,500","2017-09-17T17:45:00.000","IMPROPER LANE USAGE","UNABLE TO DETERMINE","3947","S","DR MARTIN LUTHER KING JR SD","214",,,,,,,"2.0","9","NO INDICATION OF INJURY","0.0","0","0","0","0","1","0","15","1","X000911022",,,
"fb89e9c06109e1ba374082167867dc66f91d19758053e9499868933e6f64368ba89c5c128f9da2a74df9dc176d243114e1901996eeea78900d345eded390260c",,"2017-09-07T09:17:00.000","30","STOP SIGN/FLASHER","FUNCTIONING PROPERLY","CLEAR","DAYLIGHT","REAR END","DIVIDED - W/MEDIAN (NOT RAISED)","2","STRAIGHT AND LEVEL","DRY","NO DEFECTS","NOT ON SCENE (DESK REPORT)","INJURY AND / OR TOW DUE TO CRASH",,,"N","OVER $1,500","2017-09-07T09:20:00.000","FOLLOWING TOO CLOSELY","NOT APPLICABLE","5710","S","WENTWORTH AVE","232",,,,,,,"2.0","9","NO INDICATION OF INJURY","0.0","0","0","0","0","3","0","9","5","X000901361",,,
"a0e5f0fb5da265c321f773cc0ea1a3569e28e62542eb9bfe5a6f896f9492865f21cd80d0b77c065c142f95eb15afce76760dfd0831fb7e393f8f2fc61de57aab",,"2024-11-25T18:30:00.000","15","NO CONTROLS","NO CONTROLS","CLEAR","DUSK","PARKED MOTOR VEHICLE","OTHER",,"STRAIGHT AND LEVEL","DRY","NO DEFECTS","NOT ON SCENE (DESK REPORT)","NO INJURY / DRIVE AWAY",,,,"OVER $1,500","2024-11-26T12:25:00.000","UNABLE TO DETERMINE","UNABLE TO DETERMINE","10000","W","BALMORAL AVE","1654",,,,,,,"2.0","11","NO INDICATION OF INJURY","0.0","0","0","0","0","1","0","18","2","X003638763",,,
"2ad4f5af190aa9a24c92743d45d3ffbe8042e1c92554d12e3a8122095fec6c9984f9234cc6aae822e6fd214242ce5bbe48f6e9baa196aeb235b0e77d049cecf2",,"2021-02-07T11:20:00.000","30","STOP SIGN/FLASHER","FUNCTIONING PROPERLY","CLEAR","DAYLIGHT","ANGLE","DIVIDED - W/MEDIAN BARRIER",,"STRAIGHT AND LEVEL","DRY","NO DEFECTS","NOT ON SCENE (DESK REPORT)","NO INJURY / DRIVE AWAY",,,"Y","$501 - $1,500","2021-02-07T12:15:00.000","FAILING TO YIELD RIGHT-OF-WAY","NOT APPLICABLE","5500","N","HARLEM AVE","1613",,,,,,,"2.0","2","NO INDICATION OF INJURY","0.0","0","0","0","0","2","0","11","1","X002145854",,,
"c0cad8fc4c359c23194e411b5902061470970fa7625c2024ef658ff85af650e75b3ec961574e319ac4d18560d9fd582fdc15ca4ddc584a2e6486eb1d3c784b6e",,"2020-08-22T03:20:00.000","10","NO CONTROLS","NO CONTROLS","CLEAR","DARKNESS, LIGHTED ROAD","PARKED MOTOR VEHICLE","PARKING LOT",,"STRAIGHT ON GRADE","DRY","NO DEFECTS","ON SCENE","NO INJURY / DRIVE AWAY",,,"Y","$501 - $1,500","2020-08-22T03:30:00.000","UNABLE TO DETERMINE","UNABLE TO DETERMINE","2","W","OHARE ST","1654",,,,,,,"2.0","8","NO INDICATION OF INJURY","0.0","0","0","0","0","1","0","3","7","X001994532",,,
"56d76a93e000fca8d5ba5e7d30145bc415e092b9d45cf0c2ec042161e715ba13de6a588538ec5e7809a00d79d2e1bdcad6a10a4701d7aa25bc279404e0c552ff",,"2020-09-08T16:30:00.000","50","OTHER","FUNCTIONING PROPERLY","RAIN","DAYLIGHT","REAR TO FRONT","DIVIDED - W/MEDIAN BARRIER",,"STRAIGHT AND LEVEL","WET","NO DEFECTS","NOT ON SCENE (DESK REPORT)","NO INJURY / DRIVE AWAY",,,,"$501 - $1,500","2020-09-08T17:20:00.000","UNABLE TO DETERMINE","UNABLE TO DETERMINE","8700","S","CHICAGO SKYWAY OB","412",,,,,,,"2.0","9","NO INDICATION OF INJURY","0.0","0","0","0","0","3","0","16","3","X002010178",,,
"1acc0bb5c76afa02b947bb98f3755b613f12b141b96e6f77fcca49f00281e3bd77557a44662fe65a650384221c18185c84f964a333f7280dbf3c134a57610ffe","Y","2020-09-10T19:30:00.000","25","NO CONTROLS","NO CONTROLS","RAIN","DAYLIGHT","PARKED MOTOR VEHICLE","NOT DIVIDED",,"STRAIGHT AND LEVEL","WET","UNKNOWN","NOT ON SCENE (DESK REPORT)","NO INJURY / DRIVE AWAY",,,"Y","OVER $1,500","2020-09-11T11:30:00.000","UNABLE TO DETERMINE","UNABLE TO DETERMINE","2000","S","LOOMIS ST","1235",,,,,,,"2.0","9","NO INDICATION OF INJURY","0.0","0","0","0","0","1","0","19","5","X002013246","41.8551044266","-87.6613895327","POINT (-87.661389532734 41.855104426563)"
"a6d502cc239c66ffd4a0fadec91d7d20f8d022fc12d64d66737cf3f47431eb8f3bf1c3e4d44e844c47aee0fb74497b193ff581fab6608815589eb18a9b92ca58",,"2020-08-18T09:48:00.000","15","NO CONTROLS","NO CONTROLS","CLEAR","DAYLIGHT","FIXED OBJECT","ALLEY",,"STRAIGHT AND LEVEL","DRY","NO DEFECTS","ON SCENE","NO INJURY / DRIVE AWAY",,,,"OVER $1,500","2020-08-18T10:38:00.000","UNABLE TO DETERMINE","UNABLE TO DETERMINE","7318","S","VINCENNES AVE","731",,,,,,,"1","8","NO INDICATION OF INJURY","0","0","0","0","0","1","0","9","3","X001992296","41.7612602139","-87.6300589479","POINT (-87.630058947853 41.761260213863)"
"6932dfe3b3b56962e00e32bfd1a9d4660dca8b83f1d42ec57cd53409a77e1ef13a00176610d6f544aba08dd8b31041809a845909d841eba31dea0ee3285340d9",,"2017-09-20T05:50:00.000","30","TRAFFIC SIGNAL","FUNCTIONING PROPERLY","CLEAR","DARKNESS, LIGHTED ROAD","TURNING","NOT DIVIDED","0","STRAIGHT AND LEVEL","DRY","NO DEFECTS","ON SCENE","INJURY AND / OR TOW DUE TO CRASH","Y",,,"OVER $1,500","2017-09-20T06:30:00.000","FAILING TO YIELD RIGHT-OF-WAY","FAILING TO REDUCE SPEED TO AVOID CRASH","1198","S","LARAMIE AVE","1522",,,,,,,"2.0","9","NONINCAPACITATING INJURY","1.0","0","0","1","0","1","0","5","4","X000913835",,,
"aa39b6768e17652b4ba36d89f3b0e31a6f9b1620212056ff2a74ee3cb9b9f97e07246bbe5031a265f7df9ad2176f2f81bf89c4e8347dda451461447101a88c72",,"2024-11-27T18:10:00.000","20","NO CONTROLS","NO CONTROLS","CLEAR","DARKNESS, LIGHTED ROAD","TURNING","ONE-WAY",,"STRAIGHT AND LEVEL","DRY","NO DEFECTS","NOT ON SCENE (DESK REPORT)","NO INJURY / DRIVE AWAY",,,,"OVER $1,500","2024-11-28T10:30:00.000","IMPROPER TURNING/NO SIGNAL","NOT APPLICABLE","3","W","TERMINAL ST","1653",,,,,,,"2.0","11","NO INDICATION OF INJURY","0.0","0","0","0","0","2","0","18","4","X003641358",,,
"61e60d70660c7fb98cae9d8034733fd086f40c491c9b97d7deb84541a3c629d859b17e7dc385a4613cf9f7b7b261e3c50da49b532f1480e7f72abe215e989b2c",,"2024-11-25T17:52:00.000","30","STOP SIGN/FLASHER","NO CONTROLS","CLEAR","DARKNESS, LIGHTED ROAD","ANGLE","T-INTERSECTION",,"STRAIGHT AND LEVEL","DRY","NO DEFECTS","ON SCENE","INJURY AND / OR TOW DUE TO CRASH","Y",,,"OVER $1,500","2024-11-25T18:10:00.000","FAILING TO YIELD RIGHT-OF-WAY","FAILING TO YIELD RIGHT-OF-WAY","5599","N","NEVA AVE","1613",,,,,,,"2.0","11","NO INDICATION OF INJURY","0.0","0","0","0","0","5","0","17","2","X003637734",,,