"crash_record_id","crash_date_est_i","crash_date","posted_speed_limit","traffic_control_device","device_condition","weather_condition","lighting_condition","first_crash_type","trafficway_type","lane_cnt","alignment","roadway_surface_cond","road_defect","report_type","crash_type","intersection_related_i","private_property_i","hit_and_run_i","damage","date_police_notified","prim_contributory_cause","sec_contributory_cause","street_no","street_direction","street_name","beat_of_occurrence","photos_taken_i","statements_taken_i","dooring_i","work_zone_i","work_zone_type","workers_present_i","num_units","crash_month","most_severe_injury","injuries_total","injuries_fatal","injuries_incapacitating","injuries_non_incapacitating","injuries_reported_not_evident","injuries_no_indication","injuries_unknown","crash_hour","crash_day_of_week","idot_control_no","latitude","longitude","location"
"085c50b4c2408a7c7874f87987ba97eee0ef9f9d820d119913beee4e2f7096a00322a78a13d94fd368d775b6d3f4e8638faa76867e38e8bbb3e447429d4e54b9",,"2024-12-03T07:45:00.000","55","NO CONTROLS","NO CONTROLS","CLEAR","DAYLIGHT","OVERTURNED","RAMP",,"CURVE ON GRADE","DRY","NO DEFECTS","ON SCENE","INJURY AND / OR TOW DUE TO CRASH",,,,"OVER $1,500","2024-12-03T07:53:00.000","FAILING TO REDUCE SPEED TO AVOID CRASH","NOT APPLICABLE","6324","S","CHICAGO SKYWAY IB","312",,,,,,,"1.0","12","NO INDICATION OF INJURY","0.0","0","0","0","0","1","0","7","3","X003645562",,,
"8222612e91b31bb27fdd12d3bdbc9e61617361ef19a03646700750e339b2e7a5baa11a9fbf6bb9436fc35247fa906a98f25eb9ab2b5391f445c067de21a87ccc",,"2024-12-04T10:40:00.000","30","NO CONTROLS","NO CONTROLS","CLEAR","DAYLIGHT","PARKED MOTOR VEHICLE","UNKNOWN",,"STRAIGHT AND LEVEL","DRY","NO DEFECTS","ON SCENE","NO INJURY / DRIVE AWAY",,,"Y","OVER $1,500","2024-12-04T11:00:00.000","UNABLE TO DETERMINE","NOT APPLICABLE","8316","S","COMMERCIAL AVE","424",,,,,,,"2.0","12","NO INDICATION OF INJURY","0.0","0","0","0","0","1","0","10","4","X003646941",,,
"cb1c18d87ff6017a0a934c2e263a37c6972e4ca69815d4abba053aed3f223080d930e1ddf1b7e47a814b94832bbc95e6f72de0343145c98ce8dda7c33906fdb5",,"2024-12-13T09:56:00.000","25","NO CONTROLS","NO CONTROLS","CLEAR","DAYLIGHT","SIDESWIPE SAME DIRECTION","ONE-WAY",,"STRAIGHT AND LEVEL","DRY","NO DEFECTS","ON SCENE","NO INJURY / DRIVE AWAY",,,,"$501 - $1,500","2024-12-13T10:10:00.000","IMPROPER LANE USAGE","FAILING TO YIELD RIGHT-OF-WAY","3","W","TERMINAL ST","1653",,,,,,,"2.0","12","NO INDICATION OF INJURY","0.0","0","0","0","0","2","0","9","6","X003657268",,,
"540b5fa06e50765a19a127198c93b222abf0cdbf7817dc80ada6acab0251529ec665b7fdf432bfdbe95b9e59308d7b947eb7f6abd92db0df1da534a87cb53a6e",,"2024-12-04T07:05:00.000","30","NO CONTROLS","NO CONTROLS","CLEAR","DAYLIGHT","TURNING","OTHER",,"STRAIGHT AND LEVEL","DRY","NO DEFECTS","ON SCENE","NO INJURY / DRIVE AWAY",,,,"OVER $1,500","2024-12-04T07:10:00.000","UNABLE TO DETERMINE","UNABLE TO DETERMINE","3","W","TERMINAL ST","1653",,,,,,,"2.0","12","NO INDICATION OF INJURY","0.0","0","0","0","0","2","0","7","4","X003647352",,,
"232a30587333da8e0ab35e03e6a77477646853840de96352277e2484f846f7a0938556587e2a8098f009e87a335ae31516ae63cb034781785d60a234302f7a33",,"2024-12-07T17:10:00.000","30","TRAFFIC SIGNAL","FUNCTIONING PROPERLY","CLEAR","DARKNESS, LIGHTED ROAD","TURNING","FOUR WAY",,"STRAIGHT AND LEVEL","DRY","NO DEFECTS","ON SCENE","NO INJURY / DRIVE AWAY","Y",,,"$501 - $1,500","2024-12-07T17:20:00.000","FOLLOWING TOO CLOSELY","NOT APPLICABLE","6500","N","MANNHEIM RD","1654",,,,,,,"2.0","12","NO INDICATION OF INJURY","0.0","0","0","0","0","2","0","17","7","X003654173",,,
"bdf018f6a5195fde832c15ccd26ab9f51fa8804154913c07d5367839c68f48e8acce9cdf4df2364d5c9812a85f0d1e86a93f834ca72fb9f973090c916ff272c7",,"2024-12-02T00:30:00.000","15","NO CONTROLS","NO CONTROLS","CLEAR","DARKNESS, LIGHTED ROAD","SIDESWIPE SAME DIRECTION","PARKING LOT",,"STRAIGHT AND LEVEL","DRY","NO DEFECTS","ON SCENE","NO INJURY / DRIVE AWAY",,,,"OVER $1,500","2024-12-02T00:37:00.000","IMPROPER LANE USAGE","UNABLE TO DETERMINE","10020","W","BALMORAL AVE","1654",,,,,,,"2.0","12","NO INDICATION OF INJURY","0.0","0","0","0","0","2","0","0","2","X003643455",,,
"ea7cdc18011e546e44d97bc330243666f1d333b3cdd7e12116322ed0ca3193e5b1a644967f8e004512e8c3db595c96e261aa9cb08ba43c29fbc1d79c06471fd0",,"2024-11-18T18:30:00.000","20","NO CONTROLS","NO CONTROLS","RAIN","DARKNESS, LIGHTED ROAD","SIDESWIPE SAME DIRECTION","OTHER",,"CURVE, LEVEL","WET","NO DEFECTS","ON SCENE","NO INJURY / DRIVE AWAY",,,,"OVER $1,500","2024-11-18T18:39:00.000","DRIVING SKILLS/KNOWLEDGE/EXPERIENCE","FAILING TO YIELD RIGHT-OF-WAY","3","W","TERMINAL ST","1653",,,,,,,"2.0","11","NO INDICATION OF INJURY","0.0","0","0","0","0","2","0","18","2","X003652910",,,
"9b3d170b4a652a9a0c976e76504d08b4cc73251890d60d111372caacee1fda8aa6cb20b888769085692ae8eb56e13e6ce2c246b64ced3eb992e6e29f7843e055",,"2020-08-28T16:50:00.000","25","NO CONTROLS","NOT FUNCTIONING","CLEAR","DAYLIGHT","SIDESWIPE SAME DIRECTION","ONE-WAY",,"STRAIGHT AND LEVEL","DRY","NO DEFECTS","ON SCENE","NO INJURY / DRIVE AWAY",,,,"$501 - $1,500","2020-08-28T16:55:00.000","FAILING TO YIELD RIGHT-OF-WAY","IMPROPER LANE USAGE","2","W","TERMINAL ST","1652",,,,,,,"2.0","8","NO INDICATION OF INJURY","0.0","0","0","0","0","2","0","16","6","X002000728",,,
"45d5d40cb5922a86f4d24811704bac5b971cad57f44632a07b8c5f205451f01ee8b6a7e2bdb30cbe33c2488d77d3a486025b2617f15d181f8b491afeca395f02",,"2020-11-16T12:00:00.000","55","NO CONTROLS","NO CONTROLS","CLEAR","DAYLIGHT","SIDESWIPE SAME DIRECTION","DIVIDED - W/MEDIAN BARRIER",,"STRAIGHT AND LEVEL","DRY","NO DEFECTS","NOT ON SCENE (DESK REPORT)","NO INJURY / DRIVE AWAY",,,,"$501 - $1,500","2020-11-16T13:20:00.000","UNABLE TO DETERMINE","NOT APPLICABLE","10400","S","CHICAGO SKYWAY OB","432",,,,,,,"2.0","11","NO INDICATION OF INJURY","0.0","0","0","0","0","2","0","12","2","X002075608",,,
"4db4e31511d31135757df22fe5d9a8480122a94fd0d9b5398f2cfdaa1c84b32f1dda6828c8587dff43b9d54564c1b3a735233baf4882b294eddf66eba67710f3",,"2020-10-01T11:30:00.000","30","UNKNOWN","NO CONTROLS","CLEAR","DAYLIGHT","REAR END","ONE-WAY",,"STRAIGHT AND LEVEL","DRY","UNKNOWN","ON SCENE","NO INJURY / DRIVE AWAY",,,,"$501 - $1,500","2020-10-01T11:31:00.000","NOT APPLICABLE","NOT APPLICABLE","7828","S","KINGSTON AVE","421",,,,,,,"2","10","NO INDICATION OF INJURY","0","0","0","0","0","2","0","11","5","X002032017","41.7527129245","-87.5627623306","POINT (-87.562762330623 41.75271292448)"
"d21dc0ee959cf8f6477ec76ae0c94c1021962c8ae1993db1d8247c558fa6f269e34f323dd9da7fc14631024f64fb2ab22086300d6e08b1062b222d009c68f554","Y","2020-09-17T11:13:00.000","30","NO CONTROLS","NO CONTROLS","CLEAR","DAYLIGHT","PARKED MOTOR VEHICLE","NOT DIVIDED",,"STRAIGHT AND LEVEL","DRY","NO DEFECTS","NOT ON SCENE (DESK REPORT)","NO INJURY / DRIVE AWAY",,,"Y","$500 OR LESS","2020-09-28T10:47:00.000","UNABLE TO DETERMINE","NOT APPLICABLE","257","N","KOLMAR AVE","1113",,,,,,,"2.0","9","NO INDICATION OF INJURY","0.0","0","0","0","0","1","0","11","5","X002028559",,,
"c7c03c5ce1c9f493e620da7e3ec03f4f258d65bc6fa42bd752ad5b5ddbcb7d413774a23b06eb633185f3a88ba724c38e310938bd4583f551a9d7de7c8855a78f",,"2020-09-29T13:50:00.000","30","TRAFFIC SIGNAL","FUNCTIONING PROPERLY","CLEAR","DAYLIGHT","TURNING","RAMP",,"STRAIGHT AND LEVEL","DRY","NO DEFECTS","NOT ON SCENE (DESK REPORT)","INJURY AND / OR TOW DUE TO CRASH",,,,"$501 - $1,500","2020-09-29T19:00:00.000","FAILING TO YIELD RIGHT-OF-WAY","FAILING TO YIELD RIGHT-OF-WAY","505","S","SACRAMENTO BLVD","1135",,,,,,,"2.0","9","REPORTED, NOT EVIDENT","2.0","0","0","0","2","1","0","13","3","X002029067",,,
"30a876c362e308700cf615c986ba067a58a4d8fd7c435cb3daedf40b6c5641131bba443715683563ed8ed262d2513edd948cfb08fa524dcf3d147843e397a689",,"2024-12-31T14:00:00.000","30","NO CONTROLS","NO CONTROLS","SNOW","DAYLIGHT","SIDESWIPE SAME DIRECTION","ONE-WAY",,"STRAIGHT ON GRADE","WET","NO DEFECTS","ON SCENE","NO INJURY / DRIVE AWAY",,,,"$501 - $1,500","2024-12-31T14:05:00.000","UNABLE TO DETERMINE","WEATHER","1","W","TERMINAL ST","1651",,,,,,,"2.0","12","NO INDICATION OF INJURY","0.0","0","0","0","0","3","0","14","3","X003677696",,,
"ff12bcd9d3d2e0ba3a53182b5341e68d6efaca3ad59f76fee86a6166f2924ad48476faad635ba1bf3ae2c1a1395eae31667ad73f6684ab76249568cbd5992b9e",,"2025-01-15T12:30:00.000","20","NO CONTROLS","NO CONTROLS","CLEAR","DAYLIGHT","PARKED MOTOR VEHICLE","NOT DIVIDED",,"STRAIGHT AND LEVEL","OTHER","NO DEFECTS","ON SCENE","INJURY AND / OR TOW DUE TO CRASH",,,,"$500 OR LESS","2025-01-15T12:36:00.000","DRIVING SKILLS/KNOWLEDGE/EXPERIENCE","DRIVING SKILLS/KNOWLEDGE/EXPERIENCE","502","W","OHARE ST","1653",,,,,,,"2.0","1","NONINCAPACITATING INJURY","3.0","0","0","2","1","0","0","12","4","X003693471",,,
"717547d9810523e2fcdca3ddcbfe9eaab51378b5eacba62c0d6eac0a2ce4b9e54c2ed014441857a55cd1ee264ae10b47c5bea28b901085bf113ea5c95f479f25",,"2024-12-10T04:35:00.000","30","TRAFFIC SIGNAL","FUNCTIONING PROPERLY","CLEAR","DARKNESS, LIGHTED ROAD","REAR END","DIVIDED - W/MEDIAN BARRIER",,"STRAIGHT AND LEVEL","DRY","UNKNOWN","ON SCENE","NO INJURY / DRIVE AWAY",,,,"$500 OR LESS","2024-12-10T04:38:00.000","UNABLE TO DETERMINE","NOT APPLICABLE","173","N","BESSIE COLEMAN DR","1654",,,,,,,"2.0","12","NO INDICATION OF INJURY","0.0","0","0","0","0","2","0","4","3","X003653958",,,
"9e92bff1a90a1e76b5fcf19489db9afa485212189326f535d00249bea5a3be2c4c007668fbe94618f405c0899751ccbba3479370e88e8e75657b1182954539db",,"2024-12-16T16:00:00.000","30","TRAFFIC SIGNAL","FUNCTIONING PROPERLY","CLEAR","DARKNESS, LIGHTED ROAD","REAR END","NOT DIVIDED",,"STRAIGHT AND LEVEL","DRY","NO DEFECTS","NOT ON SCENE (DESK REPORT)","NO INJURY / DRIVE AWAY",,,,"OVER $1,500","2024-12-16T18:35:00.000","FOLLOWING TOO CLOSELY","NOT APPLICABLE","3500","S","ST LOUIS AVE","911",,,,,,,"2.0","12","NO INDICATION OF INJURY","0.0","0","0","0","0","2","0","16","2","X003661054",,,
"204c3ca48ff3cdf0737e7f10b54ef5f8c49fbe30b5e53e53f11755039efb71f965386bae115439bdf7458b55ed9243e8ed673a46843038ef32b79a4a95ba7de6",,"2024-12-04T17:39:00.000","30","UNKNOWN","UNKNOWN","RAIN","DARKNESS, LIGHTED ROAD","TURNING","NOT DIVIDED",,"STRAIGHT AND LEVEL","WET","UNKNOWN","ON SCENE","NO INJURY / DRIVE AWAY",,,,"OVER $1,500","2024-12-04T17:55:00.000","FOLLOWING TOO CLOSELY","FAILING TO YIELD RIGHT-OF-WAY","199","E","BELLEVUE PL","1824",,,,,,,"2.0","12","NO INDICATION OF INJURY","0.0","0","0","0","0","2","0","17","4","X003647555",,,
"aec64a51c7edaef373b70e622fdb404afd8d9607bd2eecf9c7ac66e5ddf3d5f8cd775611fab54080f46b31b3e4b3f10cc5bac091d99c383f8140f9e5274a6088",,"2024-12-04T21:18:00.000","10","NO CONTROLS","NO CONTROLS","CLEAR","DARKNESS, LIGHTED ROAD","PARKED MOTOR VEHICLE","ONE-WAY",,"STRAIGHT AND LEVEL","DRY","NO DEFECTS","NOT ON SCENE (DESK REPORT)","NO INJURY / DRIVE AWAY",,,"Y","$501 - $1,500","2024-12-04T21:30:00.000","NOT APPLICABLE","NOT APPLICABLE","5","W","TERMINAL ST","1655",,,"N",,,,"2.0","12","NO INDICATION OF INJURY","0.0","0","0","0","0","2","0","21","4","X003650424",,,
"de68847775161093b92dd46abc0d8dec5f74fbefa99be7fc6f08275b99ac076022204dbb916c1ab316f1f78690453d433766d6f9178dfb7ad8d803d637978ac6",,"2024-11-26T04:13:00.000","30","NO CONTROLS","NO CONTROLS","CLEAR","DARKNESS, LIGHTED ROAD","OTHER OBJECT","PARKING LOT",,"STRAIGHT AND LEVEL","DRY","NO DEFECTS","ON SCENE","NO INJURY / DRIVE AWAY",,,,"$500 OR LESS","2024-11-26T04:30:00.000","UNABLE TO DETERMINE","UNABLE TO DETERMINE","524","W","OHARE ST","1654",,,,,,,"1.0","11","NO INDICATION OF INJURY","0.0","0","0","0","0","1","0","4","3","X003639345",,,
"a402532cef438b522af49248542dfbd7575aa1d239ebe0ce6eeea730b0f6fde5fec81962cf12c9f09f8bc76e5dcd30f8662d7e700a3c1bd4201ab45e81db3be1",,"2017-09-12T10:10:00.000","5","NO CONTROLS","NO CONTROLS","CLEAR","DAYLIGHT","REAR END","DIVIDED - W/MEDIAN BARRIER","10","STRAIGHT AND LEVEL","DRY","NO DEFECTS","ON SCENE","INJURY AND / OR TOW DUE TO CRASH",,,,"OVER $1,500","2017-09-12T10:10:00.000","FOLLOWING TOO CLOSELY","NOT APPLICABLE","8801","S","CHICAGO SKYWAY IB","423",,,,,,,"2.0","9","NO INDICATION OF INJURY","0.0","0","0","0","0","2","0","10","3","X000906202",,,
"7f4e4b8b96672fdb694cc37df2208922949e34442b82918e279306d0e87106d925a2dc05d14e0a330318dddeca77c116e443a046b2167e92524f695b01737a89",,"2024-12-11T07:31:00.000","35","OTHER WARNING SIGN","FUNCTIONING PROPERLY","CLOUDY/OVERCAST","DAYLIGHT","SIDESWIPE SAME DIRECTION","DIVIDED - W/MEDIAN BARRIER",,"CURVE, LEVEL","DRY","NO DEFECTS","ON SCENE","NO INJURY / DRIVE AWAY",,,,"OVER $1,500","2024-12-11T07:32:00.000","IMPROPER LANE USAGE","UNABLE TO DETERMINE","8801","S","CHICAGO SKYWAY IB","423",,,,,,,"2.0","12","NO INDICATION OF INJURY","0.0","0","0","0","0","2","0","7","4","X003654825",,,
"75a9766e0a8a7657e0f218ba8f3070fb00d08d67df7e159f18773ad7a6bd2d75e9739d13d26b7824feeb72dd6006f818f261350ede6f3e1efa298e95abf41c54",,"2017-09-09T14:24:00.000","30","TRAFFIC SIGNAL","FUNCTIONING PROPERLY","CLEAR","DAYLIGHT","TURNING","OTHER",,"CURVE ON GRADE","DRY","NO DEFECTS","NOT ON SCENE (DESK REPORT)","INJURY AND / OR TOW DUE TO CRASH","Y",,,"$501 - $1,500","2017-09-09T14:26:00.000","FAILING TO YIELD RIGHT-OF-WAY","DRIVING SKILLS/KNOWLEDGE/EXPERIENCE","1732","N","LA SALLE DR","1814",,,,,,,"2.0","9","INCAPACITATING INJURY","1.0","0","1","0","0","3","0","14","7","X000903396",,,
"3a14f1d082ec505b497d6f6a709e07a17b2fe5745867d6f383440ee10423065506935cc0d0c577845de0ab7ca9bf6a91cf2243af81ef618ec84757e8c213abb4",,"2020-09-25T23:46:00.000","30","TRAFFIC SIGNAL","FUNCTIONING PROPERLY","CLEAR","DARKNESS, LIGHTED ROAD","FIXED OBJECT","FOUR WAY",,"STRAIGHT AND LEVEL","DRY","NO DEFECTS","ON SCENE","INJURY AND / OR TOW DUE TO CRASH","Y",,,"OVER $1,500","2020-09-25T23:46:00.000","OPERATING VEHICLE IN ERRATIC, RECKLESS, CARELESS, NEGLIGENT OR AGGRESSIVE MANNER","OPERATING VEHICLE IN ERRATIC, RECKLESS, CARELESS, NEGLIGENT OR AGGRESSIVE MANNER","6298","S","LAKE SHORE DR","331",,,,,,,"1.0","9","INCAPACITATING INJURY","2.0","0","2","0","0","0","0","23","6","X002025926",,,
"b3f4940c16d430e8c44066fc02f58036b1b649ba153547c419048220984f13a0caf67f66ac7fc899c872d2244fa293b59ba8308db2ae44f0a2acd9079fd5bdd9",,"2020-09-25T23:20:00.000","40","TRAFFIC SIGNAL","FUNCTIONING PROPERLY","CLEAR","DARKNESS, LIGHTED ROAD","TURNING","T-INTERSECTION",,"STRAIGHT AND LEVEL","DRY","UNKNOWN","ON SCENE","NO INJURY / DRIVE AWAY","Y",,"Y","OVER $1,500","2020-09-25T23:26:00.000","DISREGARDING TRAFFIC SIGNALS","NOT APPLICABLE","2","W","CITY TOWER ST","1654",,"N",,,,,"2.0","9","NO INDICATION OF INJURY","0.0","0","0","0","0","2","0","23","6","X002025824",,,
"1645862886f909302f065d2d117af06e3a614d92ab5547fda2d9654b658449a81d9aab9c8b4eb06a6348453803ace86c8513a40d8db35ef1cef2a049eadebec1",,"2020-10-07T06:00:00.000","25","NO CONTROLS","NO CONTROLS","CLEAR","DAYLIGHT","FIXED OBJECT","PARKING LOT",,"STRAIGHT AND LEVEL","DRY","NO DEFECTS","NOT ON SCENE (DESK REPORT)","NO INJURY / DRIVE AWAY",,,,"OVER $1,500","2020-10-09T05:05:00.000","FOLLOWING TOO CLOSELY","DRIVING SKILLS/KNOWLEDGE/EXPERIENCE","93","N","BESSIE COLEMAN DR","1654",,,,,,,"1.0","10","NO INDICATION OF INJURY","0.0","0","0","0","0","1","0","6","4","X002038489",,,
"c1469e24ebe29a9800e34b292c7e22a48b5a7a8417d9e3f159b479022b0eff4feb6b3aedcebc935b6dae31f2c6afce522cdb9c58134cbb3ede1ec076c95b3bcc",,"2020-10-16T14:45:00.000","30","TRAFFIC SIGNAL","FUNCTIONING PROPERLY","CLEAR","DAYLIGHT","TURNING","DIVIDED - W/MEDIAN (NOT RAISED)",,"STRAIGHT AND LEVEL","DRY","NO DEFECTS","NOT ON SCENE (DESK REPORT)","NO INJURY / DRIVE AWAY","Y",,,"$501 - $1,500","2020-10-16T16:00:00.000","UNABLE TO DETERMINE","NOT APPLICABLE","342","N","LOWER COLUMBUS DR","114",,,,,,,"2.0","10","NO INDICATION OF INJURY","0.0","0","0","0","0","2","0","14","6","X002045214",,,
"c790106494e4468bb6f62dfad8d06d593470c3628badf5784c4b6685b3da84b9e73a61792047dbd8b171cd25212b1b630628411c5f1b71994e2c9d3248eced9a",,"2020-10-24T22:56:00.000","30","UNKNOWN","UNKNOWN","UNKNOWN","DARKNESS, LIGHTED ROAD","TURNING","T-INTERSECTION",,"STRAIGHT AND LEVEL","UNKNOWN","UNKNOWN","NOT ON SCENE (DESK REPORT)","NO INJURY / DRIVE AWAY","Y",,"Y","$501 - $1,500","2020-10-24T23:45:00.000","UNABLE TO DETERMINE","NOT APPLICABLE","1756","S","CENTRAL PARK AVE","1014",,,,,,,"2.0","10","NO INDICATION OF INJURY","0.0","0","0","0","0","2","0","22","7",,,,
"4f29a43ccb973d0daff6d0468f1bd6730b57426451fd3790c2d25084070062f3ddcafe818c98a3c548856e931d2b575859d7ca3764ddf90139c830732d69d9bd",,"2020-10-13T16:00:00.000","45","NO CONTROLS","NO CONTROLS","CLEAR","DAYLIGHT","TURNING","DIVIDED - W/MEDIAN BARRIER",,"STRAIGHT AND LEVEL","DRY","NO DEFECTS","ON SCENE","NO INJURY / DRIVE AWAY",,,,"$501 - $1,500","2020-10-13T16:05:00.000","IMPROPER LANE USAGE","NOT APPLICABLE","4331","N","MANNHEIM RD","1654",,,,,,,"2.0","10","NO INDICATION OF INJURY","0.0","0","0","0","0","2","0","16","3","X002042585",,,
"ebae672487a87765f0d3b2ff240bc826c674ab754b70130690b5a90e2b2edb09b16a28cd37a184b36421867f04263dabac3d927c6e4eb4f31a6966d29ff9ce34",,"2020-09-25T23:10:00.000","30","NO CONTROLS","NO CONTROLS","CLEAR","DARKNESS, LIGHTED ROAD","SIDESWIPE SAME DIRECTION","NOT DIVIDED",,"STRAIGHT AND LEVEL","UNKNOWN","UNKNOWN","NOT ON SCENE (DESK REPORT)","NO INJURY / DRIVE AWAY",,,,"OVER $1,500","2020-09-26T00:30:00.000","FAILING TO YIELD RIGHT-OF-WAY","IMPROPER OVERTAKING/PASSING","1933","S","CANAL ST","1235",,,,,,,"3.0","9","NO INDICATION OF INJURY","0.0","0","0","0","0","4","0","23","6","X002025885",,,
"8995fac8cfd06b348e9181f93cea27d19e84e6c37c9a3acc4a3a80d7d17d70425827f06b1d99a200c657e06f06ce1e2c9feff5fa228c7803ac26e2832f610e57",,"2020-11-07T05:15:00.000","35","TRAFFIC SIGNAL","FUNCTIONING PROPERLY","CLEAR","DAWN","REAR END","NOT DIVIDED",,"STRAIGHT AND LEVEL","DRY","NO DEFECTS","ON SCENE","NO INJURY / DRIVE AWAY",,,,"$501 - $1,500","2020-11-07T05:23:00.000","NOT APPLICABLE","NOT APPLICABLE","13000","S","STONY ISLAND AVE","434",,,,,,,"2.0","11","NO INDICATION OF INJURY","0.0","0","0","0","0","2","0","5","7","X002065726",,,
"0440b926d966e9048ad939d73a2cf3cdcea53ce9f1eb0268dc095f5aafb9cffdb617a2cddf6aadce17726f0eba3f941e4a90a7990cc265f5469f3c0ddc819706",,"2024-12-01T01:37:00.000","45","NO CONTROLS","NO CONTROLS","CLEAR","DARKNESS, LIGHTED ROAD","FIXED OBJECT","OTHER",,"STRAIGHT AND LEVEL","DRY","NO DEFECTS","ON SCENE","INJURY AND / OR TOW DUE TO CRASH",,,,"OVER $1,500","2024-12-01T02:06:00.000","IMPROPER OVERTAKING/PASSING","IMPROPER LANE USAGE","9900","S","CHICAGO SKYWAY OB","432",,,,,,,"1.0","12","NO INDICATION OF INJURY","0.0","0","0","0","0","2","0","1","1","X003643501",,,
"d4a6c7caa798582eb4f4c28fcfd340b9dd5c1bb15c2377bdda3e1c160b27b0895c9033efc0b56aaaa2084f82911975d62f9ff89ca412bd38af49b1395d643750",,"2024-12-11T17:40:00.000","30","TRAFFIC SIGNAL","FUNCTIONING PROPERLY","CLEAR","DARKNESS, LIGHTED ROAD","TURNING","DIVIDED - W/MEDIAN BARRIER",,"STRAIGHT AND LEVEL","DRY","NO DEFECTS","NOT ON SCENE (DESK REPORT)","NO INJURY / DRIVE AWAY",,,"Y","OVER $1,500","2024-12-11T17:58:00.000","IMPROPER TURNING/NO SIGNAL","NOT APPLICABLE","1798","S","KEDZIE AVE","1022",,,,,,,"2.0","12","NO INDICATION OF INJURY","0.0","0","0","0","0","2","0","17","4","X003655296",,,
"d117ce008e9e2cd8205bdd65e577e24afa6b86a5fb112bd04647f430b74a05228f1fceb48aad08ea23a63e840f16d8c950279e6e39bb18f364f32c4bd3e005c6",,"2024-11-28T12:43:00.000","25","FLASHING CONTROL SIGNAL","FUNCTIONING PROPERLY","CLEAR","DAYLIGHT","REAR END","T-INTERSECTION",,"STRAIGHT AND LEVEL","DRY","NO DEFECTS","ON SCENE","INJURY AND / OR TOW DUE TO CRASH","Y",,,"OVER $1,500","2024-11-28T13:00:00.000","IMPROPER LANE USAGE","FOLLOWING TOO CLOSELY","3","W","OHARE ST","1654",,,,,,,"3.0","11","REPORTED, NOT EVIDENT","1.0","0","0","0","1","2","0","12","5","X003641357",,,
"2fda7629b45cc11be25988913bbd2a2d834e319a59ff3bafbc234fb9090c34b0e254a732b56cdb3d177440bcc4556e801da4f2b9bc83e7555bff68c5fc96218c",,"2024-12-18T20:30:00.000","30","NO CONTROLS","NO CONTROLS","CLEAR","DARKNESS, LIGHTED ROAD","REAR END","DIVIDED - W/MEDIAN (NOT RAISED)",,"STRAIGHT AND LEVEL","DRY","NO DEFECTS",,"NO INJURY / DRIVE AWAY",,,,"OVER $1,500","2024-12-18T21:30:00.000","UNABLE TO DETERMINE","NOT APPLICABLE","4660","S","LA SALLE ST","215",,,,,,,"2.0","12","NO INDICATION OF INJURY","0.0","0","0","0","0","2","0","20","4","X003663915",,,
"ee7f13ba4959343fe2ed6e8d5378ecdc06fe3ab8e538b29913e4966618b3eba152e34ca78f74131aea1a17025ffb96252f1fafe04f092122effb63a50b55b5d6",,"2024-12-13T10:12:00.000","30","STOP SIGN/FLASHER","FUNCTIONING PROPERLY","CLEAR","DAYLIGHT","TURNING","NOT DIVIDED",,"STRAIGHT AND LEVEL","DRY","NO DEFECTS","ON SCENE","INJURY AND / OR TOW DUE TO CRASH",,,,"OVER $1,500","2024-12-13T10:12:00.000","UNABLE TO DETERMINE","NOT APPLICABLE","895","W","OHARE ST","1654",,,,,,,"2.0","12","NO INDICATION OF INJURY","0.0","0","0","0","0","2","0","10","6","X003658174",,,
"c7c6c95acf7954cb6a8b41c44ff8510a4f1373f52bf01a4436379f76bf69cd43b976490a6525612d551b26191ca22b0bbf399098155ae4d0c201c610e5dd4172",,"2024-12-10T19:50:00.000","30","STOP SIGN/FLASHER","FUNCTIONING PROPERLY","CLEAR","DARKNESS, LIGHTED ROAD","TURNING","DIVIDED - W/MEDIAN (NOT RAISED)",,"STRAIGHT AND LEVEL","DRY","NO DEFECTS","ON SCENE","INJURY AND / OR TOW DUE TO CRASH",,,,"$501 - $1,500","2024-12-10T20:53:00.000","NOT APPLICABLE","NOT APPLICABLE","2812","N","KIMBALL AVE","1412",,,,,,,"2.0","12","NO INDICATION OF INJURY","0.0","0","0","0","0","2","0","19","3","X003654228",,,
"5f0c2b4d32435f5bc53f225297348cfa22cf9ea1d1a14b82867088375ebe54df10f6e3e4ca46ebc08cba6acb41915c4237bb6f5ec47e5aecb53308ae116990c5",,"2024-11-22T19:20:00.000","35","NO CONTROLS","NO CONTROLS","CLEAR","DARKNESS, LIGHTED ROAD","REAR END","DIVIDED - W/MEDIAN BARRIER",,"STRAIGHT AND LEVEL","DRY","NO DEFECTS","ON SCENE","NO INJURY / DRIVE AWAY",,,,"OVER $1,500","2024-11-22T19:33:00.000","FOLLOWING TOO CLOSELY","NOT APPLICABLE","102","W","I190 EXPY","1654",,,,,,,"2.0","11","NO INDICATION OF INJURY","0.0","0","0","0","0","2","0","19","6","X003635297",,,