"crash_record_id","crash_date_est_i","crash_date","posted_speed_limit","traffic_control_device","device_condition","weather_condition","lighting_condition","first_crash_type","trafficway_type","lane_cnt","alignment","roadway_surface_cond","road_defect","report_type","crash_type","intersection_related_i","private_property_i","hit_and_run_i","damage","date_police_notified","prim_contributory_cause","sec_contributory_cause","street_no","street_direction","street_name","beat_of_occurrence","photos_taken_i","statements_taken_i","dooring_i","work_zone_i","work_zone_type","workers_present_i","num_units","crash_month","most_severe_injury","injuries_total","injuries_fatal","injuries_incapacitating","injuries_non_incapacitating","injuries_reported_not_evident","injuries_no_indication","injuries_unknown","crash_hour","crash_day_of_week","idot_control_no","latitude","longitude","location"
"991590d1212b3d848fa4a675030eb825eea5e764179988fcdd45f32efe968280d0add39b343e879a7e5740be75caf80c59e55a556775c87d4ef5a8b3e52b688e",,"2024-12-11T17:25:00.000","25","NO CONTROLS","NO CONTROLS","CLEAR","DARKNESS, LIGHTED ROAD","SIDESWIPE SAME DIRECTION","PARKING LOT",,"STRAIGHT AND LEVEL","DRY","NO DEFECTS","NOT ON SCENE (DESK REPORT)","NO INJURY / DRIVE AWAY",,,,"$501 - $1,500","2024-12-11T18:00:00.000","IMPROPER LANE USAGE","FAILING TO YIELD RIGHT-OF-WAY","10200","W","BALMORAL AVE","1654",,,,,,,"2.0","12","NO INDICATION OF INJURY","0.0","0","0","0","0","2","0","17","4","X003655221",,,
"4ecf2ece17c15d1dd082e60d1f84d846d67a66716c54da011a12cfca0acec1935efd8b2b3a5dfbfee0e64e9c5bc9c80911879364526d4fb04a74dbe02324b9c1",,"2017-09-12T21:15:00.000","25","STOP SIGN/FLASHER","FUNCTIONING PROPERLY","CLEAR","DARKNESS, LIGHTED ROAD","SIDESWIPE SAME DIRECTION","ONE-WAY","3","STRAIGHT AND LEVEL","DRY","NO DEFECTS","NOT ON SCENE (DESK REPORT)","NO INJURY / DRIVE AWAY",,,,"$501 - $1,500","2017-09-16T05:15:00.000","EXCEEDING SAFE SPEED FOR CONDITIONS","FAILING TO REDUCE SPEED TO AVOID CRASH","1","W","TERMINAL ST","1651",,,,,,,"2.0","9","NO INDICATION OF INJURY","0.0","0","0","0","0","2","0","21","3","X000909902",,,
"ef3bec32ff3e7f66277a9c8835da0a5f39646117bbedcf4bcc0b7819a18c90c10e1d536c21f2a43aa8d0bd01d5a738ee29632b5d6d46dd20240c2ab59e1ff9ef",,"2024-12-14T09:52:00.000","40","NO CONTROLS","NO CONTROLS","CLEAR","DAYLIGHT","PARKED MOTOR VEHICLE","NOT DIVIDED",,"STRAIGHT AND LEVEL","DRY","NO DEFECTS","ON SCENE","NO INJURY / DRIVE AWAY",,,"Y","$500 OR LESS","2024-12-14T10:15:00.000","UNABLE TO DETERMINE","NOT APPLICABLE","13000","S","BRAINARD AVE","433",,,,,,,"2.0","12","NO INDICATION OF INJURY","0.0","0","0","0","0","1","0","9","7","X003658238",,,
"0c2f8ddc39715fd8faf1a32ac5564ac7a8b0b9c3d1bd1b75f026c68fd4bdad1003862a642c211516b882f1eac65d0f000b2f2ce0de0802ed2f9b4ec1d42a34cf",,"2024-12-11T01:00:00.000","10","NO CONTROLS","NO CONTROLS","CLEAR","DARKNESS, LIGHTED ROAD","REAR TO SIDE","PARKING LOT",,"STRAIGHT AND LEVEL","DRY","NO DEFECTS","ON SCENE","NO INJURY / DRIVE AWAY",,,,"OVER $1,500","2024-12-11T01:00:00.000","UNABLE TO DETERMINE","UNABLE TO DETERMINE","502","W","OHARE ST","1653",,,,"N",,,"2.0","12","NO INDICATION OF INJURY","0.0","0","0","0","0","2","0","1","4","X003654291",,,
"37a215843a67b9d2118972242e0ab68232583ffe20401f100ee4de7b8087481f8094ebd7ad6468417477c1b82dec3081b52b429cad17b9954f1ac390e4b5d705",,"2020-10-18T15:58:00.000","35","NO CONTROLS","NO CONTROLS","RAIN","DAYLIGHT","FIXED OBJECT","DIVIDED - W/MEDIAN BARRIER",,"CURVE, LEVEL","WET","NO DEFECTS","ON SCENE","INJURY AND / OR TOW DUE TO CRASH",,,,"OVER $1,500","2020-10-18T16:22:00.000","WEATHER","NOT APPLICABLE","3499","E","89TH ST","424",,,,,,,"1.0","10","NO INDICATION OF INJURY","0.0","0","0","0","0","1","0","15","1","X002046552",,,
"e21dd607119aeaeb76348a95bfd868af12180a368bb6320f0fc39f84f0ade0da5a976ed2041807ec9e74bceeccc2b705d9d59d54849e4e0d5b57db7ff60841f0",,"2020-10-25T16:07:00.000","30","NO CONTROLS","NO CONTROLS","CLEAR","DAYLIGHT","TURNING","NOT DIVIDED",,"STRAIGHT AND LEVEL","DRY","NO DEFECTS",,"NO INJURY / DRIVE AWAY",,,,"$501 - $1,500","2020-10-25T16:44:00.000","NOT APPLICABLE","NOT APPLICABLE","5149","S","ARCHER AVE","815",,,,,,,"2","10","NO INDICATION OF INJURY","0","0","0","0","0","3","0","16","1","X002053064","41.8002871214","-87.7318520907","POINT (-87.731852090742 41.800287121413)"
"9265129261ac2cabfd7563c22f3220408affac29a690e059f54c96c913bd31da6872950fa7604e62ef0646c4d856a76b47c2c5684fe8b706d562b685f6e0bb62",,"2020-10-17T10:20:00.000","15","NO CONTROLS","NO CONTROLS","CLEAR","DAYLIGHT","PARKED MOTOR VEHICLE","ALLEY",,"STRAIGHT AND LEVEL","DRY","NO DEFECTS","ON SCENE","NO INJURY / DRIVE AWAY",,,,"OVER $1,500","2020-10-17T10:30:00.000","UNABLE TO DETERMINE","UNABLE TO DETERMINE","1835","S","MAY ST","1235",,,,,,,"2","10","NO INDICATION OF INJURY","0","0","0","0","0","1","0","10","7","X002045672","41.8568930658","-87.6546733266","POINT (-87.654673326553 41.856893065757)"
"c3bc69e35882de452b0d395a5c8f54f468e35945c21212b07d787bc56ef9158dd61d9b94cc3069670022c0c70a46d7e496ea2ac08df2d868a4eb22f299b9e033",,"2020-10-08T15:00:00.000","10","NO CONTROLS","FUNCTIONING PROPERLY","CLEAR","DAYLIGHT","PARKED MOTOR VEHICLE","PARKING LOT",,"STRAIGHT AND LEVEL","DRY","NO DEFECTS","ON SCENE","NO INJURY / DRIVE AWAY",,,"Y","$500 OR LESS","2020-10-08T15:00:00.000","UNABLE TO DETERMINE","UNABLE TO DETERMINE","1","W","PARKING LOT A ST","1654",,"Y",,,,,"2.0","10","NO INDICATION OF INJURY","0.0","0","0","0","0","1","0","15","5","X002038088",,,
"cf61b55eef26e82ec7a7befbe052a226e9df9301304c79e2f3aae5b115d18e5d1baa5cd5c167970d0fc453cc059a1b8f02f9f82b1060a7a7a505f5da5295bdfb",,"2020-10-01T21:22:00.000","15","NO CONTROLS","NO CONTROLS","CLEAR","DARKNESS, LIGHTED ROAD","PARKED MOTOR VEHICLE","ONE-WAY",,"STRAIGHT AND LEVEL","DRY","NO DEFECTS","ON SCENE","NO INJURY / DRIVE AWAY",,,,"$500 OR LESS","2020-10-01T21:23:00.000","IMPROPER OVERTAKING/PASSING","NOT APPLICABLE","412","W","OHARE ST","1654",,"Y",,,,,"2.0","10","NO INDICATION OF INJURY","0.0","0","0","0","0","1","0","21","5","X002032925",,,
"8d7cf36fe38d670f3e80e63d14317ba36d5b708c1fb5d6cbe7a2d6849332d62311ab6cbdd1a0d692f1dd40e3455725824096f8ce40d8da01773d9057054176f8",,"2020-10-07T13:55:00.000","45","NO CONTROLS","NO CONTROLS","CLEAR","DAYLIGHT","FIXED OBJECT","DIVIDED - W/MEDIAN BARRIER",,"STRAIGHT ON GRADE","DRY","NO DEFECTS","ON SCENE","INJURY AND / OR TOW DUE TO CRASH",,,"N","OVER $1,500","2020-10-07T13:57:00.000","UNABLE TO DETERMINE","UNABLE TO DETERMINE","6700","S","CHICAGO SKYWAY OB","322",,,,,,,"1.0","10","NO INDICATION OF INJURY","0.0","0","0","0","0","1","0","13","4","X002037126",,,
"130bacb4ecff1625e8cb92c310cbf52edd35a8eff7d45ea0aca3e278e3fa6386462b144961317b6cb02e4ac2d2543b9f3ea8d53aa98b8ac929adb3f19ff7138f",,"2024-11-27T05:55:00.000","15","NO CONTROLS","NO CONTROLS","CLEAR","DARKNESS, LIGHTED ROAD","REAR TO FRONT","PARKING LOT",,"STRAIGHT AND LEVEL","UNKNOWN","NO DEFECTS",,"NO INJURY / DRIVE AWAY",,,,"OVER $1,500","2024-11-30T11:45:00.000","VISION OBSCURED (SIGNS, TREE LIMBS, BUILDINGS, ETC.)","UNABLE TO DETERMINE","537","W","OHARE ST","1654",,,,,,,"2.0","11","NO INDICATION OF INJURY","0.0","0","0","0","0","2","0","5","4","X003642212",,,
"fa9db9b9c04592c6b5375828087977a54b433b1f41269c4f72787db69f08ea93c4811d3d73f673fe637dc243dace5163d1c794d498447ffeedc0cef39bc094a2",,"2024-11-20T21:30:00.000","5","NO CONTROLS","NO CONTROLS","RAIN","DARKNESS, LIGHTED ROAD","REAR END","ONE-WAY",,"STRAIGHT AND LEVEL","WET","NO DEFECTS","NOT ON SCENE (DESK REPORT)","NO INJURY / DRIVE AWAY",,,,"OVER $1,500","2024-11-21T21:30:00.000","FOLLOWING TOO CLOSELY","UNABLE TO DETERMINE","10000","W","BALMORAL AVE","1654",,,,,,,"2.0","11","NO INDICATION OF INJURY","0.0","0","0","0","0","2","0","21","4","X003633521",,,
"d96aa33496e7ffb6e7898320807c83acaa209874e0e1886f919c01fae13caafd69401c3500081d6217d2fc82ba8abf7b5a21668c93480e8655cbf949e9b70755",,"2024-12-14T19:10:00.000","10","TRAFFIC SIGNAL","FUNCTIONING PROPERLY","RAIN","DARKNESS, LIGHTED ROAD","TURNING","FOUR WAY",,"STRAIGHT AND LEVEL","WET","NO DEFECTS","ON SCENE","INJURY AND / OR TOW DUE TO CRASH","Y",,,"OVER $1,500","2024-12-14T19:15:00.000","FAILING TO YIELD RIGHT-OF-WAY","DRIVING SKILLS/KNOWLEDGE/EXPERIENCE","10200","W","BALMORAL AVE","1654",,,,,,,"2.0","12","NONINCAPACITATING INJURY","1.0","0","0","1","0","1","0","19","7","X003658681",,,
"d0389fff12256d2f0c3be36977aaea96ac6b94ae7cad3681ce3986c0a7dfcba8caf20c567760881e6d010d980e658195470b6649a3baf68827192f78fbc3d097",,"2024-12-12T20:00:00.000","30","NO CONTROLS","NO CONTROLS","CLEAR","DARKNESS, LIGHTED ROAD","SIDESWIPE SAME DIRECTION","ONE-WAY",,"STRAIGHT AND LEVEL","DRY","NO DEFECTS","ON SCENE","NO INJURY / DRIVE AWAY",,,,"OVER $1,500","2024-12-12T20:05:00.000","UNABLE TO DETERMINE","NOT APPLICABLE","2","W","TERMINAL ST","1652",,,,,,,"2.0","12","NO INDICATION OF INJURY","0.0","0","0","0","0","2","0","20","5","X003658477",,,
"1abae95d18129ed38dd533183ef30c7665efeea773e3a94ba5750ab24cf1169f007c8257ccfd09ab0c8d142d07869d6e1101e97a08c164472bab3496c3dfbd63",,"2024-12-01T19:00:00.000","20","NO CONTROLS","NO CONTROLS","CLEAR","DARKNESS, LIGHTED ROAD","SIDESWIPE OPPOSITE DIRECTION","ONE-WAY",,"STRAIGHT AND LEVEL","DRY","NO DEFECTS","NOT ON SCENE (DESK REPORT)","NO INJURY / DRIVE AWAY",,,,"$501 - $1,500","2024-12-01T23:15:00.000","IMPROPER BACKING","NOT APPLICABLE","10000","W","BALMORAL AVE","1654",,,,,,,"2.0","12","NO INDICATION OF INJURY","0.0","0","0","0","0","2","0","19","1","X003649929",,,
"2e97435c17786a05506c3c97d65a692438e2f52897920380338143c7148c75299597647572c0c89d47ca9ea370b4af9ab4451522b242b13f7c814f0d6fa039fb",,"2024-12-10T00:38:00.000","30","NO CONTROLS","NO CONTROLS","CLEAR","DARKNESS, LIGHTED ROAD","SIDESWIPE SAME DIRECTION","ONE-WAY",,"STRAIGHT AND LEVEL","DRY","UNKNOWN","ON SCENE","NO INJURY / DRIVE AWAY",,,,"OVER $1,500","2024-12-10T00:38:00.000","UNABLE TO DETERMINE","NOT APPLICABLE","3","W","TERMINAL ST","1653",,,,,,,"2.0","12","NO INDICATION OF INJURY","0.0","0","0","0","0","2","0","0","3","X003653032",,,
"b1ab33395258964df0aa97c8f9518497f5574e9bceff674a015cffec208963ba1729b8e8ff084c45e637ffacfbc582003c3ca44868a92c3cd18288175fc3c7f0",,"2024-12-03T06:13:00.000","20","NO CONTROLS","NO CONTROLS","CLEAR","DARKNESS, LIGHTED ROAD","SIDESWIPE SAME DIRECTION","ONE-WAY",,"STRAIGHT AND LEVEL","DRY","NO DEFECTS","ON SCENE","NO INJURY / DRIVE AWAY",,,,"OVER $1,500","2024-12-03T06:13:00.000","UNABLE TO DETERMINE","NOT APPLICABLE","3","W","TERMINAL ST","1653",,"Y",,,,,"2.0","12","NO INDICATION OF INJURY","0.0","0","0","0","0","3","0","6","3","X003645410",,,
"3b5cf33bbe5ff261204e5bc9db6ad6f7fe244e5fb4cea76ca4efa98981a5abc8571fc9037057e5044c8ef36d96558ed35e04b29b581ec462bedb8934b1266084",,"2024-11-27T20:10:00.000","25","TRAFFIC SIGNAL","FUNCTIONING PROPERLY","CLEAR","DARKNESS, LIGHTED ROAD","TURNING","NOT DIVIDED",,"STRAIGHT AND LEVEL","DRY","NO DEFECTS","NOT ON SCENE (DESK REPORT)","INJURY AND / OR TOW DUE TO CRASH","Y",,,"OVER $1,500","2024-11-28T12:20:00.000","FOLLOWING TOO CLOSELY","FAILING TO YIELD RIGHT-OF-WAY","530","N","COLUMBUS DR","1834",,,,,,,"2.0","11","NO INDICATION OF INJURY","0.0","0","0","0","0","2","0","20","4","X003640761",,,
"59a9d094ef891873e5d209f5976c5bdaa177c64d64cc5589a01de3c3914e5d5fb42fafb261d0edc9815a013d6dc7791511c8abadfae08465305f4d669cdcb7fd",,"2024-11-17T19:15:00.000","25","NO CONTROLS","NO CONTROLS","RAIN","DARKNESS, LIGHTED ROAD","SIDESWIPE SAME DIRECTION","OTHER",,"STRAIGHT AND LEVEL","WET","NO DEFECTS",,"INJURY AND / OR TOW DUE TO CRASH",,,,"OVER $1,500","2024-11-17T19:19:00.000","FAILING TO YIELD RIGHT-OF-WAY","DRIVING SKILLS/KNOWLEDGE/EXPERIENCE","162","N","BESSIE COLEMAN DR","1654",,,,,,,"2.0","11","NONINCAPACITATING INJURY","2.0","0","0","2","0","2","0","19","1","X003628814",,,
"bdd4bdc52568cbd030adde8017d983396b64c1f8fb418d0f9c075ae4a98bd6d2642231e2bb44a476a3eac3b483b44263ad740425fd0fe5abc249c689d4c2a217",,"2024-11-23T12:35:00.000","35","NO CONTROLS","NO CONTROLS","CLOUDY/OVERCAST","DAYLIGHT","SIDESWIPE SAME DIRECTION","ONE-WAY",,"STRAIGHT AND LEVEL","DRY","NO DEFECTS","ON SCENE","NO INJURY / DRIVE AWAY",,,,"OVER $1,500","2024-11-23T12:40:00.000","UNABLE TO DETERMINE","NOT APPLICABLE","5","W","TERMINAL ST","1655",,,,,,,"2.0","11","NO INDICATION OF INJURY","0.0","0","0","0","0","5","0","12","7","X003635298",,,
"fd609579d2195cab7170914d1bcf3ff2af7a6b29d8e8503e9b447eea88510ed4d7d229b5cdc3147e928a3e0824888eeb5765381b037e05e797ec434b40ba449f",,"2017-09-02T18:45:00.000","30","TRAFFIC SIGNAL","UNKNOWN","UNKNOWN","DUSK","PEDESTRIAN","NOT DIVIDED","4","STRAIGHT AND LEVEL","WET","NO DEFECTS","ON SCENE","INJURY AND / OR TOW DUE TO CRASH","Y",,,"$500 OR LESS","2017-09-02T18:45:00.000","FAILING TO YIELD RIGHT-OF-WAY","NOT APPLICABLE","530","N","COLUMBUS DR","1834",,,,,,,"2.0","9","NONINCAPACITATING INJURY","1.0","0","0","1","0","1","0","18","7","X000897198",,,
"d9fcabf5dfc55101544d680560bb2437c308e66c208836fe83ddb9df4ee8cdd8df581771310e2d42a7afcae34aa283ca560340c3eddb756682e933e42975d104",,"2024-12-26T12:01:00.000","20","NO CONTROLS","NO CONTROLS","RAIN","DAYLIGHT","PARKED MOTOR VEHICLE","OTHER",,"CURVE, LEVEL","WET","NO DEFECTS","ON SCENE","INJURY AND / OR TOW DUE TO CRASH",,,,"OVER $1,500","2024-12-26T12:10:00.000","NOT APPLICABLE","NOT APPLICABLE","2","W","TERMINAL ST","1652",,,,,,,"2.0","12","REPORTED, NOT EVIDENT","1.0","0","0","0","1","1","0","12","5","X003672448",,,
"6d82edcc08a272223309392385f85e456e9d9d2051e0ef5b74d85b9f59f9640e80a5f62c6273eba89c818233194311fc2f95fb665a45e8cc013950194b864fc2",,"2024-11-28T03:10:00.000","55","NO CONTROLS","NO CONTROLS","CLEAR","DARKNESS, LIGHTED ROAD","REAR END","DIVIDED - W/MEDIAN BARRIER",,"STRAIGHT ON GRADE","DRY","WORN SURFACE","ON SCENE","NO INJURY / DRIVE AWAY",,,,"OVER $1,500","2024-11-28T03:15:00.000","FOLLOWING TOO CLOSELY","NOT APPLICABLE","7900","S","CHICAGO SKYWAY OB","411",,,,,,,"2.0","11","NO INDICATION OF INJURY","0.0","0","0","0","0","2","0","3","5","X003655654",,,
"d75a2fa9a948f49782f03d5fac8dd5bd3ad1d6fcdf0d07c19bdb47c1f27309aed60c8a68b730a002aa0d54b25fbdbeb972b45e807cd79c1cac0eb604f1cd3708",,"2020-10-07T17:00:00.000","20","TRAFFIC SIGNAL","FUNCTIONING PROPERLY","CLEAR","DAYLIGHT","FIXED OBJECT","T-INTERSECTION",,"STRAIGHT AND LEVEL","DRY","NO DEFECTS","ON SCENE","INJURY AND / OR TOW DUE TO CRASH","Y",,,"OVER $1,500","2020-10-07T17:05:00.000","FAILING TO REDUCE SPEED TO AVOID CRASH","DRIVING SKILLS/KNOWLEDGE/EXPERIENCE","830","W","OHARE ST","1654",,,,,,,"1.0","10","NO INDICATION OF INJURY","0.0","0","0","0","0","1","0","17","4","X002037014",,,
"cbcf28bf619dc0a7389308dd3bf0b8d688d99e81a817c551a944e4383c86001114abc997f1e18f207cc0d76212289feb262a5597490d0496643cf4f46ea52447",,"2020-09-18T21:30:00.000","5","NO CONTROLS","NO CONTROLS","CLEAR","DAWN","ANGLE","PARKING LOT",,"STRAIGHT AND LEVEL","DRY","NO DEFECTS","NOT ON SCENE (DESK REPORT)","NO INJURY / DRIVE AWAY",,,,"OVER $1,500","2020-09-18T23:00:00.000","IMPROPER BACKING","PHYSICAL CONDITION OF DRIVER","340","S","CALIFORNIA AVE","1124",,,,,,,"2.0","9","NO INDICATION OF INJURY","0.0","0","0","0","0","2","0","21","6","X002019720","41.8761456488","-87.6963038487","POINT (-87.69630384866 41.876145648792)"
"1126825908ca72618ed9e34e5b247fdabd6be4b7637e74f9fc069134ab8e75273782e0d5b6d0f5d89bda5856baa2e5721c508b5eb407374b2468c79a843b5507",,"2020-10-03T23:18:00.000","30","TRAFFIC SIGNAL","FUNCTIONING PROPERLY","RAIN","DARKNESS, LIGHTED ROAD","TURNING","DIVIDED - W/MEDIAN (NOT RAISED)",,"STRAIGHT AND LEVEL","WET","NO DEFECTS","NOT ON SCENE (DESK REPORT)","NO INJURY / DRIVE AWAY","Y",,,"OVER $1,500","2020-10-05T16:20:00.000","UNABLE TO DETERMINE","NOT APPLICABLE","801","S","AUSTIN BLVD","1513",,,,,,,"2.0","10","NO INDICATION OF INJURY","0.0","0","0","0","0","2","0","23","7","X002034962",,,
"072e444ef64a73c803b06ef439eb269b47b74cfc056f5890ec55e078dc8be834423cbf14ad4130cf88d022d9f083b3213b40d90a4dd85025227e560dcb1b76d8",,"2020-09-29T06:48:00.000","10","OTHER","FUNCTIONING PROPERLY","CLEAR","DAYLIGHT","SIDESWIPE SAME DIRECTION","DIVIDED - W/MEDIAN BARRIER",,"CURVE, LEVEL","DRY","NO DEFECTS","ON SCENE","NO INJURY / DRIVE AWAY",,"Y","Y","OVER $1,500","2020-09-29T06:49:00.000","IMPROPER LANE USAGE","IMPROPER OVERTAKING/PASSING","8801","S","CHICAGO SKYWAY IB","423",,,,,,,"2.0","9","NO INDICATION OF INJURY","0.0","0","0","0","0","2","0","6","3","X002030285",,,
"a0c55a8a0097805aab58f1fd39c8c3413b62039660173b30d8794422e1dc5fff60554a573ddae428c18111d29d4c178e1c39c0ab7caefec2657c3a2a53ea59fd",,"2020-10-01T21:00:00.000","30","UNKNOWN","UNKNOWN","UNKNOWN","UNKNOWN","ANGLE","OTHER",,"CURVE, LEVEL","UNKNOWN","UNKNOWN",,"NO INJURY / DRIVE AWAY",,,,"$501 - $1,500","2020-10-01T23:05:00.000","UNABLE TO DETERMINE","NOT APPLICABLE","4900","S","WESTERN AVE","923",,,,,,,"2","10","NO INDICATION OF INJURY","0","0","0","0","0","4","0","21","5","X002031625","41.804641245","-87.6845169054","POINT (-87.684516905411 41.804641245012)"
"c4e56d649addd660b82495faa35cc8f747369ced741229f7b8d3b15634004a2953043a46443f7997437a06af03e291886426d887ffaf7648fa951361bd8e489c",,"2020-10-24T12:55:00.000","15","NO CONTROLS","NO CONTROLS","CLEAR","DAYLIGHT","PARKED MOTOR VEHICLE","OTHER",,"STRAIGHT AND LEVEL","DRY","NO DEFECTS","ON SCENE","INJURY AND / OR TOW DUE TO CRASH",,,,"OVER $1,500","2020-10-24T13:00:00.000","UNABLE TO DETERMINE","NOT APPLICABLE","524","W","OHARE ST","1654",,,,,,,"3.0","10","NONINCAPACITATING INJURY","1.0","0","0","1","0","0","0","12","7","X002055594",,,
"cbf883c6a97eca5cf143274786b7ada002adca0c153e523614eca6a3e68f9b9975ac6f29346953e3bcd86f69f9a8a08e13d2eb07dc8de2ed0eb441f182f28f70",,"2020-09-21T23:45:00.000","45","NO CONTROLS","NO CONTROLS","CLEAR","DARKNESS, LIGHTED ROAD","OTHER OBJECT","DIVIDED - W/MEDIAN BARRIER",,"STRAIGHT ON GRADE","DRY","NO DEFECTS","ON SCENE","INJURY AND / OR TOW DUE TO CRASH",,,,"OVER $1,500","2020-09-21T23:50:00.000","OPERATING VEHICLE IN ERRATIC, RECKLESS, CARELESS, NEGLIGENT OR AGGRESSIVE MANNER","NOT APPLICABLE","3000","S","DAN RYAN XPRS OB","914",,,,,,,"1.0","9","NO INDICATION OF INJURY","0.0","0","0","0","0","1","0","23","2","X002023801",,,
"1bea4388587e9c7925385fc6adcba5273b044ff52b12f24a7ecb8172634fc909228fc038ac59d022f79d3c79de3b437d76152e8bbb3928343f017cd1c4fad9f7",,"2020-09-25T19:07:00.000","10","OTHER","FUNCTIONING PROPERLY","CLEAR","DARKNESS, LIGHTED ROAD","REAR TO FRONT","DIVIDED - W/MEDIAN BARRIER",,"STRAIGHT AND LEVEL","DRY","NO DEFECTS","NOT ON SCENE (DESK REPORT)","NO INJURY / DRIVE AWAY",,,,"$501 - $1,500","2020-10-09T16:25:00.000","IMPROPER BACKING","NOT APPLICABLE","8800","S","CHICAGO SKYWAY OB","412",,,,,,,"2.0","9","NO INDICATION OF INJURY","0.0","0","0","0","0","2","0","19","6","X002039105",,,
"9856403af76a2bdd65e5f7e7b7b6704149161eb4e6a35ebe484803c13c87335ed9e4ef87db8b68298d832d9072ff128f5de986994ae7f43a13e263a32f89653c",,"2020-10-01T17:35:00.000","20","NO CONTROLS","OTHER","RAIN","DUSK","SIDESWIPE SAME DIRECTION","L-INTERSECTION",,"CURVE ON GRADE","WET","NO DEFECTS","ON SCENE","NO INJURY / DRIVE AWAY","Y",,,"OVER $1,500","2020-10-01T17:40:00.000","FAILING TO REDUCE SPEED TO AVOID CRASH","FAILING TO REDUCE SPEED TO AVOID CRASH","3","W","TERMINAL ST","1653",,,,,,,"2.0","10","NO INDICATION OF INJURY","0.0","0","0","0","0","4","0","17","5","X002032305",,,
"21afb9af8808b99eb48015bbd0843ffdbd49636f265445b98a5da54e563a8837e03cc13812cf52a7e15d52c87d6675a52a8a323ab9d806b086b49e7063959ea0","N","2020-11-11T11:30:00.000","20","NO CONTROLS","NO CONTROLS","CLEAR","DAWN","PARKED MOTOR VEHICLE","PARKING LOT",,"STRAIGHT AND LEVEL","DRY","NO DEFECTS","ON SCENE","NO INJURY / DRIVE AWAY",,,"Y","OVER $1,500","2020-11-11T11:30:00.000","FOLLOWING TOO CLOSELY","DRIVING SKILLS/KNOWLEDGE/EXPERIENCE","1","W","PARKING LOT C ST","1654",,,,,,,"2.0","11","NO INDICATION OF INJURY","0.0","0","0","0","0","1","0","11","4","X002069938",,,
"d7ab4e5278984dbb10635b5889c401ba6b250ddce99592f8bc4d755e2d230d6767bb6e4d70a4ccfcd0d81ccdf3c465563f111cf7de732b4bd4ee71b7e9323752","Y","2020-09-23T13:34:00.000","30","NO CONTROLS","NO CONTROLS","CLEAR","DAYLIGHT","FIXED OBJECT","ONE-WAY",,"STRAIGHT AND LEVEL","DRY","NO DEFECTS",,"INJURY AND / OR TOW DUE TO CRASH",,,,"OVER $1,500","2020-09-23T13:34:00.000","NOT APPLICABLE","NOT APPLICABLE","7801","S","STATE ST","623",,"N",,,,,"1","9","FATAL","1","1","0","0","0","0","0","13","4","X002023802","41.7527284389","-87.6244577724","POINT (-87.624457772388 41.752728438859)"
"54b0fe4f9b50e5d13e1ccaeee829ceeb5c57f8f4acf6a6444c2e9158dc8a32ac280754778fdc3ae37d0ff849926d426bc2c0bb9dce5ac898270ae6114276031f",,"2020-09-26T12:15:00.000","30","NO CONTROLS","NO CONTROLS","CLEAR","DAYLIGHT","FIXED OBJECT","PARKING LOT",,"STRAIGHT ON GRADE","DRY","NO DEFECTS","ON SCENE","NO INJURY / DRIVE AWAY",,"Y",,"$500 OR LESS","2020-09-26T12:30:00.000","NOT APPLICABLE","NOT APPLICABLE","5130","S","LAKE PARK AVE","234",,,,,,,"1","9",,,,,,,,,"12","7","X002026209","41.8014565525","-87.5877418622","POINT (-87.587741862156 41.801456552461)"
"60cb968e7a5af0252b2956b24de201ee06ac56286544260cc135899c6ae2356053b84747f2fb542b370a7d48af47d16bfaf3e2596b9183450f512a2a390409f3",,"2020-10-29T15:30:00.000","30","TRAFFIC SIGNAL","FUNCTIONING PROPERLY","CLEAR","DAYLIGHT","REAR END","DIVIDED - W/MEDIAN BARRIER",,"STRAIGHT AND LEVEL","DRY","NO DEFECTS","NOT ON SCENE (DESK REPORT)","NO INJURY / DRIVE AWAY",,,,"$500 OR LESS","2020-10-31T13:50:00.000","FOLLOWING TOO CLOSELY","UNABLE TO DETERMINE","616","W","OHARE ST","1654",,,,,,,"2.0","10","NO INDICATION OF INJURY","0.0","0","0","0","0","2","0","15","5","X002058876",,,
"2697d6b861b14ea70b5fb654c6f051cb58d0bcaadbc25bd1a2648761d19647f46c1c4aacd75e81bec6f4595c3b85ca519c9986a49ca563f927522907e5015085",,"2020-10-06T17:35:00.000","20","NO CONTROLS","NO CONTROLS","CLEAR","DAYLIGHT","PARKED MOTOR VEHICLE","OTHER",,"CURVE, LEVEL","DRY","NO DEFECTS","ON SCENE","NO INJURY / DRIVE AWAY",,,"Y","OVER $1,500","2020-10-06T17:40:00.000","IMPROPER OVERTAKING/PASSING","FAILING TO YIELD RIGHT-OF-WAY","1","W","TERMINAL ST","1651",,,,,,,"3.0","10","NO INDICATION OF INJURY","0.0","0","0","0","0","5","0","17","3","X002037724",,,