"crash_record_id","crash_date_est_i","crash_date","posted_speed_limit","traffic_control_device","device_condition","weather_condition","lighting_condition","first_crash_type","trafficway_type","lane_cnt","alignment","roadway_surface_cond","road_defect","report_type","crash_type","intersection_related_i","private_property_i","hit_and_run_i","damage","date_police_notified","prim_contributory_cause","sec_contributory_cause","street_no","street_direction","street_name","beat_of_occurrence","photos_taken_i","statements_taken_i","dooring_i","work_zone_i","work_zone_type","workers_present_i","num_units","crash_month","most_severe_injury","injuries_total","injuries_fatal","injuries_incapacitating","injuries_non_incapacitating","injuries_reported_not_evident","injuries_no_indication","injuries_unknown","crash_hour","crash_day_of_week","idot_control_no","latitude","longitude","location"
"8368c4279de97ac5b6cc594d99ae6f87fda0c72eed299de162347ec59e227dc0b959e3da02ee48491286a290e37ba4e66915bd4c3e4d627642fa510c5802f427","Y","2020-12-13T18:00:00.000","45","NO CONTROLS","NO CONTROLS","CLEAR","DARKNESS, LIGHTED ROAD","REAR END","DIVIDED - W/MEDIAN BARRIER",,"STRAIGHT AND LEVEL","DRY","NO DEFECTS","ON SCENE","NO INJURY / DRIVE AWAY",,,,"OVER $1,500","2020-12-13T18:00:00.000","FOLLOWING TOO CLOSELY","FOLLOWING TOO CLOSELY","9759","W","KENNEDY EXPY IB","1654",,,,,,,"2.0","12","NO INDICATION OF INJURY","0.0","0","0","0","0","4","0","18","1","X002097673",,,
"42fb55cc4b0da4fa0e1ac98fedf6b7f9d52196ba6ffa6b09570876130e3e889c213ac0d517d7e91a6db4b0d6ace082b614d457cbeed9ebf0fdfeabc62cbad88b",,"2020-12-17T19:15:00.000","30","STOP SIGN/FLASHER","FUNCTIONING PROPERLY","CLEAR","DARKNESS","TURNING","DIVIDED - W/MEDIAN (NOT RAISED)",,"STRAIGHT AND LEVEL","DRY","NO DEFECTS","NOT ON SCENE (DESK REPORT)","NO INJURY / DRIVE AWAY","Y",,,"OVER $1,500","2020-12-17T19:18:00.000","IMPROPER TURNING/NO SIGNAL","UNABLE TO DETERMINE","2027","W","EDMAIRE ST","2212",,"Y",,,,,"2.0","12","NO INDICATION OF INJURY","0.0","0","0","0","0","2","0","19","5","X002100414",,,
"7c22ee48b54b86afde4fc97b78435acad932eb87fcd97c31809f33e57d21980561d1c5ebe1ea61caab84407230e4c4cbc80bc1d21a8d3346538ff790ca72ba37",,"2020-12-15T09:40:00.000","30","TRAFFIC SIGNAL","FUNCTIONING PROPERLY","CLEAR","DAYLIGHT","SIDESWIPE SAME DIRECTION","DIVIDED - W/MEDIAN (NOT RAISED)",,"STRAIGHT AND LEVEL","DRY","NO DEFECTS","NOT ON SCENE (DESK REPORT)","NO INJURY / DRIVE AWAY",,,,"$501 - $1,500","2020-12-15T12:10:00.000","IMPROPER OVERTAKING/PASSING","DRIVING SKILLS/KNOWLEDGE/EXPERIENCE","3100","N","HALSTED ST","1933",,,,,,,"2.0","12","NO INDICATION OF INJURY","0.0","0","0","0","0","3","0","9","3","X002098296",,,
"7d7eae174eb92fd9c510eb602f542153876e07e800d1799fbd2290c14d86fd978662b16663d1d003055206c813bf6e733d00fb8af8c79e92a60e6bc8ed4578da",,"2020-11-19T16:30:00.000","30","TRAFFIC SIGNAL","FUNCTIONING PROPERLY","CLEAR","DAYLIGHT","REAR END","NOT DIVIDED",,"STRAIGHT AND LEVEL","DRY","NO DEFECTS","NOT ON SCENE (DESK REPORT)","NO INJURY / DRIVE AWAY","Y",,,"$500 OR LESS","2020-11-19T21:30:00.000","FOLLOWING TOO CLOSELY","NOT APPLICABLE","5500","N","HARLEM AVE","1613",,,,,,,"2.0","11","NO INDICATION OF INJURY","0.0","0","0","0","0","2","0","16","5","X002076898",,,
"3a33815ed5cc63ae57f25552cd3016feadc5e3a26de1c9ad543fe725c55f1c17691860038879379dbf6b6a9667272a388a4223ff92fed170ad1899eaa7c7cf9a",,"2020-11-28T17:45:00.000","25","STOP SIGN/FLASHER","FUNCTIONING PROPERLY","CLEAR","DAYLIGHT","ANGLE","FOUR WAY",,"STRAIGHT AND LEVEL","DRY","NO DEFECTS","ON SCENE","INJURY AND / OR TOW DUE TO CRASH","Y",,,"OVER $1,500","2020-11-30T10:20:00.000","DISREGARDING STOP SIGN","DRIVING SKILLS/KNOWLEDGE/EXPERIENCE","4500","N","MANNHEIM RD","1654",,,,,,,"2.0","11","REPORTED, NOT EVIDENT","1.0","0","0","0","1","1","0","17","7","X002085966",,,
"1fdd3ec70470adcf17cedd291b67b5222ca59e078586be00d5500b42d79feb73a8c8ae7464f851ae206479a1c22a31e8adf778904f7a69b9fba57d78ab600e47",,"2020-11-26T21:15:00.000","25","NO CONTROLS","NO CONTROLS","CLEAR","DARKNESS","PARKED MOTOR VEHICLE","NOT DIVIDED",,"STRAIGHT AND LEVEL","DRY","NO DEFECTS","ON SCENE","NO INJURY / DRIVE AWAY",,,"Y","OVER $1,500","2020-11-26T23:41:00.000","NOT APPLICABLE","NOT APPLICABLE","2202","W","DEVON AVE","2412",,,,,,,"2","11","NO INDICATION OF INJURY","0","0","0","0","0","2","0","21","5","X002083389","41.9979202733","-87.6851531477","POINT (-87.685153147743 41.997920273254)"
"838d8391bf0d17942ebfd75ea791d8a5427546ff9d3ca48aa133aba46f64df7bab92c7854a38a787c0173209ff1bac1b0892d3645d6e9328b8c8dfecc2676094",,"2020-12-09T20:00:00.000","25","NO CONTROLS","NO CONTROLS","CLEAR","DARKNESS, LIGHTED ROAD","REAR END","ONE-WAY",,"STRAIGHT AND LEVEL","DRY","UNKNOWN","ON SCENE","NO INJURY / DRIVE AWAY",,,,"OVER $1,500","2020-12-09T20:00:00.000","UNABLE TO DETERMINE","UNABLE TO DETERMINE","412","W","OHARE ST","1654",,,,,,,"2.0","12","NO INDICATION OF INJURY","0.0","0","0","0","0","2","0","20","4","X002093440",,,
"ea0aec02cc565aca020101b6f0825772071a8653baf07b6630e1a7f88067b96d9bc2630ae51864a3918ee995652247aa33670740c248a995abedbbfa2c93fd27",,"2020-12-19T03:50:00.000","20","NO CONTROLS","NO CONTROLS","CLEAR","DARKNESS, LIGHTED ROAD","SIDESWIPE SAME DIRECTION","ONE-WAY",,"STRAIGHT AND LEVEL","DRY","UNKNOWN","ON SCENE","INJURY AND / OR TOW DUE TO CRASH",,,,"OVER $1,500","2020-12-19T03:53:00.000","UNABLE TO DETERMINE","NOT APPLICABLE","3","W","TERMINAL ST","1653",,,,,,,"2.0","12","NO INDICATION OF INJURY","0.0","0","0","0","0","2","0","3","7","X002102378",,,
"a5b691f0d797e7cc3ee0e6696bbd9d324306d4e52f2e4c0654900e17d4a08694e7f6c0a71a3551504bff9366bf9159e3bc89c9c39fc91518e0ba77bbfdef3ecf",,"2020-11-28T13:40:00.000","20","NO CONTROLS","NO CONTROLS","CLEAR","DAYLIGHT","SIDESWIPE SAME DIRECTION","ONE-WAY",,"STRAIGHT AND LEVEL","DRY","NO DEFECTS","ON SCENE","NO INJURY / DRIVE AWAY",,,,"$501 - $1,500","2020-11-28T13:45:00.000","UNABLE TO DETERMINE","NOT APPLICABLE","2","W","TERMINAL ST","1652",,,,,,,"2.0","11","NO INDICATION OF INJURY","0.0","0","0","0","0","2","0","13","7","X002084130",,,
"5028268a9f67c533017216c6c3de8da422516303c6559e131d2aa7c8028e540b53220d0e746a49e2e014eaccb4b98ffb27bbe6531edb7475c2bfef54c4c6b7d5",,"2024-12-09T19:52:00.000","20","NO CONTROLS","NO CONTROLS","CLEAR","DARKNESS, LIGHTED ROAD","SIDESWIPE SAME DIRECTION","OTHER",,"STRAIGHT AND LEVEL","DRY","NO DEFECTS","ON SCENE","NO INJURY / DRIVE AWAY",,,,"OVER $1,500","2024-12-09T19:55:00.000","FAILING TO YIELD RIGHT-OF-WAY","DRIVING SKILLS/KNOWLEDGE/EXPERIENCE","2","W","TERMINAL ST","1652",,,,,,,"2.0","12","NO INDICATION OF INJURY","0.0","0","0","0","0","2","0","19","2","X003652913",,,
"dbcce03cec651dfa4810f4df852a831a3b4acc5c8fc3d329b5d0e19a28ab043e574c555bae78b820098f68538f0308fa67ede163fa04ab734de915ee42a27f1a","Y","2024-12-10T08:00:00.000","15","NO CONTROLS","NO CONTROLS","CLEAR","DAYLIGHT","PARKED MOTOR VEHICLE","PARKING LOT",,"STRAIGHT AND LEVEL","DRY","NO DEFECTS","ON SCENE","NO INJURY / DRIVE AWAY",,,"Y","$501 - $1,500","2024-12-10T09:45:00.000","UNABLE TO DETERMINE","NOT APPLICABLE","1","W","PARKING LOT D ST","1654",,,,,,,"2.0","12","NO INDICATION OF INJURY","0.0","0","0","0","0","1","0","8","3","X003653955",,,
"5efb69b6c271b8690d63e8f9e99a813d4568360caab64638595dea2aebf3282a6b5b6c5ac1dbe51c04f6663e4f879b0decf130875b3e5d6ce7c289fc733f9d14",,"2024-12-03T11:45:00.000","30","UNKNOWN","UNKNOWN","UNKNOWN","UNKNOWN","SIDESWIPE SAME DIRECTION","NOT DIVIDED",,"STRAIGHT AND LEVEL","UNKNOWN","UNKNOWN","NOT ON SCENE (DESK REPORT)","NO INJURY / DRIVE AWAY",,,,"$501 - $1,500","2024-12-04T10:03:00.000","UNABLE TO DETERMINE","UNABLE TO DETERMINE","13000","S","STONY ISLAND AVE","434",,,,,,,"2.0","12","NO INDICATION OF INJURY","0.0","0","0","0","0","2","0","11","3","X003648134",,,
"2fabc87dee5b9fcee5651f264c96046b4f4f646d82ad3aec8c0745c50f4f23ac3f338a217d41641746c14e64e99b2c644a1f751582fb4f13ef12a05d17afdaf6",,"2024-11-21T11:30:00.000","55","NO CONTROLS","NO CONTROLS","SNOW","DAYLIGHT","SIDESWIPE SAME DIRECTION","DIVIDED - W/MEDIAN BARRIER",,"CURVE, LEVEL","SNOW OR SLUSH","NO DEFECTS",,"INJURY AND / OR TOW DUE TO CRASH",,,,"OVER $1,500","2024-11-21T11:44:00.000","WEATHER","FAILING TO REDUCE SPEED TO AVOID CRASH","6600","S","CHICAGO SKYWAY OB","312",,,,,,,"2.0","11","REPORTED, NOT EVIDENT","1.0","0","0","0","1","3","0","11","5","X003634080",,,
"a4c01203235c78e002fbcfe5b1c367cf3ac80dd3b4000cd2b3235d8ad4aa3a2d2ac0407440f9b07d82d5f8ac2e402a0473a748089ba944b3d908e1bcc7df3da6",,"2024-12-02T13:00:00.000","25","NO CONTROLS","NO CONTROLS","CLEAR","DAYLIGHT","SIDESWIPE SAME DIRECTION","ONE-WAY",,"STRAIGHT AND LEVEL","DRY","NO DEFECTS","ON SCENE","NO INJURY / DRIVE AWAY",,,,"OVER $1,500","2024-12-02T13:10:00.000","FAILING TO YIELD RIGHT-OF-WAY","NOT APPLICABLE","5","W","TERMINAL ST","1655",,,,,,,"2.0","12","NO INDICATION OF INJURY","0.0","0","0","0","0","2","0","13","2","X003645412",,,
"6adb9355a7f45aa4bbd0e09edfc2f48d64bbc25c600a984accdb2cfff7216da1091b382d8951dff3c599c3c28d874a467fb24d33db4b057e2e57a4eaaa240c2b",,"2024-12-01T20:25:00.000","10","NO CONTROLS","NO CONTROLS","CLEAR","DARKNESS, LIGHTED ROAD","SIDESWIPE SAME DIRECTION","OTHER",,"STRAIGHT AND LEVEL","DRY","NO DEFECTS","ON SCENE","NO INJURY / DRIVE AWAY",,,,"$501 - $1,500","2024-12-01T20:29:00.000","FAILING TO YIELD RIGHT-OF-WAY","DRIVING SKILLS/KNOWLEDGE/EXPERIENCE","524","W","OHARE ST","1654",,,,,,,"2.0","12","NO INDICATION OF INJURY","0.0","0","0","0","0","2","0","20","1","X003646280",,,
"7ab3e65f1d6ad87de6b417833d384a9cc8943ca2add1180a61a777e94f84de5d2f5f6e043c94b795fb058042eab114bff358610110761a994f3171618dc4984d",,"2024-12-07T16:23:00.000","30","NO CONTROLS","NO CONTROLS","CLEAR","DAYLIGHT","PARKED MOTOR VEHICLE","NOT DIVIDED",,"STRAIGHT AND LEVEL","DRY","NO DEFECTS","NOT ON SCENE (DESK REPORT)","NO INJURY / DRIVE AWAY",,,,"OVER $1,500","2024-12-07T17:25:00.000","NOT APPLICABLE","NOT APPLICABLE","4610","N","MELVINA AVE","1622",,,,,,,"2.0","12","NO INDICATION OF INJURY","0.0","0","0","0","0","1","0","16","7","X003650630","41.9650530469","-87.7821205728","POINT (-87.782120572754 41.965053046946)"
"033133792d37c9c081af817ad28cb55e564d5d81a4d8fb0906666bea9f8c4d6699e6c733f771fef30cce475a6cae093826dcf9d6ec5c37467d71c4cd204467c4",,"2025-01-15T06:50:00.000","25","NO CONTROLS","NO CONTROLS","CLEAR","DAYLIGHT","SIDESWIPE SAME DIRECTION","ONE-WAY",,"STRAIGHT AND LEVEL","DRY","NO DEFECTS","ON SCENE","NO INJURY / DRIVE AWAY",,,,"OVER $1,500","2025-01-15T06:56:00.000","FAILING TO YIELD RIGHT-OF-WAY","DRIVING SKILLS/KNOWLEDGE/EXPERIENCE","1","W","TERMINAL ST","1651",,,,,,,"2.0","1","NO INDICATION OF INJURY","0.0","0","0","0","0","3","0","6","4","X003692227",,,
"59e957d0e5d8294e9ff9f488bad2ef5dc6db0fa0d40e92e1b79dada42a149300a1b3bb0bbe3dbc4dd77dc49facdb99eb9cb06b91eae6b676e63e1ea827c82a87",,"2020-12-01T18:10:00.000","15","NO CONTROLS","NO CONTROLS","CLEAR","DARKNESS, LIGHTED ROAD","REAR TO FRONT","PARKING LOT",,"STRAIGHT AND LEVEL","DRY","NO DEFECTS","ON SCENE","NO INJURY / DRIVE AWAY",,,,"$500 OR LESS","2020-12-01T18:18:00.000","UNABLE TO DETERMINE","NOT APPLICABLE","630","W","OHARE ST","1654",,,,,,,"2.0","12","NO INDICATION OF INJURY","0.0","0","0","0","0","2","0","18","3","X002087430",,,
"92d2de63c77d20bb98b099d74ce0d80da8bf08ed7d4f441c3c178fb9e1f028c6053cf949d70e5ff11ef792ecd24878487fbf283d78fe34571c98b0606e5cc5ce",,"2021-01-15T22:15:00.000","30","NO CONTROLS","NO CONTROLS","CLEAR","DARKNESS, LIGHTED ROAD","PEDESTRIAN","DIVIDED - W/MEDIAN BARRIER",,"STRAIGHT AND LEVEL","DRY","NO DEFECTS","NOT ON SCENE (DESK REPORT)","INJURY AND / OR TOW DUE TO CRASH",,,"Y","$500 OR LESS","2021-01-20T09:40:00.000","UNABLE TO DETERMINE","NOT APPLICABLE","1747","S","CANALPORT AVE","1235",,,,,,,"2.0","1","INCAPACITATING INJURY","1.0","0","1","0","0","1","0","22","6","X002128548",,,
"ae0d563ffa2f5e11c3e23fa0fff4e857f10a3bd118b850c7999e7dd35bff09bd5a9570fcdb86b2217b8f12063bf6a7b72a213d881d11016ae38129f3a0fa0d60",,"2020-12-16T23:00:00.000","30","NO CONTROLS","NO CONTROLS","CLEAR","DARKNESS, LIGHTED ROAD","TURNING","ONE-WAY",,"STRAIGHT AND LEVEL","DRY","NO DEFECTS","NOT ON SCENE (DESK REPORT)","NO INJURY / DRIVE AWAY",,,,"OVER $1,500","2020-12-21T21:15:00.000","IMPROPER TURNING/NO SIGNAL","NOT APPLICABLE","3910","W","DIVERSEY AVE","2523",,,,,,,"2.0","12","NO INDICATION OF INJURY","0.0","0","0","0","0","2","0","23","4","X002103716","41.9319245915","-87.7249952366","POINT (-87.724995236617 41.931924591496)"
"7a3b8b2b1afb6a958abf1493508f72c58aa25af3f037acf5c5553ba7e057f96a6fe14d1d6875b88e0c1fbb77cd802a0275d5533864aff5e76c7f42c50283f3ed",,"2020-12-01T15:25:00.000","15","NO CONTROLS","NO CONTROLS","CLEAR","DAYLIGHT","SIDESWIPE SAME DIRECTION","PARKING LOT",,"STRAIGHT AND LEVEL","DRY","NO DEFECTS","ON SCENE","NO INJURY / DRIVE AWAY",,,,"$501 - $1,500","2020-12-01T15:30:00.000","UNABLE TO DETERMINE","NOT APPLICABLE","606","W","OHARE ST","1654",,,,,,,"2.0","12","NO INDICATION OF INJURY","0.0","0","0","0","0","2","0","15","3","X002086678",,,
"f592d2f51d65fe9fc760e83ce4e69f4fe766acbc283bccb1f4b90d27600b3c1b5148c8926f45a8fd9725a16818123760d2a2eca4b3b28d3b081d7613b12a28a4",,"2020-11-18T19:00:00.000","25","NO CONTROLS","NO CONTROLS","CLEAR","DARKNESS, LIGHTED ROAD","SIDESWIPE SAME DIRECTION","ONE-WAY",,"STRAIGHT AND LEVEL","DRY","NO DEFECTS","ON SCENE","NO INJURY / DRIVE AWAY",,,,"OVER $1,500","2020-11-18T21:15:00.000","UNABLE TO DETERMINE","NOT APPLICABLE","3","W","TERMINAL ST","1653",,,,,,,"2.0","11","NO INDICATION OF INJURY","0.0","0","0","0","0","2","0","19","4","X002076785",,,
"b52440835d76867837913e41281720b9deaf5c41c238e647a63eec41bf1ff57e0a988765ac9a9799eb60cd2c4af3ea81443bb6c486739a553819f69a0cd3082a",,"2020-12-29T07:15:00.000","35","NO CONTROLS","NO CONTROLS","CLEAR","DAWN","SIDESWIPE SAME DIRECTION","NOT DIVIDED",,"CURVE, LEVEL","DRY","NO DEFECTS","NOT ON SCENE (DESK REPORT)","NO INJURY / DRIVE AWAY",,,,"$500 OR LESS","2020-12-29T07:30:00.000","IMPROPER LANE USAGE","NOT APPLICABLE","1","W","HELIPAD ST","1654",,,,,,,"2.0","12","NO INDICATION OF INJURY","0.0","0","0","0","0","2","0","7","3","X002109424",,,
"9aa177edcf57498632d6a6998f94c0699063f2c475af4691204048c5ad4cfb448103d2e0ef1ee4fbd2653451397c04917b7d013479368506d9f88c0c17bd5436",,"2020-12-05T20:50:00.000","30","TRAFFIC SIGNAL","FUNCTIONING PROPERLY","CLEAR","DARKNESS","TURNING","T-INTERSECTION",,"STRAIGHT AND LEVEL","DRY","NO DEFECTS","NOT ON SCENE (DESK REPORT)","NO INJURY / DRIVE AWAY",,,,"OVER $1,500","2020-12-05T20:57:00.000","IMPROPER TURNING/NO SIGNAL","UNABLE TO DETERMINE","841","S","AUSTIN BLVD","1513",,,,,,,"2.0","12","NO INDICATION OF INJURY","0.0","0","0","0","0","3","0","20","7","X002090551",,,
"bff5a60ae90abdf25cc16c5e275ba1f31e6100f457fca9070fed81203fd10c9bf280ac2a3ed6e2d5750aecdb1c55487f6f137efb6e2650a929b96745ceed0cc2",,"2020-12-11T21:55:00.000","45","TRAFFIC SIGNAL","FUNCTIONING PROPERLY","RAIN","DARKNESS, LIGHTED ROAD","REAR END","DIVIDED - W/MEDIAN (NOT RAISED)",,"STRAIGHT AND LEVEL","WET","NO DEFECTS","ON SCENE","NO INJURY / DRIVE AWAY",,,,"OVER $1,500","2020-12-11T22:00:00.000","FOLLOWING TOO CLOSELY","WEATHER","4331","N","MANNHEIM RD","1654",,,,,,,"2.0","12","NO INDICATION OF INJURY","0.0","0","0","0","0","2","0","21","6","X002097674",,,
"01fbc58e11f4eba98b3aabefcc26c9a8247ee52844059ad9b8fdd612ed6776191b4a09e14e08e13c34341af4be84f80e1631ba84b661aa7201394474493f0eca","Y","2020-12-17T16:00:00.000","20","NO CONTROLS","NO CONTROLS","CLEAR","DAYLIGHT","PARKED MOTOR VEHICLE","OTHER",,"STRAIGHT AND LEVEL","DRY","NO DEFECTS","ON SCENE","NO INJURY / DRIVE AWAY",,"Y","Y","$501 - $1,500","2020-12-18T17:00:00.000","IMPROPER BACKING","NOT APPLICABLE","600","W","OHARE ST","1654",,,,,,,"2.0","12","NO INDICATION OF INJURY","0.0","0","0","0","0","1","0","16","5","X002102379",,,
"138e7eb54ce715f7457bd1ab6d31889615cff4145720f487583ce83f80959f3a23e05b645befe55824bb07880751362f79d80a2534246577d7be752f6e3f1907",,"2021-01-16T18:00:00.000","30","TRAFFIC SIGNAL","FUNCTIONING PROPERLY","OTHER","DARKNESS","SIDESWIPE SAME DIRECTION","DIVIDED - W/MEDIAN BARRIER",,"STRAIGHT AND LEVEL","WET","NO DEFECTS","ON SCENE","NO INJURY / DRIVE AWAY",,,"Y","OVER $1,500","2021-01-16T18:10:00.000","UNABLE TO DETERMINE","OPERATING VEHICLE IN ERRATIC, RECKLESS, CARELESS, NEGLIGENT OR AGGRESSIVE MANNER","6258","S","LAKE SHORE DR","331",,,,,,,"2.0","1","NO INDICATION OF INJURY","0.0","0","0","0","0","5","0","18","7","X002126035",,,
"343e5200a438a5d6fda1712e17b13079452953b3a4dd9bd3c736af4a98c65b2e5be28f09f5a9185650b028f81de059edbdc7e21c483c9c8a35d02a1911107919",,"2020-12-25T18:33:00.000","30","NO CONTROLS","NO CONTROLS","CLEAR","DARKNESS, LIGHTED ROAD","PARKED MOTOR VEHICLE","NOT DIVIDED",,"STRAIGHT AND LEVEL","DRY","NO DEFECTS","ON SCENE","INJURY AND / OR TOW DUE TO CRASH",,,,"OVER $1,500","2020-12-25T18:40:00.000","FAILING TO REDUCE SPEED TO AVOID CRASH","UNABLE TO DETERMINE","82","E","BANKS ST","1824",,,,,,,"3.0","12","NO INDICATION OF INJURY","0.0","0","0","0","0","1","0","18","6","X002106858",,,
"2f012732b344eece7b8c56e157137575343803ce7105ca183f3ab98b9f24bd80d3f22df40bd4d9242ffc69693f44d7f163de96ef89a12744a43b263eeae5c380",,"2020-11-26T15:00:00.000","35","TRAFFIC SIGNAL","FUNCTIONING PROPERLY","CLEAR","DAYLIGHT","REAR END","NOT DIVIDED",,"STRAIGHT AND LEVEL","DRY","UNKNOWN","ON SCENE","INJURY AND / OR TOW DUE TO CRASH",,,,"OVER $1,500","2020-11-26T15:45:00.000","NOT APPLICABLE","NOT APPLICABLE","1662","W","111TH ST","2234",,,,,,,"2.0","11","NO INDICATION OF INJURY","0.0","0","0","0","0","2","0","15","5","X002083058",,,
"7dc5b04e24fa8031c4d4562e06e864f725c86eecce99a0cf193ea1cc5b331e50a20768c5a911e5288f8af4aac0b739409574c4ea213c6aaa381085afee4f1162",,"2025-01-03T19:00:00.000","30","UNKNOWN","UNKNOWN","UNKNOWN","DARKNESS","REAR END","UNKNOWN",,"STRAIGHT AND LEVEL","UNKNOWN","NO DEFECTS","NOT ON SCENE (DESK REPORT)","INJURY AND / OR TOW DUE TO CRASH",,,,"OVER $1,500","2025-01-06T18:30:00.000","UNABLE TO DETERMINE","NOT APPLICABLE","13000","S","STONY ISLAND AVE","434",,,,,,,"3.0","1","NONINCAPACITATING INJURY","1.0","0","0","1","0","2","0","19","6","X003682413",,,
"4317bd3aefed8261ed8c2c538839a7c90388448b87dbddc9b56dfe31380562bfafcf00cf6d16bab258efed165fa2472b2ddb956684c5ddb36b336cc305ca93a1",,"2024-12-22T20:02:00.000","10","TRAFFIC SIGNAL","FUNCTIONING PROPERLY","CLEAR","DARKNESS, LIGHTED ROAD","TURNING","FOUR WAY",,"STRAIGHT AND LEVEL","DRY","NO DEFECTS","ON SCENE","INJURY AND / OR TOW DUE TO CRASH","Y",,,"OVER $1,500","2024-12-22T20:10:00.000","FAILING TO YIELD RIGHT-OF-WAY","DRIVING SKILLS/KNOWLEDGE/EXPERIENCE","10200","W","BALMORAL AVE","1654",,,,,,,"2.0","12","NO INDICATION OF INJURY","0.0","0","0","0","0","2","0","20","1","X003668467",,,
"3918b7a1cdab72d2ac759b13ff554b6d6068201093503802e72665375a4e58d051aba063844e3348a7b12062c29930dcc02c56aaa390443955ee4af81ac5562e",,"2024-12-19T05:51:00.000","20","NO CONTROLS","NO CONTROLS","CLEAR","DAYLIGHT","REAR END","ONE-WAY",,"STRAIGHT AND LEVEL","DRY","NO DEFECTS",,"NO INJURY / DRIVE AWAY",,,,"OVER $1,500","2024-12-19T06:05:00.000","DRIVING SKILLS/KNOWLEDGE/EXPERIENCE","UNABLE TO DETERMINE","3","W","TERMINAL ST","1653",,,,,,,"2.0","12","NO INDICATION OF INJURY","0.0","0","0","0","0","2","0","5","5","X003664798",,,
"6a62b75e228e17cfa7d71549d1a2569dd43e40cc0d2986e2a14bf631b4f47313148dbe498d0f0a916b433386f47c46173439dfc5223de23b60f4b342ab1438b3",,"2017-10-15T06:03:00.000","30","TRAFFIC SIGNAL","FUNCTIONING PROPERLY","RAIN","DAWN","ANGLE","ONE-WAY",,"STRAIGHT AND LEVEL","WET","NO DEFECTS","ON SCENE","NO INJURY / DRIVE AWAY",,,,"$501 - $1,500","2017-10-15T06:15:00.000","WEATHER","NOT APPLICABLE","9830","S","HALSTED ST","2223",,,,,,,"3","10","NO INDICATION OF INJURY","0","0","0","0","0","2","0","6","1","X000939839","41.7151494564","-87.6431879176","POINT (-87.643187917608 41.715149456405)"
"7a88819732c609a25faf2ff504355be7064abf6ec3d0510f6749a97e9edd3afbe9cbe886e473eedb3cb0a14290b93caff495d969e853b82fe8777553b07cd822",,"2025-01-06T15:35:00.000","30","NO CONTROLS","NO CONTROLS","RAIN","DAYLIGHT","REAR END","DIVIDED - W/MEDIAN BARRIER",,"STRAIGHT AND LEVEL","WET","NO DEFECTS","ON SCENE","NO INJURY / DRIVE AWAY",,,,"OVER $1,500","2025-01-06T15:40:00.000","FOLLOWING TOO CLOSELY","NOT APPLICABLE","172","N","BESSIE COLEMAN DR","1654",,,,,,,"2.0","1","NO INDICATION OF INJURY","0.0","0","0","0","0","2","0","15","2","X003682245",,,
"bd32852240cc7966156e8e7f495d26396d5f7addec448f966e85ec024c892c7de0e88ec409c0545933c0d6cb6b4de3dc708729e252a979b1eb26ceeccaa6123a",,"2024-12-20T05:30:00.000","20","NO CONTROLS","NO CONTROLS","SNOW","DARKNESS, LIGHTED ROAD","REAR END","ONE-WAY",,"STRAIGHT AND LEVEL","SNOW OR SLUSH","NO DEFECTS","ON SCENE","NO INJURY / DRIVE AWAY",,,"Y","OVER $1,500","2024-12-20T05:35:00.000","FOLLOWING TOO CLOSELY","NOT APPLICABLE","2","W","TERMINAL ST","1652",,,,,,,"3.0","12","NO INDICATION OF INJURY","0.0","0","0","0","0","3","0","5","6","X003666164",,,
"c257a8f41462e32cb48e3b5894ff3d73e4813206d06942474f76c3bd84b9d0ba2f23310dffbc49a7b7fac3e88326a4da148e02ea8330d62c387e4d442cdb52c6",,"2025-01-06T09:47:00.000","30","STOP SIGN/FLASHER","FUNCTIONING PROPERLY","FREEZING RAIN/DRIZZLE","DAYLIGHT","TURNING","NOT DIVIDED",,"STRAIGHT AND LEVEL","WET","NO DEFECTS","ON SCENE","NO INJURY / DRIVE AWAY","Y",,,"OVER $1,500","2025-01-06T09:47:00.000","FAILING TO YIELD RIGHT-OF-WAY","UNABLE TO DETERMINE","817","S","AUSTIN BLVD","1513",,,,,,,"2.0","1","NO INDICATION OF INJURY","0.0","0","0","0","0","2","0","9","2","X003681914",,,