"crash_record_id","crash_date_est_i","crash_date","posted_speed_limit","traffic_control_device","device_condition","weather_condition","lighting_condition","first_crash_type","trafficway_type","lane_cnt","alignment","roadway_surface_cond","road_defect","report_type","crash_type","intersection_related_i","private_property_i","hit_and_run_i","damage","date_police_notified","prim_contributory_cause","sec_contributory_cause","street_no","street_direction","street_name","beat_of_occurrence","photos_taken_i","statements_taken_i","dooring_i","work_zone_i","work_zone_type","workers_present_i","num_units","crash_month","most_severe_injury","injuries_total","injuries_fatal","injuries_incapacitating","injuries_non_incapacitating","injuries_reported_not_evident","injuries_no_indication","injuries_unknown","crash_hour","crash_day_of_week","idot_control_no","latitude","longitude","location"
"7fb50e5b6eaade81716e3e7ce501fbe11df00be5fe89f9fb2776aa1194ebfdd8452207caf4eec2b305e9cede4d9cabda4aa803d4b4ebf538449fd57ee8f51ed3",,"2017-10-17T08:20:00.000","35","TRAFFIC SIGNAL","FUNCTIONING PROPERLY","CLEAR","DAYLIGHT","REAR END","DIVIDED - W/MEDIAN (NOT RAISED)","4","STRAIGHT AND LEVEL","DRY","NO DEFECTS","NOT ON SCENE (DESK REPORT)","NO INJURY / DRIVE AWAY",,,,"$501 - $1,500","2017-10-17T09:30:00.000","FOLLOWING TOO CLOSELY","NOT APPLICABLE","5553","N","EAST RIVER RD","1614",,,,,,,"2.0","10","NO INDICATION OF INJURY","0.0","0","0","0","0","2","0","8","3","X000942042","41.9807048096","-87.8462883315","POINT (-87.846288331474 41.980704809628)"
"bb841c0e7b9fcd67db6c70720529882a6eddc6071b90f00a000e7ec25669ec9f8f899e7f4520d6b29fe6ccaac51be0819bfcf4370714a37d239403dceb232c17",,"2020-12-01T15:51:00.000","30","UNKNOWN","UNKNOWN","CLEAR","DAYLIGHT","REAR END","ONE-WAY",,"STRAIGHT AND LEVEL","DRY","UNKNOWN","ON SCENE","NO INJURY / DRIVE AWAY",,,"Y","OVER $1,500","2020-12-01T16:13:00.000","UNABLE TO DETERMINE","UNABLE TO DETERMINE","3899","S","LA SALLE ST","213",,,,,,,"2","12","NO INDICATION OF INJURY","0","0","0","0","0","32","0","15","3","X002086670","41.8236906359","-87.6294942884","POINT (-87.629494288434 41.82369063588)"
"f4450e3eaa2ad0250cc203921f1e00e85861975e7f01df0b5280a63818ab76e2e02bd044832a190964e4762fc1791c3981478d291616d02ab085a0fb9cc0d9f6",,"2020-11-19T04:35:00.000","30","NO CONTROLS","NO CONTROLS","CLEAR","DARKNESS, LIGHTED ROAD","FIXED OBJECT","NOT DIVIDED",,"STRAIGHT AND LEVEL","DRY","NO DEFECTS","ON SCENE","INJURY AND / OR TOW DUE TO CRASH",,,,"OVER $1,500","2020-11-19T04:42:00.000","UNABLE TO DETERMINE","NOT APPLICABLE","3064","S","ROCKWELL ST","1034",,,,,,,"1.0","11","INCAPACITATING INJURY","2.0","0","2","0","0","0","0","4","5","X002076919",,,
"9cdbc749916f15597767f31ec895733565b5dd3b2062fa9c499e2061588571a1d3afaa49cd6d4a5b72abcd041b57a9f984c37f402fb11e1b8c5f6b9df313df85",,"2021-01-04T10:45:00.000","15","NO CONTROLS","NO CONTROLS","CLEAR","DAYLIGHT","PARKED MOTOR VEHICLE","ONE-WAY",,"STRAIGHT AND LEVEL","DRY","NO DEFECTS","ON SCENE","NO INJURY / DRIVE AWAY",,,,"$500 OR LESS","2021-01-04T10:50:00.000","NOT APPLICABLE","NOT APPLICABLE","10255","W","ZEMKE RD","1654",,,,,,,"2","1","NO INDICATION OF INJURY","0","0","0","0","0","1","0","10","2","X002117846","41.9947933861","-87.8827076595","POINT (-87.882707659516 41.994793386112)"
"42ba17bb9a1536d4c87fcc05d98ef916a8b59da60168851798be8b3596cc19cca9d196c2c956c410ee061bdb071f5caf42b2a6ce7de26bb65eb7e83521983934",,"2020-11-20T23:08:00.000","25","NO CONTROLS","NO CONTROLS","CLEAR","DARKNESS, LIGHTED ROAD","FIXED OBJECT","NOT DIVIDED",,"CURVE, LEVEL","DRY","NO DEFECTS","ON SCENE","INJURY AND / OR TOW DUE TO CRASH",,,,"OVER $1,500","2020-11-20T23:08:00.000","OPERATING VEHICLE IN ERRATIC, RECKLESS, CARELESS, NEGLIGENT OR AGGRESSIVE MANNER","NOT APPLICABLE","507","W","83RD ST","622",,,,,,,"1.0","11","NONINCAPACITATING INJURY","1.0","0","0","1","0","0","0","23","6","X002077858",,,
"8d6e7e33eccdb41c0f324831a576a7f25c9bf4f3f7b3d59cc8cb882a8fde9add574c5e08e68435b068e730d187c6aa242f8d9ff73d5bcd0d0d6b926e797f98d2",,"2020-11-24T20:40:00.000","30","UNKNOWN","UNKNOWN","UNKNOWN","DARKNESS, LIGHTED ROAD","FIXED OBJECT","NOT DIVIDED",,"STRAIGHT AND LEVEL","WET","UNKNOWN","ON SCENE","INJURY AND / OR TOW DUE TO CRASH",,,,"$501 - $1,500","2020-11-24T20:44:00.000","NOT APPLICABLE","NOT APPLICABLE","2615","S","CALIFORNIA AVE","1034",,,,,,,"1.0","11","REPORTED, NOT EVIDENT","1.0","0","0","0","1","0","0","20","3","X002082253",,,
"9608051049fa4fc2bde90504aaaacd8b47843935f807be04a74bdca6fdbe590f0c09fe95edb6764f80d5af2f137a826997e7102597a93ea451330f2a88755f55",,"2020-12-07T14:37:00.000","15","TRAFFIC SIGNAL","FUNCTIONING PROPERLY","CLEAR","DAYLIGHT","SIDESWIPE SAME DIRECTION","OTHER",,"STRAIGHT AND LEVEL","DRY","NO DEFECTS","NOT ON SCENE (DESK REPORT)","NO INJURY / DRIVE AWAY",,,"Y","$500 OR LESS","2020-12-07T15:00:00.000","IMPROPER OVERTAKING/PASSING","FAILING TO YIELD RIGHT-OF-WAY","5500","S","WENTWORTH AVE","225",,,,,,,"2.0","12","NO INDICATION OF INJURY","0.0","0","0","0","0","2","0","14","2","X002091693",,,
"67d6f9f098f2edb573fd077f33d0af1565fc4ca1358e664054c89aeb11f772c2126e915ec4af428dd9566fa948b49c455938f71b12e8e4cdfe3ade074b3af8e0",,"2020-12-14T14:37:00.000","30","UNKNOWN","UNKNOWN","UNKNOWN","DAYLIGHT","PARKED MOTOR VEHICLE","ONE-WAY",,"STRAIGHT AND LEVEL","UNKNOWN","UNKNOWN","ON SCENE","NO INJURY / DRIVE AWAY","N",,"Y","OVER $1,500","2020-12-14T14:47:00.000","UNABLE TO DETERMINE","NOT APPLICABLE","598","W","SURF ST","1934",,,,,,,"3.0","12","NO INDICATION OF INJURY","0.0","0","0","0","0","1","0","14","2","X002097704",,,
"8ea5a37e17eae567ec110f16c697133eada3c7571253c83172135ea7a0bacc9b6a8a916c8c404bffd8a1154063e39cfd11d48e3d8b559c9a785d525dfc499cf3",,"2020-12-06T11:40:00.000","30","TRAFFIC SIGNAL","FUNCTIONING PROPERLY","CLEAR","DAYLIGHT","PARKED MOTOR VEHICLE","OTHER",,"STRAIGHT AND LEVEL","WET","UNKNOWN","ON SCENE","NO INJURY / DRIVE AWAY",,,,"$501 - $1,500","2020-12-06T11:40:00.000","NOT APPLICABLE","NOT APPLICABLE","7601","S","JEFFERY BLVD","414",,,,,,,"2","12",,,,,,,,,"11","1","X002090476","41.7569700964","-87.5759544623","POINT (-87.575954462331 41.756970096425)"
"da1f4987d778b7f95fb6f6aa8f22273ce0b0af3df85d07b72cf77e2e5006fd0080993cbd7a6c48e15621a0fa5bb98934fff487ee9db7ca9380d50a3c6ac70ad7",,"2020-12-19T12:41:00.000","10","NO CONTROLS","OTHER","CLEAR","DARKNESS, LIGHTED ROAD","ANGLE","PARKING LOT",,"STRAIGHT AND LEVEL","WET","NO DEFECTS","ON SCENE","NO INJURY / DRIVE AWAY","Y",,,"$501 - $1,500","2020-12-19T13:35:00.000","FAILING TO YIELD RIGHT-OF-WAY","FAILING TO YIELD RIGHT-OF-WAY","1","W","PARKING LOT A ST","1654",,,,,,,"2.0","12","NO INDICATION OF INJURY","0.0","0","0","0","0","2","0","12","7","X002112883",,,
"37a9d012c84585d8161fd445fdf4dbece44eafc0013e857e9bbc4f130d46fdd29251a6a5aff702d03084bb03bba352939c93218f67392530309bfbc978dcc288",,"2020-11-29T19:55:00.000","25","NO CONTROLS","NO CONTROLS","CLEAR","DARKNESS, LIGHTED ROAD","PARKED MOTOR VEHICLE","ONE-WAY",,"STRAIGHT AND LEVEL","DRY","NO DEFECTS","ON SCENE","NO INJURY / DRIVE AWAY",,,"Y","OVER $1,500","2020-11-29T19:57:00.000","IMPROPER LANE USAGE","UNABLE TO DETERMINE","3","W","TERMINAL ST","1653",,,,,,,"2.0","11","NO INDICATION OF INJURY","0.0","0","0","0","0","1","0","19","1","X002085260",,,
"3dab233a96f7b8dc25c4914742052f39fe50d85b04b23a70538d584825ec8c50de2e2581fd3c5808371bf9fecfe304671be65e8403a4e45e529934ace57d9129",,"2021-01-11T14:38:00.000","20","NO CONTROLS","NO CONTROLS","CLEAR","DAYLIGHT","SIDESWIPE SAME DIRECTION","OTHER",,"STRAIGHT AND LEVEL","DRY","NO DEFECTS","ON SCENE","INJURY AND / OR TOW DUE TO CRASH",,,,"$501 - $1,500","2021-01-11T14:46:00.000","FAILING TO YIELD RIGHT-OF-WAY","VISION OBSCURED (SIGNS, TREE LIMBS, BUILDINGS, ETC.)","3","W","TERMINAL ST","1653",,,,,,,"2.0","1","NO INDICATION OF INJURY","0.0","0","0","0","0","2","0","14","2","X002121139",,,
"513fd1498784061f283097d1884c4e0b152808946a184b2061d9d8f598fce44076e7496a21e43db04f85df0d556bb12fa8d2f4facde3463d2ad7e68bc1e3171d",,"2020-12-24T14:31:00.000","20","TRAFFIC SIGNAL","NO CONTROLS","CLEAR","DAYLIGHT","SIDESWIPE SAME DIRECTION","RAMP",,"STRAIGHT AND LEVEL","DRY","NO DEFECTS","NOT ON SCENE (DESK REPORT)","NO INJURY / DRIVE AWAY",,,,"OVER $1,500","2020-12-24T14:40:00.000","IMPROPER LANE USAGE","NOT APPLICABLE","5","W","TERMINAL ST","1655",,,,,,,"2.0","12","NO INDICATION OF INJURY","0.0","0","0","0","0","2","0","14","5","X002106822",,,
"f699bbeb7265575e61534f574b4b14e0a03ef37f91ceee73cf1395f5a88916838c9001c8bdc8dbb094251dfaf1883a0f6e17bdfca718caffbe1ae46f3fae90df",,"2021-01-21T18:45:00.000","30","TRAFFIC SIGNAL","FUNCTIONING PROPERLY","CLEAR","DARKNESS, LIGHTED ROAD","REAR END","FOUR WAY",,"STRAIGHT AND LEVEL","DRY","NO DEFECTS","NOT ON SCENE (DESK REPORT)","NO INJURY / DRIVE AWAY",,,,"$501 - $1,500","2021-01-21T19:15:00.000","UNABLE TO DETERMINE","UNABLE TO DETERMINE","1700","S","KEDZIE AVE","1022",,,,,,,"2.0","1","NO INDICATION OF INJURY","0.0","0","0","0","0","3","0","18","5","X002129814",,,
"71c601e0909573d0abce4d3697e76873ee4e0ec8beace42ab299bbcd850ca08266f3598b653187cf165686f089f2a951f269a1654741947403cdce87ea078f3a",,"2020-11-20T19:15:00.000","15","NO CONTROLS","NO CONTROLS","CLEAR","DARKNESS, LIGHTED ROAD","SIDESWIPE SAME DIRECTION","ONE-WAY",,"STRAIGHT AND LEVEL","DRY","NO DEFECTS","ON SCENE","NO INJURY / DRIVE AWAY",,,,"OVER $1,500","2020-11-20T19:17:00.000","UNABLE TO DETERMINE","UNABLE TO DETERMINE","1","W","TERMINAL ST","1651",,,,,,,"3.0","11","NO INDICATION OF INJURY","0.0","0","0","0","0","3","0","19","6","X002081130",,,
"05b32156cf788e487f5ac8ff8ca8ada835805818a2ad30259d2e786a4dc9fbd70243e7c9acdd3d60efa75c714b69fbe5874d8f5aac18a52635ea456150f2d0bf",,"2021-01-13T14:00:00.000","30","NO CONTROLS","NO CONTROLS","CLEAR","DAYLIGHT","REAR END","NOT DIVIDED",,"STRAIGHT AND LEVEL","DRY","NO DEFECTS","ON SCENE","NO INJURY / DRIVE AWAY","N",,"Y","OVER $1,500","2021-01-13T14:00:00.000","FOLLOWING TOO CLOSELY","UNABLE TO DETERMINE","105","E","47TH ST","224",,,,,,,"3","1","NO INDICATION OF INJURY","0","0","0","0","0","3","0","14","4","X002124047","41.8091812937","-87.6225691339","POINT (-87.622569133922 41.809181293691)"
"f59f115cb6eda57e929debe2c17026ca17bce6ad0d9842cdcec64f1779dada0c32925d2209fe9ac280cc57acafb6462896470052d27d63d2eae5c8e7e36fdb06",,"2020-11-18T19:20:00.000","55","NO CONTROLS","NO CONTROLS","RAIN","DARKNESS","FIXED OBJECT","RAMP",,"CURVE ON GRADE","WET","NO DEFECTS","ON SCENE","INJURY AND / OR TOW DUE TO CRASH",,,,"$501 - $1,500","2020-11-25T19:24:00.000","WEATHER","NOT APPLICABLE","6501","S","CHICAGO SKYWAY IB","312",,,,,,,"2.0","11","NO INDICATION OF INJURY","0.0","0","0","0","0","1","0","19","4","X002082650",,,
"5466c65aa0ba6c4811fb8bbb5ff5e09574a603d97ca90ab07ff1fdfd5367f6fdecf34dd3028a774b05f87c35d9e232e13bcd73682bec459352e5bbe51c7a2766",,"2020-11-27T07:15:00.000","15","NO CONTROLS","NO CONTROLS","CLEAR","DARKNESS, LIGHTED ROAD","PARKED MOTOR VEHICLE","PARKING LOT",,"STRAIGHT AND LEVEL","DRY","NO DEFECTS","ON SCENE","NO INJURY / DRIVE AWAY",,,,"$501 - $1,500","2020-11-27T07:20:00.000","FAILING TO YIELD RIGHT-OF-WAY","NOT APPLICABLE","514","W","OHARE ST","1654",,,,,,,"2.0","11","NO INDICATION OF INJURY","0.0","0","0","0","0","1","0","7","6","X002083635",,,
"ac45c7e3b5f9647c5e2f55959fd7f57c55fca34880d6823e0c224014ff05844986a141ac19e9fdd5f16b3073666331ced85041c9de447e2774e62c6d5ad30315",,"2021-01-24T16:00:00.000","10","NO CONTROLS","NO CONTROLS","CLEAR","DAYLIGHT","SIDESWIPE SAME DIRECTION","PARKING LOT",,"STRAIGHT AND LEVEL","DRY","UNKNOWN","ON SCENE","NO INJURY / DRIVE AWAY",,,,"OVER $1,500","2021-01-24T16:00:00.000","UNABLE TO DETERMINE","UNABLE TO DETERMINE","616","W","OHARE ST","1654",,,,,,,"2.0","1","NO INDICATION OF INJURY","0.0","0","0","0","0","2","0","16","1","X002133011",,,
"5e17d76183f8134915fb14ac71e363fefe9b98c0d60ede81a223ef81430bf55b15e2ca53b1067b2bf33f53ceae5f3ef51424ecd5953574fa6ef8184f15923b72",,"2021-01-25T20:30:00.000","25","NO CONTROLS","NO CONTROLS","SNOW","DARKNESS, LIGHTED ROAD","TURNING","OTHER",,"STRAIGHT AND LEVEL","SNOW OR SLUSH","NO DEFECTS","ON SCENE","NO INJURY / DRIVE AWAY",,,,"OVER $1,500","2021-01-25T20:35:00.000","WEATHER","WEATHER","516","W","OHARE ST","1654",,,,,,,"2.0","1","NO INDICATION OF INJURY","0.0","0","0","0","0","2","0","20","2","X002137555",,,
"ad0580822009ed6b415d60d6d37fde980aedbffd5dd0c672c161bf98582c0d9bf393f1b69bb1522e0d59313903f3f04d4ec901bbc9a257490d47e04c9fbcc8e3",,"2020-12-01T06:30:00.000","20","NO CONTROLS","NO CONTROLS","CLEAR","DAWN","OTHER OBJECT","PARKING LOT",,"STRAIGHT AND LEVEL","DRY","RUT, HOLES","ON SCENE","INJURY AND / OR TOW DUE TO CRASH",,,,"OVER $1,500","2020-12-02T06:04:00.000","FOLLOWING TOO CLOSELY","DRIVING SKILLS/KNOWLEDGE/EXPERIENCE","450","W","OHARE ST","1654",,,,,,,"1.0","12","NO INDICATION OF INJURY","0.0","0","0","0","0","1","0","6","3","X002087155",,,
"b47709893ae3c8f8ec9ed73ccf8e10984d1d6eed7292e15852ab51636f44c199d6c46164954b2dbfc3f7ab775da2d67ef734aad322e4ace70d37e008272d0578",,"2020-12-08T11:33:00.000","45","TRAFFIC SIGNAL","FUNCTIONING PROPERLY","UNKNOWN","DAYLIGHT","REAR END","DIVIDED - W/MEDIAN BARRIER",,"STRAIGHT AND LEVEL","UNKNOWN","NO DEFECTS","NOT ON SCENE (DESK REPORT)","NO INJURY / DRIVE AWAY",,,,"OVER $1,500","2020-12-08T12:45:00.000","UNABLE TO DETERMINE","UNABLE TO DETERMINE","6258","S","LAKE SHORE DR","331",,,,,,,"2.0","12","NO INDICATION OF INJURY","0.0","0","0","0","0","2","0","11","3","X002092780",,,
"43e7db7ba80ca3141360712e1b4c4690befc95601782c4f0678892180959fe25e92ca0cf809e5e4ec82a3c1018a3a379329282373090b0970a2bcff09051e48c",,"2020-12-13T04:00:00.000","0","NO CONTROLS","NO CONTROLS","CLEAR","DAYLIGHT","PARKED MOTOR VEHICLE","PARKING LOT",,"STRAIGHT AND LEVEL","DRY","NO DEFECTS","NOT ON SCENE (DESK REPORT)","NO INJURY / DRIVE AWAY",,,"Y","$501 - $1,500","2020-12-14T22:12:00.000","UNABLE TO DETERMINE","UNABLE TO DETERMINE","350","N","LOWER LA SALLE ST","1831",,,,,,,"2.0","12","NO INDICATION OF INJURY","0.0","0","0","0","0","1","0","4","1","X002099907",,,
"4f04a8c87bcf32c32fe4cc6ba81287335d99153ef166e485ce18ae2728be59222bf8944a9b6531ebaa461bc41fb7a61e47f8f09abcfc049330a766d9020259fb",,"2020-12-02T09:01:00.000","25","TRAFFIC SIGNAL","FUNCTIONING PROPERLY","CLEAR","DAYLIGHT","REAR END","OTHER",,"STRAIGHT AND LEVEL","DRY","NO DEFECTS","ON SCENE","INJURY AND / OR TOW DUE TO CRASH",,,,"OVER $1,500","2020-12-02T09:01:00.000","FAILING TO REDUCE SPEED TO AVOID CRASH","UNABLE TO DETERMINE","11247","S","HAMLET AVE","2234",,,,,,,"2.0","12","NONINCAPACITATING INJURY","1.0","0","0","1","0","2","0","9","4","X002090212",,,
"170c7be0b9c31656ea798dd300042411b9f08a68fc26fdf7e8310b33a18424f0e6b74f20a370fbdb5eb3d6023316640595589a87acaf56d985a8bf73fcdb2858",,"2020-12-31T19:50:00.000","30","NO CONTROLS","NO CONTROLS","CLEAR","DUSK","REAR END","NOT DIVIDED",,"STRAIGHT AND LEVEL","DRY","NO DEFECTS","ON SCENE","NO INJURY / DRIVE AWAY",,,"Y","OVER $1,500","2020-12-31T20:01:00.000","UNABLE TO DETERMINE","UNABLE TO DETERMINE","1239","W","LAKE ST","1224",,,,,,,"2","12","NO INDICATION OF INJURY","0","0","0","0","0","2","0","19","5","X002112288","41.8853702013","-87.6583666493","POINT (-87.658366649327 41.885370201339)"
"135c1de152d7e9cc9e5e98ff984cfeb217b3212b46b1e5a6737de7bee0fa2543843823d631c429aadecebfdc1d684dfa2d8d08dc4b2b13821cdbdb26bdff697a",,"2020-11-22T18:15:00.000","25","NO CONTROLS","NO CONTROLS","CLEAR","DARKNESS, LIGHTED ROAD","REAR END","ONE-WAY",,"STRAIGHT AND LEVEL","DRY","NO DEFECTS","ON SCENE","NO INJURY / DRIVE AWAY",,,,"OVER $1,500","2020-11-22T18:15:00.000","FOLLOWING TOO CLOSELY","UNABLE TO DETERMINE","1","W","TERMINAL ST","1651",,,,,,,"3.0","11","NO INDICATION OF INJURY","0.0","0","0","0","0","3","0","18","1","X002081129",,,
"56bda4ffc60f43ae89844d17c1443d305485319b54b8d070c85a924aa95eaafd0ee61d4aed6b57e3352356cfe2341efa6644e3094baa4fad81d624bca0b96a88",,"2017-09-12T13:00:00.000","30","NO CONTROLS","NO CONTROLS","CLEAR","DAYLIGHT","REAR END","NOT DIVIDED",,"STRAIGHT AND LEVEL","DRY","NO DEFECTS","NOT ON SCENE (DESK REPORT)","NO INJURY / DRIVE AWAY",,,,"$501 - $1,500","2017-09-14T11:00:00.000","UNABLE TO DETERMINE","UNABLE TO DETERMINE","8716","S","WALLACE ST","2223",,,,,,,"2.0","9","NO INDICATION OF INJURY","0.0","0","0","0","0","2","0","13","3","X000908926","41.735367667","-87.6388790407","POINT (-87.638879040659 41.73536766705)"
"4150aa56f143b44d845e2d9ba896b0b7d9c7b611d6482b0503d88dc4b4eaee1eab1fb0e2f9c64c405892d663dd2ad26b647c78b1303db6f07703360b1812bcc7",,"2024-12-28T23:55:00.000","10","NO CONTROLS","NO CONTROLS","RAIN","DARKNESS","SIDESWIPE SAME DIRECTION","ONE-WAY",,"STRAIGHT AND LEVEL","WET","NO DEFECTS","ON SCENE","NO INJURY / DRIVE AWAY",,,,"OVER $1,500","2024-12-28T23:58:00.000","FAILING TO YIELD RIGHT-OF-WAY","UNABLE TO DETERMINE","10020","W","BALMORAL AVE","1654",,,,,,,"2.0","12","NO INDICATION OF INJURY","0.0","0","0","0","0","2","0","23","7","X003674971",,,
"ede34375ca2bceed4ff6c02ffc664401d2f675b1500bdb4e0e2b7e3e8c3fb732f7842bf199a296b2bba86e46167878ff4b651d644d5bbb70986233345e41d44d",,"2025-01-04T19:48:00.000","30","UNKNOWN","UNKNOWN","UNKNOWN","UNKNOWN","SIDESWIPE OPPOSITE DIRECTION","UNKNOWN",,"STRAIGHT AND LEVEL","UNKNOWN","UNKNOWN","NOT ON SCENE (DESK REPORT)","NO INJURY / DRIVE AWAY",,,,"$500 OR LESS","2025-01-07T13:55:00.000","UNABLE TO DETERMINE","UNABLE TO DETERMINE","10000","W","BALMORAL AVE","1654",,,,,,,"2.0","1","NO INDICATION OF INJURY","0.0","0","0","0","0","2","0","19","7","X003683261",,,
"bc631ea415a1eb5372633c7a938e1c115e6d867651200af20b6b764571a00b9edec2d49ef57ec832042154995156e5cac398fbc9e8676f76e0e4dde5fb382e8d",,"2025-01-12T19:00:00.000","10","STOP SIGN/FLASHER","NO CONTROLS","CLEAR","DARKNESS, LIGHTED ROAD","FIXED OBJECT","PARKING LOT",,"STRAIGHT AND LEVEL","WET","NO DEFECTS","ON SCENE","NO INJURY / DRIVE AWAY",,,,"OVER $1,500","2025-01-12T19:35:00.000","UNABLE TO DETERMINE","NOT APPLICABLE","1","W","PARKING LOT A ST","1654",,,,,,,"1.0","1","NO INDICATION OF INJURY","0.0","0","0","0","0","1","0","19","1","X003690502",,,
"73f5356c81f7e9de50ff39816d93c350b4eb415856e5e888695ddffb06c2839fca7070b2ddc987b7e49d7a43f593c80c9aecd5175b6e50f3b5cb430efc0c9223",,"2025-01-19T15:25:00.000","30","UNKNOWN","UNKNOWN","CLEAR","DAYLIGHT","TURNING","DIVIDED - W/MEDIAN (NOT RAISED)",,"STRAIGHT AND LEVEL","DRY","UNKNOWN","ON SCENE","NO INJURY / DRIVE AWAY",,,"Y","$501 - $1,500","2025-01-19T15:35:00.000","NOT APPLICABLE","FAILING TO YIELD RIGHT-OF-WAY","8899","S","COLFAX AVE","423",,,,,,,"2.0","1","NO INDICATION OF INJURY","0.0","0","0","0","0","2","0","15","1","X003696949",,,
"68f849073e28113963cb9d1d2cc5f23f04eea8660c3896f55333f9ab278a10d7f81acd351b1048bfe5eaffc272d6ad169190a6ab18585534c63f6d85ba7b2662",,"2017-10-14T06:21:00.000","35","NO CONTROLS","NO CONTROLS","RAIN","DAWN","FIXED OBJECT","DIVIDED - W/MEDIAN BARRIER","2","STRAIGHT AND LEVEL","WET","NO DEFECTS","NOT ON SCENE (DESK REPORT)","INJURY AND / OR TOW DUE TO CRASH",,,,"OVER $1,500","2017-10-14T06:30:00.000","UNABLE TO DETERMINE","UNABLE TO DETERMINE","400","N","LOWER LAKE SHORE DR","1834",,"Y",,,,,"1.0","10","NO INDICATION OF INJURY","0.0","0","0","0","0","3","0","6","7","X000938910",,,
"b1137008c85c323738c8f337685ab76aa65a0e6d8b9aab68ce561511f2f5b94056e03629b0372b587f848f80c196038d8b483d69ba303a8338bb397430528965",,"2025-01-14T07:15:00.000","55","NO CONTROLS","NO CONTROLS","SNOW","DAYLIGHT","SIDESWIPE SAME DIRECTION","DIVIDED - W/MEDIAN (NOT RAISED)",,"STRAIGHT AND LEVEL","SNOW OR SLUSH","NO DEFECTS","ON SCENE","NO INJURY / DRIVE AWAY",,,,"OVER $1,500","2025-01-14T07:31:00.000","IMPROPER LANE USAGE","WEATHER","6800","S","CHICAGO SKYWAY OB","322",,,,,,,"2.0","1","NO INDICATION OF INJURY","0.0","0","0","0","0","2","0","7","3","X003693346",,,
"672ba5302ed20badb2db94f7bcf722b44d8ad46ac694c231463d1c5469adcba5d2da6724ad44605e2dbeaf50401c2de07b410b5cb6fd0bd976899aae23fb55a9",,"2025-01-13T14:00:00.000","15","NO CONTROLS","NO CONTROLS","CLEAR","DAYLIGHT","PARKED MOTOR VEHICLE","PARKING LOT",,"STRAIGHT AND LEVEL","DRY","NO DEFECTS","ON SCENE","NO INJURY / DRIVE AWAY",,,,"$501 - $1,500","2025-01-13T16:00:00.000","UNABLE TO DETERMINE","UNABLE TO DETERMINE","12900","S","METRON DR","434",,,,,,,"2.0","1","NO INDICATION OF INJURY","0.0","0","0","0","0","2","0","14","2","X003690345",,,
"80789a1237e2ad5b46fe481ade78e60b7952fcca8cb3eec42118c9753338f5016d66766e00dce72dcb260dcf127aa89fe46eea24bec9b5e68ec53ac14a04f8d9",,"2021-01-20T15:10:00.000","25","OTHER","FUNCTIONING PROPERLY","CLEAR","DAYLIGHT","FIXED OBJECT","ONE-WAY",,"STRAIGHT AND LEVEL","DRY","NO DEFECTS","ON SCENE","NO INJURY / DRIVE AWAY",,,,"OVER $1,500","2021-01-20T15:11:00.000","VISION OBSCURED (SIGNS, TREE LIMBS, BUILDINGS, ETC.)","NOT APPLICABLE","700","W","OHARE ST","1654",,,,,,,"1.0","1","NO INDICATION OF INJURY","0.0","0","0","0","0","1","0","15","4","X002131476",,,
"ba3e6c3dfb2d92dbafd57114165732e9b356aa7dd1948df98b4ac180d4898dda9b0668a2e6fa6bf665116ab050c88d7187143ef0b59d42252f25a25ff53b258a",,"2020-12-24T19:30:00.000","55","NO CONTROLS","NO CONTROLS","CLEAR","DARKNESS","SIDESWIPE SAME DIRECTION","DIVIDED - W/MEDIAN BARRIER",,"STRAIGHT AND LEVEL","DRY","NO DEFECTS","ON SCENE","INJURY AND / OR TOW DUE TO CRASH",,,,"OVER $1,500","2020-12-24T19:39:00.000","UNABLE TO DETERMINE","NOT APPLICABLE","8500","S","CHICAGO SKYWAY OB","412",,,,,,,"2.0","12","NO INDICATION OF INJURY","0.0","0","0","0","0","2","0","19","5","X002106885",,,
"8340e9d52140035ba305d581f2670a312d03f2d9a422d0d608c4ea05bb6e671c88d5415763bf8ba418d87adae270d219aa9b532fd4a1aebd8010b90b23074371",,"2020-12-17T13:30:00.000","15","NO CONTROLS","NO CONTROLS","CLEAR","DAYLIGHT","PARKED MOTOR VEHICLE","PARKING LOT",,"STRAIGHT AND LEVEL","DRY","NO DEFECTS","ON SCENE","NO INJURY / DRIVE AWAY",,,,"$501 - $1,500","2020-12-17T13:40:00.000","UNABLE TO DETERMINE","NOT APPLICABLE","1","W","PARKING LOT B ST","1654",,,,,,,"2.0","12","NO INDICATION OF INJURY","0.0","0","0","0","0","1","0","13","5","X002102380",,,