"crash_record_id","crash_date_est_i","crash_date","posted_speed_limit","traffic_control_device","device_condition","weather_condition","lighting_condition","first_crash_type","trafficway_type","lane_cnt","alignment","roadway_surface_cond","road_defect","report_type","crash_type","intersection_related_i","private_property_i","hit_and_run_i","damage","date_police_notified","prim_contributory_cause","sec_contributory_cause","street_no","street_direction","street_name","beat_of_occurrence","photos_taken_i","statements_taken_i","dooring_i","work_zone_i","work_zone_type","workers_present_i","num_units","crash_month","most_severe_injury","injuries_total","injuries_fatal","injuries_incapacitating","injuries_non_incapacitating","injuries_reported_not_evident","injuries_no_indication","injuries_unknown","crash_hour","crash_day_of_week","idot_control_no","latitude","longitude","location"
"577375b048391ec2f7bdbd0739b85024712dee9725535a24b1bcaec4cf13eae367621be02a988d0e04d186b7c90ca745a2e097550e2e3aeb2c771b9846b3a503",,"2021-01-22T15:35:00.000","55","NO CONTROLS","NO CONTROLS","CLEAR","DAYLIGHT","REAR END","OTHER",,"STRAIGHT AND LEVEL","DRY","NO DEFECTS","ON SCENE","NO INJURY / DRIVE AWAY",,,"Y","OVER $1,500","2021-01-22T15:35:00.000","UNABLE TO DETERMINE","UNABLE TO DETERMINE","5300","S","DAN RYAN LOCAL OB","935",,,,,,,"2.0","1","NO INDICATION OF INJURY","0.0","0","0","0","0","7","0","15","6","X002130710",,,
"d0ad6ecb8771a5bc0d546d6389da8901925a7fd030e07719480bc0984c8355a6560f1a78b67a290798916638403d4392d2ffa2c1e8c827dc2a507a8a8aa061d1",,"2020-11-19T12:15:00.000","30","TRAFFIC SIGNAL","FUNCTIONING PROPERLY","CLEAR","DAYLIGHT","TURNING","NOT DIVIDED",,"STRAIGHT AND LEVEL","DRY","UNKNOWN","NOT ON SCENE (DESK REPORT)","NO INJURY / DRIVE AWAY",,,"Y","OVER $1,500","2020-11-19T12:35:00.000","UNABLE TO DETERMINE","UNABLE TO DETERMINE","501","S","SACRAMENTO BLVD","1135",,,,,,,"2.0","11","NO INDICATION OF INJURY","0.0","0","0","0","0","2","0","12","5","X002077056",,,
"6f2e13b05a2eb2e7da66f2f0cbf98cb1a7f99d610c0e5fe0225069d75195fc2d968cc7674f1a310379a610e1c2a265330c3e71dd6831880e7d7bd547f5b73098",,"2021-01-08T13:00:00.000","20","STOP SIGN/FLASHER","FUNCTIONING PROPERLY","CLEAR","DAYLIGHT","TURNING","DIVIDED - W/MEDIAN (NOT RAISED)",,"STRAIGHT AND LEVEL","DRY","NO DEFECTS","NOT ON SCENE (DESK REPORT)","NO INJURY / DRIVE AWAY",,,,"OVER $1,500","2021-01-09T09:52:00.000","UNABLE TO DETERMINE","NOT APPLICABLE","859","S","AUSTIN BLVD","1513",,,,,,,"2.0","1","NO INDICATION OF INJURY","0.0","0","0","0","0","2","0","13","6","X002119495",,,
"5b22f72af49379e2b71671c1834a19e9f5f57bf0f33eb0560fab751d48b95b4eea38f606f79a6dc9751c87fa8feb72b9c652d3914b7d650c1bb83b963f848281",,"2021-01-01T10:15:00.000","30","NO CONTROLS","NO CONTROLS","FREEZING RAIN/DRIZZLE","DAYLIGHT","REAR END","ONE-WAY",,"STRAIGHT AND LEVEL","WET","NO DEFECTS","ON SCENE","INJURY AND / OR TOW DUE TO CRASH",,,,"OVER $1,500","2021-01-01T10:19:00.000","FOLLOWING TOO CLOSELY","DRIVING SKILLS/KNOWLEDGE/EXPERIENCE","45","W","I190 EXPY","1654",,,,,,,"2.0","1","NONINCAPACITATING INJURY","3.0","0","0","2","1","0","0","10","6","X002113173",,,
"7c8ea504c284dbb5b2d5b1452b524f15c66d56bdaed6c7bf58c33c9ce4e5d7f5a684c32f39cb73ba985c90354a3fd95add781ce73f64c1f1dceaf700c15023de",,"2020-12-14T07:27:00.000","25","NO CONTROLS","NO CONTROLS","CLEAR","DAYLIGHT","TURNING","NOT DIVIDED",,"STRAIGHT AND LEVEL","DRY","NO DEFECTS","ON SCENE","NO INJURY / DRIVE AWAY",,,,"$501 - $1,500","2020-12-14T07:33:00.000","NOT APPLICABLE","NOT APPLICABLE","1622","W","102ND ST","2213",,,,,,,"2","12","NO INDICATION OF INJURY","0","0","0","0","0","3","0","7","2","X002097264","41.7083772791","-87.6631567324","POINT (-87.663156732446 41.708377279079)"
"3ae77fe8c49e3ebf46ec95b38a9a7108061d0771e744b0f8a650c92e4438b302190a83a7b84e2d241313274e5b65f01fb27f5a29a47d207c2be877fdd6ea7eb5",,"2020-12-17T15:05:00.000","20","NO CONTROLS","NO CONTROLS","CLEAR","DUSK","PARKED MOTOR VEHICLE","ONE-WAY",,"STRAIGHT AND LEVEL","DRY","NO DEFECTS","ON SCENE","NO INJURY / DRIVE AWAY",,,,"OVER $1,500","2020-12-17T15:39:00.000","UNABLE TO DETERMINE","UNABLE TO DETERMINE","1418","W","OLIVE AVE","2013",,,,,,,"3","12","NO INDICATION OF INJURY","0","0","0","0","0","1","0","15","5","X002100432","41.9846240417","-87.6657651385","POINT (-87.665765138457 41.984624041706)"
"8e2709dacd7e013854cc69e121000bfdecb9afc7b035ee02be52823c1b995a8f6bfa005f78b54ac7cd476e82fb3a61df68569496b0b7573d5401f93d794acb93",,"2020-11-19T13:45:00.000","15","NO CONTROLS","NO CONTROLS","CLEAR","DAYLIGHT","REAR END","NOT DIVIDED",,"STRAIGHT AND LEVEL","DRY","NO DEFECTS","ON SCENE","NO INJURY / DRIVE AWAY",,,,"$501 - $1,500","2020-11-19T13:56:00.000","FOLLOWING TOO CLOSELY","UNABLE TO DETERMINE","514","W","OHARE ST","1654",,,,,,,"2.0","11","NO INDICATION OF INJURY","0.0","0","0","0","0","2","0","13","5","X002076644",,,
"6b5561f9cacb3b6122943400383f076e4bbdf6c5cc8535038d92e50ecaf8c69b2f03e5a79fe814bb34db099a0ec542481376c005902f2c55e2b3d1288b9c9222",,"2025-01-16T07:00:00.000","25","NO CONTROLS","NO CONTROLS","CLOUDY/OVERCAST","DAYLIGHT","SIDESWIPE SAME DIRECTION","ONE-WAY",,"STRAIGHT AND LEVEL","WET","NO DEFECTS","ON SCENE","NO INJURY / DRIVE AWAY",,,"Y","OVER $1,500","2025-01-16T07:09:00.000","IMPROPER LANE USAGE","DRIVING SKILLS/KNOWLEDGE/EXPERIENCE","1","W","TERMINAL ST","1651",,,,,,,"2.0","1","NO INDICATION OF INJURY","0.0","0","0","0","0","2","0","7","5","X003693470",,,
"ffe770c0c96e23933cda5660d4c7a503da1b9853ef22ec84bc5d516b7ace01e869f6b8c126db16c45b2cb615d7c1bdfebd490125c7060732af747b3ecb4408bf",,"2024-12-21T02:30:00.000","25","NO CONTROLS","NO CONTROLS","CLEAR","DARKNESS, LIGHTED ROAD","FIXED OBJECT","DIVIDED - W/MEDIAN (NOT RAISED)",,"STRAIGHT AND LEVEL","DRY","NO DEFECTS","ON SCENE","NO INJURY / DRIVE AWAY",,,,"$501 - $1,500","2024-12-21T02:35:00.000","UNABLE TO DETERMINE","UNABLE TO DETERMINE","561","W","OHARE ST","1654",,,,,,,"2.0","12","NO INDICATION OF INJURY","0.0","0","0","0","0","2","0","2","7","X003666678",,,
"d4861bbc77da2b8a794bded36bdbcb90e6ab030e3f7ba3b348dc6d747c2b01425d5c2957530992c0739adbdeb80e62084fe791826fc2ebc8f6c0d01c7531f13c",,"2025-01-03T18:51:00.000","20","NO CONTROLS","NO CONTROLS","CLEAR","DARKNESS","PARKED MOTOR VEHICLE","PARKING LOT",,"STRAIGHT AND LEVEL","DRY","NO DEFECTS","ON SCENE","NO INJURY / DRIVE AWAY",,,,"OVER $1,500","2025-01-03T19:00:00.000","IMPROPER LANE USAGE","NOT APPLICABLE","524","W","OHARE ST","1654",,,,,,,"2.0","1","NO INDICATION OF INJURY","0.0","0","0","0","0","1","0","18","6","X003679909",,,
"df8614b43fdd8179bb72de05d7deabf2144a4f6093a1e9ed0fe1bb0d9a7eee2a38280136ec3cbd61f23a49022ef18b51c4bd9bb64ffcc9c9aed643108764563f",,"2025-01-02T05:16:00.000","20","NO CONTROLS","NO CONTROLS","CLEAR","DARKNESS, LIGHTED ROAD","SIDESWIPE SAME DIRECTION","ONE-WAY",,"STRAIGHT AND LEVEL","DRY","NO DEFECTS","ON SCENE","NO INJURY / DRIVE AWAY",,,,"OVER $1,500","2025-01-02T05:45:00.000","FAILING TO YIELD RIGHT-OF-WAY","UNABLE TO DETERMINE","3","W","TERMINAL ST","1653",,,,,,,"2.0","1","NO INDICATION OF INJURY","0.0","0","0","0","0","2","0","5","5","X003678368",,,
"d7dd8f75284e50e2fd46044bac57020920e4c8c61a8bad8c564106cbff01cb866cccd244f8468eee802c4cd761b4790975e4fa363487c770f64e7543c310cfd6",,"2021-01-17T07:10:00.000","15","NO CONTROLS","NO CONTROLS","BLOWING SNOW","DAWN","FIXED OBJECT","PARKING LOT",,"STRAIGHT AND LEVEL","SNOW OR SLUSH","NO DEFECTS","NOT ON SCENE (DESK REPORT)","NO INJURY / DRIVE AWAY",,,,"$500 OR LESS","2021-01-17T07:15:00.000","WEATHER","UNABLE TO DETERMINE","521","W","OHARE ST","1654",,,,,,,"1.0","1","NO INDICATION OF INJURY","0.0","0","0","0","0","1","0","7","1","X002128403",,,
"c8db8d123acb377c3caeb98beb3d9c99b9924655c97921d47749d327f6bba51d80d828477dc38207986747a137a4412a8e36ea9704f1797710cd97fe1d96885a",,"2020-12-23T11:50:00.000","10","OTHER","FUNCTIONING PROPERLY","CLOUDY/OVERCAST","DAYLIGHT","REAR TO FRONT","DIVIDED - W/MEDIAN BARRIER",,"STRAIGHT AND LEVEL","DRY","NO DEFECTS","ON SCENE","NO INJURY / DRIVE AWAY",,"Y","Y","$501 - $1,500","2020-12-23T11:51:00.000","IMPROPER BACKING","UNABLE TO DETERMINE","8800","S","CHICAGO SKYWAY OB","412",,,,,,,"2.0","12","NO INDICATION OF INJURY","0.0","0","0","0","0","2","0","11","4","X002107048",,,
"451e343cb402cdf26f6024720c7fa39b6ed1b51bd35d05127d76d7d6da88c8ab5d79b1424dc4feb710b57ea48e03fc73970a6a77a680d1f16a192cb3b7220b42",,"2020-11-22T07:00:00.000","20","NO CONTROLS","NO CONTROLS","CLEAR","DAWN","SIDESWIPE SAME DIRECTION","ONE-WAY",,"STRAIGHT AND LEVEL","DRY","NO DEFECTS","ON SCENE","NO INJURY / DRIVE AWAY",,,,"OVER $1,500","2020-11-22T07:15:00.000","FAILING TO YIELD RIGHT-OF-WAY","FAILING TO YIELD RIGHT-OF-WAY","3","W","TERMINAL ST","1653",,,,,,,"2.0","11","NO INDICATION OF INJURY","0.0","0","0","0","0","2","0","7","1","X002078689",,,
"cac63e450dd989692df105439bd6d5ef68f413f2f06fb81b1858a234b759e6f405c444aa94586c149215a1345779580fec077b70e3e14db4b419284aaf570124",,"2021-01-02T23:55:00.000","30","TRAFFIC SIGNAL","FUNCTIONING PROPERLY","CLEAR","DARKNESS","PEDESTRIAN","NOT DIVIDED",,"STRAIGHT AND LEVEL","SNOW OR SLUSH","UNKNOWN","NOT ON SCENE (DESK REPORT)","INJURY AND / OR TOW DUE TO CRASH",,,,"OVER $1,500","2021-01-03T14:00:00.000","FAILING TO YIELD RIGHT-OF-WAY","IMPROPER OVERTAKING/PASSING","2013","S","LAWNDALE AVE","1014",,,,,,,"2.0","1","NONINCAPACITATING INJURY","1.0","0","0","1","0","1","0","23","7","X002114155",,,
"48860277b82e4686e68ba83ea556eb4d38917f0dc341f347527842703fa1c01be51cc034484f5bd00390f4883f86d3b27722d22f7f0eac30d161acd23fa6b24a",,"2020-11-26T16:59:00.000","30","NO CONTROLS","NO CONTROLS","CLEAR","DARKNESS","ANGLE","ONE-WAY",,"STRAIGHT AND LEVEL","DRY","NO DEFECTS","ON SCENE","NO INJURY / DRIVE AWAY",,,"Y","OVER $1,500","2020-11-26T16:59:00.000","IMPROPER BACKING","NOT APPLICABLE","2746","W","57TH ST","824",,,,,,,"2","11","NO INDICATION OF INJURY","0","0","0","0","0","4","0","16","5","X002082746","41.7901678564","-87.6931332501","POINT (-87.693133250096 41.790167856362)"
"c11b46ab39748a79ae55c764109404962024d2ab87724c1a77b7a3a093b9df09eddde8ec48794d59d4f8af7bec1e789e28b8b12107ae385a56b5046f76e25735","Y","2021-01-21T06:00:00.000","15","NO CONTROLS","NO CONTROLS","UNKNOWN","UNKNOWN","PARKED MOTOR VEHICLE","PARKING LOT",,"STRAIGHT AND LEVEL","UNKNOWN","NO DEFECTS","ON SCENE","NO INJURY / DRIVE AWAY",,,"Y","$501 - $1,500","2021-01-21T17:05:00.000","UNABLE TO DETERMINE","UNABLE TO DETERMINE","1","W","PARKING LOT B ST","1654",,,,,,,"2.0","1","NO INDICATION OF INJURY","0.0","0","0","0","0","1","0","6","5","X002131475",,,
"0d6ecffb75fbb77bd4c187df23570658ad5145c07c25b27348600acc97668a9052e1c08c13786565dcde32eb4df53b0717e137356b66eaf92b78a4f01364f7fc",,"2020-12-28T11:40:00.000","30","TRAFFIC SIGNAL","FUNCTIONING PROPERLY","CLEAR","DAYLIGHT","SIDESWIPE SAME DIRECTION","FOUR WAY",,"STRAIGHT AND LEVEL","DRY","NO DEFECTS","ON SCENE","NO INJURY / DRIVE AWAY","Y",,,"OVER $1,500","2020-12-28T11:44:00.000","IMPROPER TURNING/NO SIGNAL","UNABLE TO DETERMINE","2546","E","71ST ST","334",,,,,,,"2.0","12","NO INDICATION OF INJURY","0.0","0","0","0","0","2","0","11","2","X002108795",,,
"5da8a93a1b6edca9a2f83410f39792f63c815634c884a986a4fea96c87da64a777cbec92eb7c4f440e82be83e045f83655b0dd3f7be9f513f3dbbf9b2420099d",,"2020-11-29T17:20:00.000","40","TRAFFIC SIGNAL","FUNCTIONING PROPERLY","CLEAR","DARKNESS, LIGHTED ROAD","TURNING","NOT DIVIDED",,"CURVE ON GRADE","DRY","NO DEFECTS","ON SCENE","NO INJURY / DRIVE AWAY","Y",,,"$501 - $1,500","2020-11-29T17:25:00.000","NOT APPLICABLE","NOT APPLICABLE","6299","S","LAKE SHORE DR","331",,,,,,,"2.0","11","NO INDICATION OF INJURY","0.0","0","0","0","0","4","0","17","1","X002084629",,,
"8884cac3c51a05298cacc234ad724f0c9c2b15eeaa7b705cab4947a865bfea77a502c93fcf4a97b3b75fcfce93a32e64a0aa64679bb0d3b663eac479737a3c48",,"2020-12-11T19:00:00.000","20","NO CONTROLS","NO CONTROLS","RAIN","DARKNESS, LIGHTED ROAD","TURNING","DRIVEWAY",,"STRAIGHT AND LEVEL","WET","NO DEFECTS","ON SCENE","NO INJURY / DRIVE AWAY","N","Y",,"$501 - $1,500","2020-12-11T19:25:00.000","IMPROPER TURNING/NO SIGNAL","NOT APPLICABLE","517","W","OHARE ST","1654",,,,,,,"2.0","12","NO INDICATION OF INJURY","0.0","0","0","0","0","2","0","19","6","X002095868",,,
"dd74d2562d47a6c186e59840fee41c8ee8151f2fd9559a384bc9b2fad20dea36bdcfdb487612af9ece1fd3ea73d0793f5c630e53c303d2071d8a174fd85f8f0d",,"2020-12-17T13:45:00.000","35","NO CONTROLS","NO CONTROLS","CLEAR","DAYLIGHT","SIDESWIPE SAME DIRECTION","ONE-WAY",,"STRAIGHT AND LEVEL","DRY","NO DEFECTS","NOT ON SCENE (DESK REPORT)","NO INJURY / DRIVE AWAY",,,,"$501 - $1,500","2020-12-17T14:00:00.000","IMPROPER OVERTAKING/PASSING","NOT APPLICABLE","5500","S","WENTWORTH AVE","225",,,,,,,"2.0","12","NO INDICATION OF INJURY","0.0","0","0","0","0","4","0","13","5","X002100431",,,
"e0b041eb390916036929c4fb08dd5d1aa8350837615c9dc6b7b7bab2d4b66931b80d851f26c714548ade3d818eea7f72d20d7c3a546ca953b1cd569c301e2db6",,"2021-01-25T12:40:00.000","20","OTHER","FUNCTIONING PROPERLY","CLEAR","DAYLIGHT","SIDESWIPE SAME DIRECTION","DIVIDED - W/MEDIAN BARRIER",,"CURVE, LEVEL","DRY","NO DEFECTS","ON SCENE","NO INJURY / DRIVE AWAY",,,,"$501 - $1,500","2021-01-25T12:45:00.000","DRIVING ON WRONG SIDE/WRONG WAY","IMPROPER OVERTAKING/PASSING","524","W","OHARE ST","1654",,,,,,,"2.0","1","NO INDICATION OF INJURY","0.0","0","0","0","0","2","0","12","2","X002133013",,,
"32a03ecc36cc408c411006881185d0e34ca9dbae9d268e06e320656fb993254e0c9d946962ffbbd858304d6cb67fdc293f1ab35a6ec5ba4dafddee18755b27ea",,"2021-01-01T18:40:00.000","30","TRAFFIC SIGNAL","FUNCTIONING PROPERLY","RAIN","DARKNESS, LIGHTED ROAD","REAR END","NOT DIVIDED",,"STRAIGHT AND LEVEL","WET","UNKNOWN","ON SCENE","NO INJURY / DRIVE AWAY",,,"Y","OVER $1,500","2021-01-01T18:45:00.000","FOLLOWING TOO CLOSELY","NOT APPLICABLE","7198","W","ARCHER AVE","811",,,,,,,"2.0","1","NO INDICATION OF INJURY","0.0","0","0","0","0","2","0","18","6","X002112880",,,
"5aac523f218b030b271770e28ed850f1d93d6212f4883fd6d9f00e334ae99a4ff7fb4c7ff8bc55304e4d56beaf7ff9090092f896f80ba2ec42a97cd5f77d7117",,"2020-12-06T18:30:00.000","30","TRAFFIC SIGNAL","FUNCTIONING PROPERLY","CLEAR","DARKNESS","FIXED OBJECT","NOT DIVIDED",,"STRAIGHT AND LEVEL","WET","NO DEFECTS",,"NO INJURY / DRIVE AWAY","Y",,,"$501 - $1,500","2020-12-06T18:35:00.000","UNABLE TO DETERMINE","UNABLE TO DETERMINE","12658","S","STATE ST","523",,,,,,,"1.0","12","NO INDICATION OF INJURY","0.0","0","0","0","0","4","0","18","1","X002090704",,,
"ec37f48be099d91b8eb7acf9910ee6dea1549f2491088e78330d00912dcc0c6d25a01f849b8607bee3c0c2e2ebdd5ff0e5c716c9620517c1bf80111b2ea6527e",,"2020-11-23T12:45:00.000","30","NO CONTROLS","NO CONTROLS","CLEAR","DAYLIGHT","PARKED MOTOR VEHICLE","ONE-WAY",,"STRAIGHT AND LEVEL","UNKNOWN","UNKNOWN","NOT ON SCENE (DESK REPORT)","NO INJURY / DRIVE AWAY",,,,"$501 - $1,500","2020-11-23T13:07:00.000","IMPROPER OVERTAKING/PASSING","IMPROPER OVERTAKING/PASSING","301","W","BRIAR PL","1934",,,,,,,"2.0","11","NO INDICATION OF INJURY","0.0","0","0","0","0","3","0","12","2","X002079969",,,
"a370173bbae900ad307b5a1342c4cb5259fd14604c77fd31610d91ed0f184d5c4ab48b3f3bb9fb54fbe8f2d9af8499679efb0856bce8b478bd81e4818c0ca3cc",,"2020-12-03T18:05:00.000","30","TRAFFIC SIGNAL","FUNCTIONING PROPERLY","CLEAR","DARKNESS, LIGHTED ROAD","TURNING","NOT DIVIDED",,"STRAIGHT AND LEVEL","DRY","NO DEFECTS","ON SCENE","NO INJURY / DRIVE AWAY",,,,"$500 OR LESS","2020-12-03T18:22:00.000","UNABLE TO DETERMINE","UNABLE TO DETERMINE","5500","N","HARLEM AVE","1613",,,,,,,"2.0","12","NO INDICATION OF INJURY","0.0","0","0","0","0","2","0","18","5","X002092479",,,
"86f453bcee5caa348fe579031da561603159a053844fd38f2874dd739e7cb79d995d27bcb2515f83dc6eaa8ebe84cc31345e50e9e759a5a72b6d5af0a8788cd4",,"2020-12-20T11:57:00.000","30","TRAFFIC SIGNAL","FUNCTIONING PROPERLY","CLEAR","DAYLIGHT","TURNING","FOUR WAY",,"STRAIGHT AND LEVEL","DRY","NO DEFECTS","ON SCENE","INJURY AND / OR TOW DUE TO CRASH","Y",,,"$501 - $1,500","2020-12-20T11:59:00.000","IMPROPER TURNING/NO SIGNAL","NOT APPLICABLE","5900","S","WENTWORTH AVE","232",,,,,,,"2.0","12","REPORTED, NOT EVIDENT","1.0","0","0","0","1","1","0","11","1","X002102397",,,
"3077bdafc80b21945a1c026f5e54d2ed966f210fe860f4423e8285d0695ee7d02552fbd217160666dbb27911aecdf3108c69288ceeca5a4890ee9b666d7433b2",,"2020-12-16T19:15:00.000","25","NO CONTROLS","NO CONTROLS","CLEAR","DARKNESS, LIGHTED ROAD","FIXED OBJECT","DIVIDED - W/MEDIAN BARRIER",,"STRAIGHT AND LEVEL","DRY","NO DEFECTS","ON SCENE","INJURY AND / OR TOW DUE TO CRASH",,,,"OVER $1,500","2020-12-16T19:15:00.000","IMPROPER LANE USAGE","UNABLE TO DETERMINE","8800","S","CHICAGO SKYWAY OB","412",,,,,,,"1.0","12","NONINCAPACITATING INJURY","1.0","0","0","1","0","0","0","19","4","X002099592",,,
"d8ccb100a6a8fef16fd0d94736f175c045cb75670d043b7a9535e26ff51189c0dfdb5c8855e5d0ff78a44ddfd4eda3991c9137aa37bf2068e909fc9dcf69febf",,"2020-12-06T16:51:00.000","35","TRAFFIC SIGNAL","FUNCTIONING PROPERLY","RAIN","DARKNESS, LIGHTED ROAD","FIXED OBJECT","DIVIDED - W/MEDIAN BARRIER",,"STRAIGHT AND LEVEL","WET","NO DEFECTS","ON SCENE","INJURY AND / OR TOW DUE TO CRASH","Y",,,"OVER $1,500","2020-12-06T16:51:00.000","UNABLE TO DETERMINE","NOT APPLICABLE","6299","S","LAKE SHORE DR","331",,,,,,,"1.0","12","NO INDICATION OF INJURY","0.0","0","0","0","0","3","0","16","1","X002090817",,,
"fcbce00a28bf51428fba3a6e272bab8add66955895cf5d54f12be7f06f5f8cc29c1e6c2f6f5d4fc7f621cc1dfe6dff8f22432996a51fd841edfcb166f5e2e877",,"2020-11-24T13:56:00.000","30","STOP SIGN/FLASHER","FUNCTIONING PROPERLY","RAIN","DAYLIGHT","ANGLE","NOT DIVIDED",,"STRAIGHT AND LEVEL","WET","NO DEFECTS","ON SCENE","INJURY AND / OR TOW DUE TO CRASH",,,,"OVER $1,500","2020-11-24T14:48:00.000","FAILING TO YIELD RIGHT-OF-WAY","UNABLE TO DETERMINE","815","S","AUSTIN BLVD","1513",,,,,,,"2.0","11","REPORTED, NOT EVIDENT","1.0","0","0","0","1","3","0","13","3","X002081053",,,
"95dcafa1ec03ff7e5871d7edb5096dd090e1b2772dd28007e8a66901959700c28fd490c78a202cab2ece0b72b07358e2811b1d927e1edce37e1dc2adab33db35",,"2020-11-20T12:00:00.000","30","NO CONTROLS","NO CONTROLS","CLEAR","DAYLIGHT","PARKED MOTOR VEHICLE","NOT DIVIDED",,"STRAIGHT AND LEVEL","DRY","NO DEFECTS","ON SCENE","NO INJURY / DRIVE AWAY",,,,"$501 - $1,500","2020-11-20T12:20:00.000","UNABLE TO DETERMINE","UNABLE TO DETERMINE","893","W","OHARE ST","1654",,,,,,,"2.0","11","NO INDICATION OF INJURY","0.0","0","0","0","0","1","0","12","6","X002077963",,,
"f5ca664757b5309d954e875c27ff9ff769794e021523cce4b173882f73e803caad7e33bf471afb84aa09b2c50e28abb4c2252fa6f2faa68bfdfe9ddf133ba8b9",,"2021-01-14T11:30:00.000","30","TRAFFIC SIGNAL","FUNCTIONING PROPERLY","CLEAR","DAYLIGHT","REAR END","NOT DIVIDED",,"STRAIGHT AND LEVEL","DRY","NO DEFECTS","NOT ON SCENE (DESK REPORT)","INJURY AND / OR TOW DUE TO CRASH",,,,"OVER $1,500","2021-01-14T12:30:00.000","UNABLE TO DETERMINE","UNABLE TO DETERMINE","4047","N","HARLEM AVE","1632",,,,,,,"2.0","1","NO INDICATION OF INJURY","0.0","0","0","0","0","3","0","11","5","X002124284",,,
"f8efe2c254937c17d5f344066b82eb7ee9975ece11175b30a90957204aa6419c873cfbbf5244d3544a68d0e5c380668d5ecf6fe801b70605cbcc6dbeda2f3fba",,"2021-01-12T09:54:00.000","30","NO CONTROLS","NO CONTROLS","CLEAR","DAYLIGHT","TURNING","NOT DIVIDED",,"STRAIGHT AND LEVEL","DRY","UNKNOWN",,"INJURY AND / OR TOW DUE TO CRASH",,,,"$501 - $1,500","2021-01-12T10:00:00.000","IMPROPER OVERTAKING/PASSING","NOT APPLICABLE","400","N","LOWER LAKE SHORE DR","1834",,,,,,,"2.0","1","NONINCAPACITATING INJURY","1.0","0","0","1","0","1","0","9","3","X002121668",,,
"bb6b666738200af95431567c8aca8498d8bb92b0af0a2328343bb56f1c15339b63ca8fcc0f05252ee94a992138184f23820f4927df7b1b5a908244a6fb0b5b91",,"2021-02-17T20:30:00.000","15","NO CONTROLS","NO CONTROLS","UNKNOWN","DARKNESS, LIGHTED ROAD","PARKED MOTOR VEHICLE","PARKING LOT",,"STRAIGHT AND LEVEL","UNKNOWN","UNKNOWN","NOT ON SCENE (DESK REPORT)","NO INJURY / DRIVE AWAY",,"Y",,"$501 - $1,500","2021-02-19T15:45:00.000","UNABLE TO DETERMINE","UNABLE TO DETERMINE","850","W","OHARE ST","1654",,,,,,,"2.0","2","NO INDICATION OF INJURY","0.0","0","0","0","0","1","0","20","4","X002161745",,,
"b3f48aacb337367698049612b8263e45b8754563617eefa9c9b0b5414f7d203ec5ab1f27879e0e2645ada01c5992d9cedef547e634b2e11634c17d5088fc97d1",,"2021-01-06T04:55:00.000","20","NO CONTROLS","NO CONTROLS","CLOUDY/OVERCAST","DAWN","PARKED MOTOR VEHICLE","PARKING LOT",,"STRAIGHT AND LEVEL","ICE","NO DEFECTS","ON SCENE","NO INJURY / DRIVE AWAY",,,,"OVER $1,500","2021-01-06T05:00:00.000","FOLLOWING TOO CLOSELY","DRIVING SKILLS/KNOWLEDGE/EXPERIENCE","1","W","PARKING LOT D ST","1654",,,,,,,"2.0","1","NO INDICATION OF INJURY","0.0","0","0","0","0","1","0","4","4","X002117845",,,
"f0eef475d111a7a4396040a2df9ea0d01260ee3b1c0b64d0e1d2a06cc216861ada868bc73edebbc70f052e7e6aa62f7f77eb0cf5787bc5cad14bc9eb9f9c3f57",,"2021-01-04T10:30:00.000","25","NO CONTROLS","NO CONTROLS","CLOUDY/OVERCAST","DAYLIGHT","FIXED OBJECT","PARKING LOT",,"STRAIGHT AND LEVEL","ICE","NO DEFECTS","ON SCENE","NO INJURY / DRIVE AWAY",,,,"OVER $1,500","2021-01-04T10:32:00.000","WEATHER","DRIVING SKILLS/KNOWLEDGE/EXPERIENCE","704","W","OHARE ST","1654",,,,,,,"1.0","1","NO INDICATION OF INJURY","0.0","0","0","0","0","1","0","10","2","X002115899",,,
"e9b9490fd2dbe54eedeceb0678d9645f10c6427b9973642d962a64d7bdbb25cb4a422188b00a00fbaab917d33efa8c5a43d8e27c21bfb5d9f7d58dfdb456dae7",,"2021-02-19T09:08:00.000","30","TRAFFIC SIGNAL","FUNCTIONING PROPERLY","CLEAR","DAYLIGHT","PARKED MOTOR VEHICLE","NOT DIVIDED",,"STRAIGHT AND LEVEL","SNOW OR SLUSH","NO DEFECTS","NOT ON SCENE (DESK REPORT)","NO INJURY / DRIVE AWAY",,,,"$500 OR LESS","2021-02-19T09:55:00.000","UNABLE TO DETERMINE","UNABLE TO DETERMINE","3100","N","HALSTED ST","1933",,,,,,,"2.0","2","NO INDICATION OF INJURY","0.0","0","0","0","0","1","0","9","6","X002160609",,,
"c6c0d65b304b35365bb52fcbd4de93ad8e52b83d71ae7ad88b04bdbd962ab58e711a24b880e338ec60fe8bb33c06c1452d9d867f1d0448073098d06de211420a",,"2021-01-13T11:55:00.000","30","TRAFFIC SIGNAL","FUNCTIONING PROPERLY","CLOUDY/OVERCAST","DAYLIGHT","REAR END","FOUR WAY",,"STRAIGHT AND LEVEL","DRY","NO DEFECTS","ON SCENE","NO INJURY / DRIVE AWAY","Y",,"Y","$500 OR LESS","2021-01-13T12:20:00.000","UNABLE TO DETERMINE","NOT APPLICABLE","6259","S","LAKE SHORE DR","331",,,,,,,"2.0","1","NO INDICATION OF INJURY","0.0","0","0","0","0","2","0","11","4","X002123120",,,