"crash_record_id","crash_date_est_i","crash_date","posted_speed_limit","traffic_control_device","device_condition","weather_condition","lighting_condition","first_crash_type","trafficway_type","lane_cnt","alignment","roadway_surface_cond","road_defect","report_type","crash_type","intersection_related_i","private_property_i","hit_and_run_i","damage","date_police_notified","prim_contributory_cause","sec_contributory_cause","street_no","street_direction","street_name","beat_of_occurrence","photos_taken_i","statements_taken_i","dooring_i","work_zone_i","work_zone_type","workers_present_i","num_units","crash_month","most_severe_injury","injuries_total","injuries_fatal","injuries_incapacitating","injuries_non_incapacitating","injuries_reported_not_evident","injuries_no_indication","injuries_unknown","crash_hour","crash_day_of_week","idot_control_no","latitude","longitude","location"
"1d0ea0f88d5e411af70ba44870b700530ab70344654f29f7998191d4894531897110a4be538146ab8c38bd538bd671356111106e7574824b7f8c54d974f6335d",,"2025-01-15T19:40:00.000","35","NO CONTROLS","NO CONTROLS","CLEAR","DARKNESS, LIGHTED ROAD","SIDESWIPE OPPOSITE DIRECTION","DIVIDED - W/MEDIAN BARRIER",,"CURVE, LEVEL","WET","NO DEFECTS","ON SCENE","INJURY AND / OR TOW DUE TO CRASH",,,,"$501 - $1,500","2025-01-15T19:43:00.000","DRIVING SKILLS/KNOWLEDGE/EXPERIENCE","NOT APPLICABLE","10300","W","BALMORAL AVE","1654",,,,,,,"3.0","1","NONINCAPACITATING INJURY","2.0","0","0","2","0","2","0","19","4","X003694020",,,
"cb50eee8aad4d34f6ee0216c519a1c99806cbcde1571c0778f96e10ec3e725ae82be04dca84548d5dea2e0acfb06834e37c59620bfa70848877e5aad64f42cb4",,"2024-12-27T23:10:00.000","30","NO CONTROLS","NO CONTROLS","RAIN","DARKNESS, LIGHTED ROAD","SIDESWIPE SAME DIRECTION","ONE-WAY",,"STRAIGHT AND LEVEL","WET","NO DEFECTS","ON SCENE","NO INJURY / DRIVE AWAY",,,,"$501 - $1,500","2024-12-27T23:10:00.000","UNABLE TO DETERMINE","NOT APPLICABLE","2","W","TERMINAL ST","1652",,,,,,,"2.0","12","NO INDICATION OF INJURY","0.0","0","0","0","0","2","0","23","6","X003673823",,,
"3ce47dc8e77ba77cb4b40778d257e7ac08ce9684ebb86f12e3727be1c5405e2979a81e50f518075f03aed12b091fb93f9839b52c2a3e483f4e06ba3fbf202ca5",,"2021-02-17T13:10:00.000","30","STOP SIGN/FLASHER","FUNCTIONING PROPERLY","CLEAR","DAYLIGHT","TURNING","NOT DIVIDED",,"STRAIGHT AND LEVEL","SNOW OR SLUSH","UNKNOWN","NOT ON SCENE (DESK REPORT)","INJURY AND / OR TOW DUE TO CRASH",,,,"OVER $1,500","2021-02-17T13:19:00.000","UNABLE TO DETERMINE","UNABLE TO DETERMINE","7198","W","ARCHER AVE","811",,,,,,,"2.0","2","NONINCAPACITATING INJURY","1.0","0","0","1","0","2","0","13","4","X002158985",,,
"3c65351143c373b6cc5899f567f55b1fff2a55f252cead350f8c24a620c5a01d91ca07c87d1d47e91caf7b3cba15bb543e58271df0cc60c611e54b8594f84d4f",,"2021-03-03T16:22:00.000","30","STOP SIGN/FLASHER","FUNCTIONING PROPERLY","CLEAR","DAYLIGHT","ANGLE","NOT DIVIDED",,"STRAIGHT AND LEVEL","DRY","NO DEFECTS","ON SCENE","INJURY AND / OR TOW DUE TO CRASH","Y",,,"OVER $1,500","2021-03-03T16:23:00.000","DISREGARDING STOP SIGN","FAILING TO YIELD RIGHT-OF-WAY","1000","W","115TH ST","2234",,,,,,,"2.0","3","NO INDICATION OF INJURY","0.0","0","0","0","0","3","0","16","4","X002172520","41.6851262783","-87.6470787199","POINT (-87.647078719889 41.685126278256)"
"1c2196e27470278e8fb098d99647e1a7ceda163ba1729ea1643023853c97466c579e182cabb234d01045a0551d5fb0a36a2f5c4cab9c8f22df492d7d05766ca4",,"2021-02-22T14:51:00.000","15","NO CONTROLS","NO CONTROLS","SNOW","DAYLIGHT","FIXED OBJECT","ALLEY",,"STRAIGHT AND LEVEL","SNOW OR SLUSH","NO DEFECTS","ON SCENE","NO INJURY / DRIVE AWAY",,"Y",,"$501 - $1,500","2021-02-22T15:02:00.000","WEATHER","UNABLE TO DETERMINE","10717","S","MAPLEWOOD AVE","2212",,,,,,,"1","2","NO INDICATION OF INJURY","0","0","0","0","0","1","0","14","2","X002164355","41.6985126545","-87.6849306933","POINT (-87.684930693268 41.698512654513)"
"76f9e6806f37f63080dc0317ed3cf399ea497a323a1fc5377590bc3b1ff77c2f9855ade8aff91ddcd075bef1cb404d24b05b2abaecbb788993d4ac30fa13cbef",,"2021-02-19T16:07:00.000","25","NO CONTROLS","NO CONTROLS","CLEAR","DAYLIGHT","REAR TO FRONT","NOT DIVIDED",,"STRAIGHT AND LEVEL","DRY","NO DEFECTS","ON SCENE","NO INJURY / DRIVE AWAY",,,,"OVER $1,500","2021-02-19T16:09:00.000","VISION OBSCURED (SIGNS, TREE LIMBS, BUILDINGS, ETC.)","UNABLE TO DETERMINE","913","W","OHARE ST","1654",,,,,,,"2.0","2","NO INDICATION OF INJURY","0.0","0","0","0","0","2","0","16","6","X002161743",,,
"fd5c188496beb79c4b21bbbb8608b460abf021613b56c00a3ddac529df9f34be357893b599d8ed8baf5f2142013e12b5c18b41cc0d52dd87d3850a33604a2009",,"2021-02-06T15:10:00.000","30","STOP SIGN/FLASHER","NO CONTROLS","SNOW","DAYLIGHT","REAR END","DIVIDED - W/MEDIAN (NOT RAISED)",,"STRAIGHT AND LEVEL","SNOW OR SLUSH","NO DEFECTS","NOT ON SCENE (DESK REPORT)","NO INJURY / DRIVE AWAY",,,,"$501 - $1,500","2021-02-06T16:00:00.000","UNABLE TO DETERMINE","UNABLE TO DETERMINE","2900","S","TRUMBULL AVE","1032",,,,,,,"2.0","2","NO INDICATION OF INJURY","0.0","0","0","0","0","3","0","15","7","X002145117",,,
"353418045b11e0b106a03277fa3ba8622e37f7d4e4458ceafe00f5ce8fbc7d038d637e6d09222f68517c66d157430931b7f3ec141cb81128ebd638ef6eb3963b",,"2021-03-23T22:45:00.000","10","NO CONTROLS","NO CONTROLS","CLEAR","DARKNESS, LIGHTED ROAD","SIDESWIPE SAME DIRECTION","ONE-WAY",,"CURVE, LEVEL","DRY","UNKNOWN","ON SCENE","NO INJURY / DRIVE AWAY",,,,"$501 - $1,500","2021-03-23T22:45:00.000","UNABLE TO DETERMINE","NOT APPLICABLE","1","W","PARKING LOT A ST","1654",,,,,,,"2.0","3","NO INDICATION OF INJURY","0.0","0","0","0","0","2","0","22","3","X002190477",,,
"17a9e2d7c4ea11e95ffef59f998e97e913b0e20604e08e273c06089a0441f725748ffd1a3cc662df6c8e7d2221dabfbdcc2ee12dca6ef741cdf40a5df487ad2b",,"2021-03-22T17:20:00.000","15","NO CONTROLS","NO CONTROLS","CLEAR","DAYLIGHT","PARKED MOTOR VEHICLE","PARKING LOT",,"STRAIGHT AND LEVEL","DRY","NO DEFECTS","ON SCENE","NO INJURY / DRIVE AWAY",,,,"OVER $1,500","2021-03-22T17:24:00.000","DRIVING SKILLS/KNOWLEDGE/EXPERIENCE","NOT APPLICABLE","517","W","OHARE ST","1654",,,,,,,"2.0","3","NO INDICATION OF INJURY","0.0","0","0","0","0","1","0","17","2","X002190474",,,
"2e4333ec641493fe856c7ea7217f24c512a2d7ef7a6598d6805b01953ea2ae34773d984e6dea80a3d791c6436510993e37435748e2f953e0d8ffad87fc85364e",,"2021-01-31T09:50:00.000","30","NO CONTROLS","NO CONTROLS","SNOW","DAYLIGHT","REAR TO FRONT","NOT DIVIDED",,"STRAIGHT AND LEVEL","SNOW OR SLUSH","UNKNOWN","ON SCENE","NO INJURY / DRIVE AWAY",,,,"OVER $1,500","2021-01-31T09:55:00.000","IMPROPER BACKING","NOT APPLICABLE","630","W","OHARE ST","1654",,,,,,,"2.0","1","NO INDICATION OF INJURY","0.0","0","0","0","0","2","0","9","1","X002138095",,,
"b04321b7b0f58015d74af7a348837e20dc2313695d7327c88c634c606f45959570186f8d63c6ecc64b4c6b0a74e4bfc02bc927d94b22769c0822be23d92ddf7c",,"2021-02-13T23:00:00.000","30","TRAFFIC SIGNAL","FUNCTIONING PROPERLY","SNOW","DARKNESS","ANGLE","NOT DIVIDED",,"STRAIGHT AND LEVEL","WET","UNKNOWN","NOT ON SCENE (DESK REPORT)","NO INJURY / DRIVE AWAY",,,"Y","OVER $1,500","2021-02-15T14:00:00.000","UNABLE TO DETERMINE","UNABLE TO DETERMINE","5500","S","WENTWORTH AVE","225",,,,,,,"2.0","2","NO INDICATION OF INJURY","0.0","0","0","0","0","2","0","23","7","X002161012",,,
"c330641d4f1569ee0a38d6013b570c1831e6626d01fee2bb16bf28fbe7c30848c1871c7bff5ca86912c17beac43504ad7016c07a02b113eac885d19082a347c3",,"2021-02-05T14:30:00.000","30","NO CONTROLS","NO CONTROLS","CLEAR","DAYLIGHT","PARKED MOTOR VEHICLE","ONE-WAY",,"STRAIGHT AND LEVEL","SNOW OR SLUSH","NO DEFECTS","NOT ON SCENE (DESK REPORT)","NO INJURY / DRIVE AWAY",,,"Y","OVER $1,500","2021-02-06T12:30:00.000","UNABLE TO DETERMINE","NOT APPLICABLE","2909","S","DRAKE AVE","1032",,,,,,,"2.0","2","NO INDICATION OF INJURY","0.0","0","0","0","0","1","0","14","6","X002149681",,,
"fdb4c21d50a7fd73b91b38a25b229b0ae421a31e5059c895c1f5ad2120c612bbc45ad69f4c8814769248cb31f19556e89ac732e3bf7beb57e78c9332ebc83c8c",,"2021-03-15T14:00:00.000","25","TRAFFIC SIGNAL","FUNCTIONING PROPERLY","SNOW","DAYLIGHT","REAR END","RAMP",,"STRAIGHT AND LEVEL","SNOW OR SLUSH","NO DEFECTS","NOT ON SCENE (DESK REPORT)","NO INJURY / DRIVE AWAY",,,,"OVER $1,500","2021-03-15T14:10:00.000","WEATHER","NOT APPLICABLE","13","W","I190 EXPY","1654",,,,,,,"2.0","3","NO INDICATION OF INJURY","0.0","0","0","0","0","6","0","14","2","X002184745",,,
"f3af29f5f3c7e3d769ad977baa5e7f7fd059c6b715520873ff2aa3c15c872c9941fbe6d6f005c4d09e22e8517c2e651f4d67a5c174d1f8a6ae3eb1e7c6e8bd2b",,"2021-03-16T22:00:00.000","30","NO CONTROLS","NO CONTROLS","CLEAR","DARKNESS, LIGHTED ROAD","SIDESWIPE SAME DIRECTION","DIVIDED - W/MEDIAN (NOT RAISED)",,"STRAIGHT AND LEVEL","DRY","NO DEFECTS","NOT ON SCENE (DESK REPORT)","INJURY AND / OR TOW DUE TO CRASH",,,"Y","$501 - $1,500","2021-03-17T16:43:00.000","UNABLE TO DETERMINE","UNABLE TO DETERMINE","4600","W","OGDEN AVE","1013",,,,,,,"2.0","3","INCAPACITATING INJURY","1.0","0","1","0","0","1","0","22","3","X002185192",,,
"21b91e58ee43ab66a6b3bed8ffd1cbfa83d1e6478dc4d247655323fd6c1d1177769919ff54db61db4e08889e8dafa725bb6711de41f36e5ac76dad343359e8bf",,"2021-03-26T11:05:00.000","20","NO CONTROLS","NO CONTROLS","CLOUDY/OVERCAST","DAYLIGHT","TURNING","PARKING LOT",,"STRAIGHT AND LEVEL","DRY","NO DEFECTS","ON SCENE","NO INJURY / DRIVE AWAY","Y",,,"OVER $1,500","2021-03-26T11:11:00.000","FAILING TO YIELD RIGHT-OF-WAY","DRIVING SKILLS/KNOWLEDGE/EXPERIENCE","1","W","PARKING LOT A ST","1654",,,,,,,"2.0","3","NO INDICATION OF INJURY","0.0","0","0","0","0","2","0","11","6","X002191965",,,
"b15fb08f57d155e4c1465195b299c445ff77feccb72749a080accf03e1b12dc25ade6ad34b9a44658442c57cdc17947c6c0ced113f59f5e316e8bba5942cb1aa",,"2021-02-10T08:10:00.000","30","TRAFFIC SIGNAL","FUNCTIONING PROPERLY","CLEAR","DAYLIGHT","REAR END","OTHER",,"STRAIGHT AND LEVEL","SNOW OR SLUSH","NO DEFECTS","NOT ON SCENE (DESK REPORT)","NO INJURY / DRIVE AWAY","Y",,,"$501 - $1,500","2021-02-10T13:15:00.000","FOLLOWING TOO CLOSELY","NOT APPLICABLE","2199","E","HAYES DR","331",,,,,,,"2.0","2","NO INDICATION OF INJURY","0.0","0","0","0","0","2","0","8","4","X002150000",,,
"e70956f9ea76af2f2fff0ecd50342fc728df14fc0f75505042308306d4f404703466ce8f96c88a4b0ffc85d207b8da893d78e16d6f2f1755b99bb6ae5be5edeb",,"2021-03-05T17:45:00.000","20","NO CONTROLS","NO CONTROLS","CLEAR","DUSK","PARKED MOTOR VEHICLE","PARKING LOT",,"STRAIGHT AND LEVEL","DRY","NO DEFECTS","ON SCENE","NO INJURY / DRIVE AWAY",,,,"$501 - $1,500","2021-03-05T17:47:00.000","IMPROPER BACKING","NOT APPLICABLE","517","W","OHARE ST","1654",,,,,,,"2.0","3","NO INDICATION OF INJURY","0.0","0","0","0","0","1","0","17","6","X002174825",,,
"51dfc406ca99d7ad9b111398ab595fe340686c4016afbf29f60c7ba79b945137f0025f05545bd14c3763997ec175472c8ea8a5ebf9f91e95cde5f78d9ab634ac",,"2021-03-11T15:00:00.000","25","NO CONTROLS","NO CONTROLS","CLEAR","DAYLIGHT","REAR END","NOT DIVIDED",,"STRAIGHT AND LEVEL","DRY","UNKNOWN","ON SCENE","NO INJURY / DRIVE AWAY",,,,"$501 - $1,500","2021-03-11T15:10:00.000","UNABLE TO DETERMINE","UNABLE TO DETERMINE","891","W","OHARE ST","1654",,,,,,,"2.0","3","NO INDICATION OF INJURY","0.0","0","0","0","0","2","0","15","5","X002179381",,,
"d2e7a17754ccad2f6790b2ee345fc96f7335669318e26ac7351e74e630db74395e0d8175a561587531aa42ba931cec2a51d7fd16a2cec8aa80f55007f7488538",,"2021-02-13T11:00:00.000","30","NO CONTROLS","NO CONTROLS","SNOW","DAYLIGHT","SIDESWIPE SAME DIRECTION","ONE-WAY",,"STRAIGHT AND LEVEL","DRY","NO DEFECTS","NOT ON SCENE (DESK REPORT)","NO INJURY / DRIVE AWAY",,,"Y","$500 OR LESS","2021-02-13T12:15:00.000","UNABLE TO DETERMINE","UNABLE TO DETERMINE","6600","S","INDIANA AVE","322",,,,,,,"2.0","2","NO INDICATION OF INJURY","0.0","0","0","0","0","2","0","11","7","X002154057",,,
"b1786cc4ab8f41ae9fac05b31e8cd0e8c86038413420e56af758b401ea1c397a3208489678fa76277a362822c47b3f5e61136f007bbf0fc804011f6b828d8068",,"2021-02-21T13:30:00.000","20","NO CONTROLS","NO CONTROLS","CLEAR","DAYLIGHT","SIDESWIPE SAME DIRECTION","ONE-WAY",,"STRAIGHT AND LEVEL","WET","NO DEFECTS","ON SCENE","NO INJURY / DRIVE AWAY",,,,"$500 OR LESS","2021-02-21T13:35:00.000","IMPROPER OVERTAKING/PASSING","UNABLE TO DETERMINE","1","W","TERMINAL ST","1651",,,,,,,"2.0","2","NO INDICATION OF INJURY","0.0","0","0","0","0","2","0","13","1","X002164323",,,
"7edcf2bb1fdffddcfdd3919805c93e888557b927b368a78f03adb8502b8c522d94ee19c7094bb9d3c3fd85d3459523b3bbed68b189cfc5e7144ec488e0198ac7",,"2021-02-28T13:10:00.000","15","OTHER","NO CONTROLS","CLEAR","DAYLIGHT","FIXED OBJECT","PARKING LOT",,"STRAIGHT AND LEVEL","DRY","NO DEFECTS","ON SCENE","INJURY AND / OR TOW DUE TO CRASH",,"Y",,"OVER $1,500","2021-02-28T13:13:00.000","OPERATING VEHICLE IN ERRATIC, RECKLESS, CARELESS, NEGLIGENT OR AGGRESSIVE MANNER","UNABLE TO DETERMINE","410","W","OHARE ST","1651",,,,,,,"1.0","2","NONINCAPACITATING INJURY","1.0","0","0","1","0","0","0","13","1","X002189855",,,
"c1ae245257fcb186372b5ac954657e9dcf2f07e8b9767c738f6af07f640e5370011c1c1f780c92a6cf21060ef03eec05dbfae16f66c64b3cbf531bae1e8f3808",,"2021-02-08T03:00:00.000","30","NO CONTROLS","NO CONTROLS","SNOW","DARKNESS, LIGHTED ROAD","FIXED OBJECT","NOT DIVIDED",,"STRAIGHT AND LEVEL","SNOW OR SLUSH","NO DEFECTS","ON SCENE","INJURY AND / OR TOW DUE TO CRASH",,,,"OVER $1,500","2021-02-08T03:12:00.000","UNABLE TO DETERMINE","UNABLE TO DETERMINE","3099","S","FORT DEARBORN","133",,,,,,,"2.0","2","NONINCAPACITATING INJURY","1.0","0","0","1","0","0","0","3","2","X002157338",,,
"c0d2181747a90e6444ba2a055865babd19cdd27836697500d0f3399812e3cfa4ec2721847d122a32fa1f2e0118f713034414df3c303ff3edafe14ef877533c03",,"2021-02-05T10:55:00.000","45","NO CONTROLS","NO CONTROLS","CLEAR","DAYLIGHT","SIDESWIPE SAME DIRECTION","OTHER",,"STRAIGHT AND LEVEL","WET","NO DEFECTS","ON SCENE","NO INJURY / DRIVE AWAY",,,"Y","$501 - $1,500","2021-02-05T11:05:00.000","UNABLE TO DETERMINE","UNABLE TO DETERMINE","10156","W","KENNEDY EXPY IB","1654",,,,,,,"2.0","2","NO INDICATION OF INJURY","0.0","0","0","0","0","2","0","10","6","X002143868",,,
"a0eddf5a7aa1af9fec6b987c75c18bccb197a032723034729257e1774f9508f03c894b5b319dad1daff95f484d069b60656a5fa0adff046318b713bdfce7436a",,"2021-03-09T15:18:00.000","30","NO CONTROLS","NO CONTROLS","CLEAR","DAYLIGHT","FIXED OBJECT","NOT DIVIDED",,"STRAIGHT AND LEVEL","DRY","NO DEFECTS","ON SCENE","NO INJURY / DRIVE AWAY",,,,"OVER $1,500","2021-03-09T15:29:00.000","NOT APPLICABLE","NOT APPLICABLE","4725","W","61ST ST","813",,,,,,,"2","3","NO INDICATION OF INJURY","0","0","0","0","0","1","0","15","3","X002177593","41.7819872554","-87.7411270499","POINT (-87.741127049928 41.781987255398)"
"446f5eb3deb17c446a141f9e00143927810f41f68f9a8d44c7b4b2f0afdefbcb8186119b264ecd0d39863ed8628c60c78a3dae57e189116cfe1edf8005078459",,"2021-02-05T23:32:00.000","30","STOP SIGN/FLASHER","FUNCTIONING PROPERLY","CLEAR","DARKNESS, LIGHTED ROAD","REAR END","NOT DIVIDED",,"STRAIGHT AND LEVEL","DRY","NO DEFECTS","NOT ON SCENE (DESK REPORT)","NO INJURY / DRIVE AWAY",,,"Y","$500 OR LESS","2021-02-06T11:00:00.000","UNABLE TO DETERMINE","NOT APPLICABLE","3358","S","VERNON AVE","211",,,,,,,"2.0","2","NO INDICATION OF INJURY","0.0","0","0","0","0","2","0","23","6","X002145742",,,
"fbecfe98a38b4212c3f5ff2adf4d9c28abb1bcbcc25b78586a07ecef7e32898ce898e20ecc0d27a51d64ad9c0b0de3a1ce4065a5d9eccab8172811d7b4c02e66",,"2021-02-17T12:20:00.000","30","NO CONTROLS","NO CONTROLS","CLEAR","DAYLIGHT","SIDESWIPE SAME DIRECTION","OTHER",,"STRAIGHT AND LEVEL","WET","NO DEFECTS","ON SCENE","NO INJURY / DRIVE AWAY",,,,"OVER $1,500","2021-02-17T12:22:00.000","FAILING TO YIELD RIGHT-OF-WAY","UNABLE TO DETERMINE","1","W","TERMINAL ST","1651",,,,,,,"2.0","2","NO INDICATION OF INJURY","0.0","0","0","0","0","2","0","12","4","X002158210",,,
"fc783c6a9e52d942f1936ea48c12cdaf70feb774fc0143e88ec5e1d97909595360d0647ada01b6c4ef6aa6040f1e09694b23a11a6373353376d821f7ced678ff",,"2021-02-15T19:30:00.000","35","UNKNOWN","UNKNOWN","SNOW","DARKNESS, LIGHTED ROAD","SIDESWIPE SAME DIRECTION","DIVIDED - W/MEDIAN BARRIER",,"STRAIGHT AND LEVEL","SNOW OR SLUSH","UNKNOWN","ON SCENE","NO INJURY / DRIVE AWAY",,,,"OVER $1,500","2021-02-15T19:30:00.000","UNABLE TO DETERMINE","UNABLE TO DETERMINE","172","N","BESSIE COLEMAN DR","1654",,,,,,,"2.0","2","NO INDICATION OF INJURY","0.0","0","0","0","0","2","0","19","2","X002157150",,,
"2608b2a700eeba9567553cc827ac3ab91b9ca3e4b493633a3c61884c28602befdc8e1068030e934fbd9da7e19bacb8f9ffa8b1fe42fa3bdf4946c14fadc14152",,"2021-02-28T14:20:00.000","30","NO CONTROLS","NO CONTROLS","CLEAR","DAYLIGHT","ANGLE","NOT DIVIDED",,"STRAIGHT AND LEVEL","WET","UNKNOWN","ON SCENE","NO INJURY / DRIVE AWAY",,,"Y","OVER $1,500","2021-02-28T14:31:00.000","UNABLE TO DETERMINE","NOT APPLICABLE","4817","N","PULASKI RD","1712",,,,,,,"2","2","NO INDICATION OF INJURY","0","0","0","0","0","3","0","14","1","X002169640","41.9688234236","-87.7278985797","POINT (-87.72789857966 41.968823423624)"
"d8aec799a50c75e6b41a967379fe08886100bba78ec72a20e911e147e5c336459def31ab6514147adbf09c5275ee36d5608ded082db72c76f708c2d9a148071e",,"2021-02-07T21:10:00.000","30","NO CONTROLS","NO CONTROLS","SNOW","DARKNESS, LIGHTED ROAD","PARKED MOTOR VEHICLE","ONE-WAY",,"STRAIGHT ON GRADE","WET","UNKNOWN","ON SCENE","NO INJURY / DRIVE AWAY",,,,"$500 OR LESS","2021-02-07T21:13:00.000","NOT APPLICABLE","WEATHER","4655","S","DR MARTIN LUTHER KING JR SD","221",,,,,,,"2.0","2","NO INDICATION OF INJURY","0.0","0","0","0","0","2","0","21","1","X002146221",,,
"a58807199c3e5d62b09183ad7c260c17a9496cb981416eec4081acd6f26c5701e357927bfcb99dc9e9bce4ab04a6bd17c3b1ba2215da67749e61ae33ee429d6c",,"2021-03-16T16:50:00.000","30","NO CONTROLS","NO CONTROLS","CLEAR","DAYLIGHT","REAR END","NOT DIVIDED",,"STRAIGHT AND LEVEL","DRY","NO DEFECTS","NOT ON SCENE (DESK REPORT)","NO INJURY / DRIVE AWAY",,,,"$501 - $1,500","2021-03-16T17:49:00.000","NOT APPLICABLE","NOT APPLICABLE","7198","W","ARCHER AVE","811",,,,,,,"2.0","3","NO INDICATION OF INJURY","0.0","0","0","0","0","2","0","16","3","X002183442",,,
"dc9e0cfefe769b8bb8d218e724ee6a5e62b712397243203fc0401e81bdd74efeb8decacbb173d025b2281ac7261764a60831a6bd06862892e7835b3541e02a9f",,"2021-02-13T10:18:00.000","35","OTHER","FUNCTIONING PROPERLY","SNOW","DAYLIGHT","FIXED OBJECT","DIVIDED - W/MEDIAN BARRIER",,"CURVE, LEVEL","SNOW OR SLUSH","NO DEFECTS","ON SCENE","INJURY AND / OR TOW DUE TO CRASH",,"Y",,"OVER $1,500","2021-02-13T10:19:00.000","OPERATING VEHICLE IN ERRATIC, RECKLESS, CARELESS, NEGLIGENT OR AGGRESSIVE MANNER","FAILING TO REDUCE SPEED TO AVOID CRASH","8701","S","CHICAGO SKYWAY IB","412",,,,,,,"1.0","2","INCAPACITATING INJURY","1.0","0","1","0","0","4","0","10","7","X002153906",,,
"adeb63ec91aa9ffcc1fc5dd829aef2cd1b3e0a2aec855f9909eab6a68bec6b43edac58a90bdd7a7371eaa02b8fcb66cf6258d15231d43e03fbf5a40f2244979f",,"2021-02-11T17:25:00.000","30","TRAFFIC SIGNAL","FUNCTIONING PROPERLY","CLOUDY/OVERCAST","DUSK","REAR END","NOT DIVIDED",,"STRAIGHT AND LEVEL","SNOW OR SLUSH","UNKNOWN","NOT ON SCENE (DESK REPORT)","NO INJURY / DRIVE AWAY",,,,"$501 - $1,500","2021-02-11T18:07:00.000","IMPROPER BACKING","IMPROPER BACKING","3100","N","CLARK ST","1934",,,,,,,"2.0","2","NO INDICATION OF INJURY","0.0","0","0","0","0","2","0","17","5","X002151532",,,
"80fd56623e412bb524899649f1175920c0d861f242f0a7769e61591485626dbedd4f3b4ea4d40f68ae5753569ddc177b4849301e350113c59f3ef7ddf2f4e091",,"2021-01-29T11:10:00.000","45","TRAFFIC SIGNAL","FUNCTIONING PROPERLY","CLEAR","DAYLIGHT","SIDESWIPE SAME DIRECTION","DIVIDED - W/MEDIAN BARRIER",,"STRAIGHT AND LEVEL","DRY","NO DEFECTS","ON SCENE","NO INJURY / DRIVE AWAY",,,"Y","OVER $1,500","2021-01-29T11:20:00.000","UNABLE TO DETERMINE","NOT APPLICABLE","4331","N","MANNHEIM RD","1654",,,,,,,"2.0","1","NO INDICATION OF INJURY","0.0","0","0","0","0","2","0","11","6","X002137331",,,
"08be9149bec6407c083df4c02df39bb1463e8477453b846e10f5d070b2de70a97e77761ff1800ead30380e6208e53dc4fd0ab9eac84bb1c9a1ad09735299bb1d",,"2021-02-09T13:20:00.000","30","NO CONTROLS","NO CONTROLS","CLEAR","DAYLIGHT","OTHER NONCOLLISION","ONE-WAY",,"CURVE ON GRADE","DRY","NO DEFECTS","ON SCENE","INJURY AND / OR TOW DUE TO CRASH",,,,"$500 OR LESS","2021-02-09T13:40:00.000","UNABLE TO DETERMINE","UNABLE TO DETERMINE","5","W","TERMINAL ST","1655",,,,,,,"2.0","2","NONINCAPACITATING INJURY","1.0","0","0","1","0","2","0","13","3","X002149375",,,
"de9c8797c8803162d1d32cbc5416655395ecbe55075e533a97e289532ecf58cdc5226143bdb41a33aa13c03437f3e5a5e713f0f39a93a4d670ce1727a7853b42",,"2021-03-06T09:05:00.000","30","NO CONTROLS","NO CONTROLS","CLEAR","DAYLIGHT","REAR END","DIVIDED - W/MEDIAN BARRIER",,"STRAIGHT AND LEVEL","DRY","NO DEFECTS","ON SCENE","NO INJURY / DRIVE AWAY",,,,"OVER $1,500","2021-03-06T09:07:00.000","FOLLOWING TOO CLOSELY","DRIVING SKILLS/KNOWLEDGE/EXPERIENCE","1","W","HELIPAD ST","1654",,,,,,,"2.0","3","NO INDICATION OF INJURY","0.0","0","0","0","0","2","0","9","7","X002174718",,,
"30a34e625bec1647ff5038e8b18beaeb90dbdafa7a83044254a702689484f38064b031d38beb0249a96a1ecbf2060c881775acf3cdde11c34db4d1cc14b600e9",,"2021-02-13T16:19:00.000","10","NO CONTROLS","NO CONTROLS","SNOW","DAYLIGHT","FIXED OBJECT","PARKING LOT",,"STRAIGHT AND LEVEL","SNOW OR SLUSH","NO DEFECTS","ON SCENE","INJURY AND / OR TOW DUE TO CRASH",,"Y",,"OVER $1,500","2021-02-13T16:23:00.000","DRIVING SKILLS/KNOWLEDGE/EXPERIENCE","WEATHER","825","W","OHARE ST","1651",,,,,,,"1.0","2","NO INDICATION OF INJURY","0.0","0","0","0","0","2","0","16","7","X002154193",,,
"ce53e87e0260fc042e9510247c0596dd3818c0c93d408f8cc56c2e038c714ae74014d739101ba7ac8366595ae3212e9ed859c197090c9aa6ac55642480b90640",,"2021-02-12T07:20:00.000","30","NO CONTROLS","NO CONTROLS","CLEAR","DAYLIGHT","ANGLE","NOT DIVIDED",,"STRAIGHT AND LEVEL","WET","NO DEFECTS","ON SCENE","NO INJURY / DRIVE AWAY",,,,"OVER $1,500","2021-02-12T07:23:00.000","UNABLE TO DETERMINE","NOT APPLICABLE","7652","S","COLES AVE","421",,,,,,,"2","2","NO INDICATION OF INJURY","0","0","0","0","0","2","0","7","6","X002152968","41.7567860711","-87.555583617","POINT (-87.555583617007 41.756786071086)"