"crash_record_id","crash_date_est_i","crash_date","posted_speed_limit","traffic_control_device","device_condition","weather_condition","lighting_condition","first_crash_type","trafficway_type","lane_cnt","alignment","roadway_surface_cond","road_defect","report_type","crash_type","intersection_related_i","private_property_i","hit_and_run_i","damage","date_police_notified","prim_contributory_cause","sec_contributory_cause","street_no","street_direction","street_name","beat_of_occurrence","photos_taken_i","statements_taken_i","dooring_i","work_zone_i","work_zone_type","workers_present_i","num_units","crash_month","most_severe_injury","injuries_total","injuries_fatal","injuries_incapacitating","injuries_non_incapacitating","injuries_reported_not_evident","injuries_no_indication","injuries_unknown","crash_hour","crash_day_of_week","idot_control_no","latitude","longitude","location"
"0d4a152f599c984a4ad494f67002b21aa0a25e7ee52910f2310f5fdc260beedc8e8cea3eac215a2ed4271d36723941e615a5ae4dea2be8cdb79e8476d6ae9e56",,"2021-07-02T13:30:00.000","30","NO CONTROLS","NO CONTROLS","CLEAR","DAYLIGHT","SIDESWIPE SAME DIRECTION","OTHER",,"STRAIGHT AND LEVEL","DRY","NO DEFECTS","ON SCENE","NO INJURY / DRIVE AWAY",,,,"OVER $1,500","2021-07-02T14:40:00.000","UNABLE TO DETERMINE","UNABLE TO DETERMINE","2","W","TERMINAL ST","1652",,,,,,,"2.0","7","NO INDICATION OF INJURY","0.0","0","0","0","0","2","0","13","6","X002292358",,,
"6df09ad36454e0b84302c7d247b15c5df122bc2c7d30547a0bb17c25f7754705a694ed873d9c4a11f87ae8ea7e08d6fe6f8fc82d70c59ad629751545803fcd1e",,"2021-03-06T09:45:00.000","30","NO CONTROLS","NO CONTROLS","CLEAR","DAYLIGHT","ANGLE","NOT DIVIDED",,"STRAIGHT AND LEVEL","DRY","NO DEFECTS","NOT ON SCENE (DESK REPORT)","NO INJURY / DRIVE AWAY",,,,"OVER $1,500","2021-03-06T10:28:00.000","FAILING TO YIELD RIGHT-OF-WAY","FAILING TO YIELD RIGHT-OF-WAY","4503","W","45TH ST","815",,,,,,,"2.0","3","NO INDICATION OF INJURY","0.0","0","0","0","0","2","0","9","7","X002175984",,,
"073b895f0c75f45508b589536109ce36ef01e1f0aba00ca7f5c93c78e3c2f15c8780fcb9a69886317c8d04aba3d26de6ac8bcb8d7dcd33e78ae1c0d20622b359",,"2021-04-22T11:15:00.000","35","OTHER WARNING SIGN","FUNCTIONING PROPERLY","CLEAR","DAYLIGHT","REAR TO FRONT","DIVIDED - W/MEDIAN BARRIER",,"CURVE, LEVEL","DRY","NO DEFECTS","ON SCENE","NO INJURY / DRIVE AWAY",,"Y","Y","OVER $1,500","2021-04-22T11:15:00.000","IMPROPER BACKING","UNABLE TO DETERMINE","8800","S","CHICAGO SKYWAY OB","412",,,,,,,"2.0","4","NO INDICATION OF INJURY","0.0","0","0","0","0","2","0","11","5",,,,
"52d17695044357426edb6f2de25b83fc2152ce659c400bbf76fbfda2fe5d5f650707de38f350259e00ad9f359440e1892cae7ba1fbb80f4a581be8f538af43dd",,"2021-03-13T07:07:00.000","30","STOP SIGN/FLASHER","UNKNOWN","CLEAR","DAYLIGHT","TURNING","ONE-WAY",,"STRAIGHT AND LEVEL","DRY","NO DEFECTS",,"NO INJURY / DRIVE AWAY",,,"N","OVER $1,500","2021-03-13T08:57:00.000","IMPROPER LANE USAGE","UNABLE TO DETERMINE","457","E","ERIE ST","1834",,,,,,,"2","3","NO INDICATION OF INJURY","0","0","0","0","0","2","0","7","7","X002180654","41.8941700994","-87.6156272994","POINT (-87.615627299434 41.894170099391)"
"d368f283e9171d5a315f346bc1ef9541cf6a90c305b61b7a25b5dbfb3a05f1603605a45fb2d4b7683040b09d16db9c526bce4c04bd34fae25d58fe30cf58aefb",,"2021-04-06T09:00:00.000","10","NO CONTROLS","NO CONTROLS","UNKNOWN","DAYLIGHT","PARKED MOTOR VEHICLE","ONE-WAY",,"STRAIGHT AND LEVEL","UNKNOWN","NO DEFECTS","NOT ON SCENE (DESK REPORT)","NO INJURY / DRIVE AWAY",,,"Y","OVER $1,500","2021-04-21T12:00:00.000","UNABLE TO DETERMINE","NOT APPLICABLE","405","W","OHARE ST","1654",,,,,,,"2.0","4","NO INDICATION OF INJURY","0.0","0","0","0","0","1","0","9","3","X002218443",,,
"6f8046f791d05f849bcdd5675223b8912625d979ddab828ea21128f37b0f534c4719fdd389084f861bee13ee5f64ccd71d61d45d2b8dab89bc73eccedf1d61db",,"2021-03-28T20:44:00.000","15","NO CONTROLS","NO CONTROLS","CLEAR","DARKNESS, LIGHTED ROAD","PARKED MOTOR VEHICLE","PARKING LOT",,"STRAIGHT AND LEVEL","DRY","NO DEFECTS","ON SCENE","NO INJURY / DRIVE AWAY",,,"Y","$501 - $1,500","2021-03-28T20:53:00.000","DRIVING SKILLS/KNOWLEDGE/EXPERIENCE","NOT APPLICABLE","516","W","OHARE ST","1654",,,,,,,"2.0","3","NO INDICATION OF INJURY","0.0","0","0","0","0","1","0","20","1","X002199349",,,
"be0b4b87c41ccfca91544a6604c829a5b6e80f3f2dc44e69f337062addfda41de97b159486a1d1250f250e97d9a49594ee9a42bfc5718bb0708055c39d9efbba",,"2021-03-01T16:45:00.000","20","NO CONTROLS","NO CONTROLS","CLEAR","DAYLIGHT","FIXED OBJECT","PARKING LOT",,"STRAIGHT AND LEVEL","SNOW OR SLUSH","UNKNOWN","ON SCENE","NO INJURY / DRIVE AWAY",,"Y",,"$500 OR LESS","2021-03-01T16:50:00.000","WEATHER","NOT APPLICABLE","9915","S","TORRENCE AVE","431",,,,,,,"1","3","NO INDICATION OF INJURY","0","0","0","0","0","3","0","16","2","X002170734","41.7148853398","-87.5596217231","POINT (-87.559621723081 41.714885339772)"
"d93feffd4757a427db8f0d08a0ed4f08dcb62e10c5d806af5d59c19698837729596f285177d343f0f3c12c27b65b59cb39b8567ce9f8cb9c5424178f19ff0f92",,"2021-04-04T06:45:00.000","45","TRAFFIC SIGNAL","FUNCTIONING PROPERLY","CLEAR","DAYLIGHT","FIXED OBJECT","DIVIDED - W/MEDIAN BARRIER",,"CURVE, LEVEL","DRY","NO DEFECTS","ON SCENE","INJURY AND / OR TOW DUE TO CRASH",,,,"OVER $1,500","2021-04-04T06:55:00.000","DRIVING ON WRONG SIDE/WRONG WAY","FAILING TO REDUCE SPEED TO AVOID CRASH","6258","S","LAKE SHORE DR","331",,,,,,,"1.0","4","NONINCAPACITATING INJURY","1.0","0","0","1","0","0","0","6","1","X002199398",,,
"33dfce8cb9302f2b72078119e3e4dfe2c53de76b8ba66d026f80351b68a7773b658efc302b4845464d4949ed70e345f360f3db51d722ed927d0fa08370ee0bc8","N","2021-04-05T21:29:00.000","55","NO CONTROLS","NO CONTROLS","CLEAR","DARKNESS, LIGHTED ROAD","OTHER OBJECT","DIVIDED - W/MEDIAN BARRIER",,"STRAIGHT AND LEVEL","DRY","NO DEFECTS","ON SCENE","NO INJURY / DRIVE AWAY",,,,"$501 - $1,500","2021-04-05T21:29:00.000","UNABLE TO DETERMINE","NOT APPLICABLE","2","W","I190 EXPY","1654",,"Y",,,,,"1.0","4","NO INDICATION OF INJURY","0.0","0","0","0","0","3","0","21","2","X002201363",,,
"19c3f970b2a3252ff454aec16ae316074e689135f3e1069f6834d35b6d0db5bb8d3c8e67cfdff4bee768280e7ee1cbb217c636ee213ca09136df2f5ff9f5d3f7",,"2021-03-02T14:36:00.000","20","NO CONTROLS","NO CONTROLS","CLEAR","DAYLIGHT","PARKED MOTOR VEHICLE","PARKING LOT",,"STRAIGHT AND LEVEL","DRY","NO DEFECTS","ON SCENE","NO INJURY / DRIVE AWAY",,,,"OVER $1,500","2021-03-02T15:23:00.000","IMPROPER BACKING","DRIVING SKILLS/KNOWLEDGE/EXPERIENCE","895","W","OHARE ST","1654",,,,,,,"2.0","3","NO INDICATION OF INJURY","0.0","0","0","0","0","1","0","14","3","X002172263",,,
"69c6c2f5b2cad678365837c4b8b987d0df4d8782cdb9a67ae9647b3f21af80e319f4e1531a18d3958c061bd70b7299b52857ed953ea1b6d8bd4e69e90160377d","Y","2021-03-30T14:44:00.000","30","OTHER","FUNCTIONING PROPERLY","CLEAR","DAYLIGHT","SIDESWIPE SAME DIRECTION","DIVIDED - W/MEDIAN (NOT RAISED)",,"STRAIGHT AND LEVEL","DRY","NO DEFECTS","ON SCENE","INJURY AND / OR TOW DUE TO CRASH",,,,"OVER $1,500","2021-03-30T14:44:00.000","FAILING TO YIELD RIGHT-OF-WAY","IMPROPER LANE USAGE","17","W","I190 EXPY","1654",,,,,,,"3.0","3","NONINCAPACITATING INJURY","3.0","0","0","2","1","1","0","14","3","X002195451",,,
"d8f8d59c06e8f1fe7da264b2460a66b59b6882704bf305dac7974d1be48164bd9e1776c9a732ea51917bcfe49dbee34c321b176092674db7bfb085e4a5717edf",,"2021-03-13T10:25:00.000","25","NO CONTROLS","NO CONTROLS","CLEAR","DAYLIGHT","REAR END","ONE-WAY",,"STRAIGHT AND LEVEL","DRY","NO DEFECTS","ON SCENE","NO INJURY / DRIVE AWAY",,,,"$500 OR LESS","2021-03-13T10:27:00.000","FOLLOWING TOO CLOSELY","DRIVING SKILLS/KNOWLEDGE/EXPERIENCE","102","W","I190 EXPY","1654",,,,,,,"2.0","3","NO INDICATION OF INJURY","0.0","0","0","0","0","2","0","10","7","X002180651",,,
"622322b8b12699eaeab267f295b80fbadecd74ba0ffe82c0533a1f2b5cab810be48225af35a4b6f05c6625dc15ce6f009b142d0730a4a0bb1d5b0775f4bffecf",,"2021-03-14T16:02:00.000","30","TRAFFIC SIGNAL","FUNCTIONING PROPERLY","CLEAR","DAYLIGHT","TURNING","FOUR WAY",,"STRAIGHT AND LEVEL","DRY","NO DEFECTS","ON SCENE","INJURY AND / OR TOW DUE TO CRASH","Y",,,"$501 - $1,500","2021-03-14T16:07:00.000","DISREGARDING TRAFFIC SIGNALS","CELL PHONE USE OTHER THAN TEXTING","4700","S","DR MARTIN LUTHER KING JR SD","224",,,,,,,"2.0","3","NO INDICATION OF INJURY","0.0","0","0","0","0","2","0","16","1","X002181488",,,
"d102433113d73a708cb31f7315a1c02b05bb944f501171e8c477c570ea15a5d7815b78f95759106346f95efc58780771b402c390b29717bf6249b1ebebdd4e38",,"2021-03-26T12:30:00.000","15","NO CONTROLS","NO CONTROLS","CLEAR","DAYLIGHT","REAR TO FRONT","PARKING LOT",,"STRAIGHT ON GRADE","DRY","NO DEFECTS","ON SCENE","NO INJURY / DRIVE AWAY",,,"Y","$500 OR LESS","2021-03-26T12:55:00.000","IMPROPER BACKING","FOLLOWING TOO CLOSELY","1","W","PARKING LOT F ST","1654",,,,,,,"2.0","3","NO INDICATION OF INJURY","0.0","0","0","0","0","2","0","12","6","X002192493",,,
"60373423f72cef72f9d30a7803827486d07eca6aad7617acee1e8c763353d20ce755479c9fddb5e47f156c55e23696d709c0b912b9e67b291a7ee33aa183b3a7",,"2021-03-16T11:35:00.000","35","NO CONTROLS","NO CONTROLS","CLEAR","DAYLIGHT","TURNING","DIVIDED - W/MEDIAN (NOT RAISED)",,"STRAIGHT AND LEVEL","DRY","UNKNOWN","ON SCENE","NO INJURY / DRIVE AWAY",,,,"OVER $1,500","2021-03-16T11:35:00.000","IMPROPER TURNING/NO SIGNAL","UNABLE TO DETERMINE","1699","E","MIDWAY PLAISANCE","331",,,,,,,"2.0","3","NO INDICATION OF INJURY","0.0","0","0","0","0","3","0","11","3","X002183712",,,
"65329b468875b548877182251019d06c707be44f884cf06b1edf700b32040f05ffa489cd7a5c1a1854d98461c219a9f74dbe59980096d4461e5a1c3b98923783",,"2021-04-12T03:02:00.000","10","STOP SIGN/FLASHER","FUNCTIONING PROPERLY","RAIN","DARKNESS, LIGHTED ROAD","ANGLE","PARKING LOT",,"STRAIGHT AND LEVEL","WET","NO DEFECTS","ON SCENE","NO INJURY / DRIVE AWAY",,,,"OVER $1,500","2021-04-12T03:03:00.000","DISREGARDING STOP SIGN","DRIVING SKILLS/KNOWLEDGE/EXPERIENCE","722","W","OHARE ST","1654",,,,,,,"2.0","4","NO INDICATION OF INJURY","0.0","0","0","0","0","2","0","3","2","X002208896",,,
"8628954a49272c53ac04f746f3dc5ef25c8c88640cd3e110a91170f9a8794af7eb5efb1195ab244ebbd053cdd6a7f6628f906d832d71ad6b355395075a891de8",,"2021-03-14T19:30:00.000","20","TRAFFIC SIGNAL","FUNCTIONING PROPERLY","RAIN","DARKNESS, LIGHTED ROAD","REAR END","FOUR WAY",,"STRAIGHT AND LEVEL","WET","NO DEFECTS","ON SCENE","NO INJURY / DRIVE AWAY","Y",,"Y","$501 - $1,500","2021-03-14T19:40:00.000","FOLLOWING TOO CLOSELY","WEATHER","170","N","BESSIE COLEMAN DR","1654",,,,,,,"2.0","3","NO INDICATION OF INJURY","0.0","0","0","0","0","3","0","19","1","X002188634",,,
"b4466e8c494eb19744e8303fc409406274be1fe025493e30c2de85f1658f594d2fec7704307a8a4f92491a8131451e62ca1c9aa4276fdb9a98ac91588e0e5736",,"2025-01-14T13:20:00.000","20","NO CONTROLS","NO CONTROLS","CLEAR","DAYLIGHT","PARKED MOTOR VEHICLE","ONE-WAY",,"STRAIGHT AND LEVEL","SNOW OR SLUSH","NO DEFECTS","ON SCENE","NO INJURY / DRIVE AWAY",,,,"$500 OR LESS","2025-01-14T13:30:00.000","IMPROPER LANE USAGE","UNABLE TO DETERMINE","1","W","TERMINAL ST","1651",,,,,,,"2.0","1","NO INDICATION OF INJURY","0.0","0","0","0","0","1","0","13","3","X003691736",,,
"e3c78178f0750658b554aae2da2838e67394177a2a9e5256b03a13c10a65d5ce4f405a36a4114e95d48d543de32064963c50a5037decac400c2f9a09d5156305",,"2025-01-04T06:25:00.000","25","NO CONTROLS","NO CONTROLS","CLEAR","DARKNESS, LIGHTED ROAD","REAR END","ONE-WAY",,"STRAIGHT AND LEVEL","DRY","NO DEFECTS","ON SCENE","INJURY AND / OR TOW DUE TO CRASH",,,,"OVER $1,500","2025-01-04T06:35:00.000","FOLLOWING TOO CLOSELY","DRIVING SKILLS/KNOWLEDGE/EXPERIENCE","3","W","TERMINAL ST","1653",,,,,,,"2.0","1","NO INDICATION OF INJURY","0.0","0","0","0","0","3","0","6","7","X003680236",,,
"022a7815166afd1ccb1968d5591cf0fe6e3fb922ddbb9529798914f5819e909fad1172a6cf74e8f2557e8a7239c5029aae88fc0ce11b3a06cb2b066d8548d3c8",,"2025-01-15T05:16:00.000","30","UNKNOWN","UNKNOWN","SNOW","DARKNESS","ANGLE","FOUR WAY",,"STRAIGHT AND LEVEL","SNOW OR SLUSH","UNKNOWN","ON SCENE","INJURY AND / OR TOW DUE TO CRASH","Y",,,"OVER $1,500","2025-01-15T05:22:00.000","UNABLE TO DETERMINE","UNABLE TO DETERMINE","5466","S","WENTWORTH AVE","225",,,,,,,"2.0","1","NO INDICATION OF INJURY","0.0","0","0","0","0","2","0","5","4","X003693741",,,
"0ac29ad7f6826d97cd943ea962ef520045c4cf4033a98f27cc75df2f70d96ff59ce195550e0dec9b06005e66c748c095d1147c0e239c63a26c27b2fd67cca82b","Y","2025-01-10T19:00:00.000","20","NO CONTROLS","NO CONTROLS","SNOW","DUSK","SIDESWIPE SAME DIRECTION","OTHER",,"STRAIGHT AND LEVEL","WET","NO DEFECTS","NOT ON SCENE (DESK REPORT)","NO INJURY / DRIVE AWAY",,,,"$500 OR LESS","2025-01-11T16:30:00.000","UNABLE TO DETERMINE","NOT APPLICABLE","70","W","I190 EXPY","1654",,,,,,,"2.0","1","NO INDICATION OF INJURY","0.0","0","0","0","0","2","0","19","6","X003690503",,,
"dee040aefdcb741b9005540fef9a5eac2777a7ef1f1a3cb052f5a68d64d8ba7101bae16afed6c699e5ceb8f60e4ddcd9c3e729219ed5600f8ef8ad0b4e5bc8ff",,"2024-12-26T12:00:00.000","30","TRAFFIC SIGNAL","FUNCTIONING PROPERLY","CLEAR","DAYLIGHT","REAR END","TRAFFIC ROUTE",,"STRAIGHT AND LEVEL","DRY","NO DEFECTS","NOT ON SCENE (DESK REPORT)","NO INJURY / DRIVE AWAY",,,,"OVER $1,500","2024-12-26T18:00:00.000","UNABLE TO DETERMINE","NOT APPLICABLE","13000","S","STONY ISLAND AVE","434",,,,,,,"2.0","12","NO INDICATION OF INJURY","0.0","0","0","0","0","2","0","12","5","X003673452",,,
"29a882a5cfce85b0ef34b12869732d19ac409ca2c5087369b21671955c460eaa53ce43fbb0c1f55fda56fc5f6f93e7bd1c92898fb62c45482351be1d79a91a71",,"2025-01-08T05:10:00.000","30","NO CONTROLS","NO CONTROLS","OTHER","DARKNESS, LIGHTED ROAD","FIXED OBJECT","ONE-WAY",,"STRAIGHT AND LEVEL","ICE","NO DEFECTS","ON SCENE","INJURY AND / OR TOW DUE TO CRASH",,,,"OVER $1,500","2025-01-08T05:10:00.000","FAILING TO REDUCE SPEED TO AVOID CRASH","WEATHER","4640","S","LA SALLE ST","215",,,,,,,"1.0","1","NO INDICATION OF INJURY","0.0","0","0","0","0","2","0","5","4","X003684070",,,
"e37c2b54e50f19cc658572230690e1d9f7f412d6f892603543de79ecd479932d7cbb5e20a19ef9c82cadcfd5a1bcff23ee576c01d9b0c6e51a6b49cd70da5de2",,"2024-12-29T14:20:00.000","55","NO CONTROLS","NO CONTROLS","CLEAR","DAYLIGHT","REAR END","DIVIDED - W/MEDIAN BARRIER",,"STRAIGHT AND LEVEL","WET","NO DEFECTS","ON SCENE","NO INJURY / DRIVE AWAY",,,"Y","$501 - $1,500","2024-12-29T14:59:00.000","FOLLOWING TOO CLOSELY","FAILING TO YIELD RIGHT-OF-WAY","10","W","I190 EXPY","1654",,,,,,,"2.0","12","NO INDICATION OF INJURY","0.0","0","0","0","0","2","0","14","1","X003674968",,,
"53ebe264748eae9537c65da59da7174ebcdd73502619ca25c30e87991e36c156b96743a1db782627e8e820489a682bc26461e7405f95465a921a00b4e62011fd",,"2025-01-10T10:55:00.000","20","OTHER WARNING SIGN","FUNCTIONING PROPERLY","CLOUDY/OVERCAST","DAYLIGHT","OTHER OBJECT","DRIVEWAY",,"STRAIGHT AND LEVEL","WET","NO DEFECTS","ON SCENE","NO INJURY / DRIVE AWAY",,,,"OVER $1,500","2025-01-10T11:02:00.000","FAILING TO YIELD RIGHT-OF-WAY","DRIVING SKILLS/KNOWLEDGE/EXPERIENCE","524","W","OHARE ST","1654",,,,,,,"1.0","1","NO INDICATION OF INJURY","0.0","0","0","0","0","1","0","10","6","X003687332",,,
"b2f11bb54cc73af9a3fa26cbe94d436a4723b8878d40a4f4c68249d85233c7bc0fae752797be8b55b632d7250eedb36f4ba87fc2a010db38c721973f79ae00ae",,"2021-03-03T12:50:00.000","30","NO CONTROLS","FUNCTIONING PROPERLY","CLEAR","DAYLIGHT","PARKED MOTOR VEHICLE","OTHER",,"STRAIGHT AND LEVEL","DRY","NO DEFECTS","ON SCENE","NO INJURY / DRIVE AWAY",,,"Y","$501 - $1,500","2021-03-03T12:50:00.000","FOLLOWING TOO CLOSELY","NOT APPLICABLE","1","W","TERMINAL ST","1651",,,,,,,"2.0","3","NO INDICATION OF INJURY","0.0","0","0","0","0","1","0","12","4","X002172888",,,
"4140605553ec4436563e4871451d36e56326262e42c807a2e5d9131dd76e644f0880bef465e7465fec890e8e27d1ea9329a138318ae3a144f6a9f0f691f04c8e",,"2021-03-18T23:40:00.000","30","TRAFFIC SIGNAL","FUNCTIONING PROPERLY","CLEAR","DARKNESS, LIGHTED ROAD","REAR END","NOT DIVIDED",,"STRAIGHT AND LEVEL","DRY","NO DEFECTS","NOT ON SCENE (DESK REPORT)","NO INJURY / DRIVE AWAY","Y",,,"$501 - $1,500","2021-03-19T09:10:00.000","UNABLE TO DETERMINE","NOT APPLICABLE","1700","S","KEDZIE AVE","1022",,,,,,,"2.0","3","NO INDICATION OF INJURY","0.0","0","0","0","0","3","0","23","5","X002185594",,,
"ef77573fa9fca357c8a6165c02261eec3c6f03cb9ebbb2397e6674a258c5b2e6de10eed1810b2405d1e68217686c0ce04f424b9f668e9007aae906e51d797bf9",,"2021-03-04T17:45:00.000","30","NO CONTROLS","NO CONTROLS","CLEAR","DAYLIGHT","SIDESWIPE SAME DIRECTION","ONE-WAY",,"STRAIGHT AND LEVEL","DRY","NO DEFECTS","NOT ON SCENE (DESK REPORT)","NO INJURY / DRIVE AWAY",,,,"$501 - $1,500","2021-03-04T18:10:00.000","NOT APPLICABLE","NOT APPLICABLE","5900","S","WENTWORTH AVE","232",,,,,,,"2.0","3","NO INDICATION OF INJURY","0.0","0","0","0","0","2","0","17","5",,,,
"016eaf0b25d64bf0917f77ad2c7468196178eaea750a5fc2a729adde6fc6325f1f252a20dc46f6ed40746b961a7645cb2d3a0391777f2363214f9f54639ac611",,"2021-07-02T15:40:00.000","20","NO CONTROLS","NO CONTROLS","CLEAR","DAYLIGHT","SIDESWIPE SAME DIRECTION","NOT DIVIDED",,"STRAIGHT AND LEVEL","DRY","NO DEFECTS",,"NO INJURY / DRIVE AWAY",,,,"OVER $1,500","2021-07-02T15:45:00.000","FAILING TO YIELD RIGHT-OF-WAY","IMPROPER OVERTAKING/PASSING","4760","W","76TH ST","833",,,,,,,"2.0","7","NO INDICATION OF INJURY","0.0","0","0","0","0","2","0","15","6","X002291158",,,
"88d5569004aa9f958243d6cc4f003772cbde58ca4839c143efc2f9f9921c07973624a7fa4a66fb3640e0a6a7f8b1ae66b6758dac1ec73a37de9c307ea33dbd56",,"2021-04-20T06:30:00.000","20","NO CONTROLS","NO CONTROLS","CLEAR","DAYLIGHT","FIXED OBJECT","PARKING LOT",,"STRAIGHT AND LEVEL","DRY","UNKNOWN","ON SCENE","NO INJURY / DRIVE AWAY",,,,"$501 - $1,500","2021-04-20T06:30:00.000","NOT APPLICABLE","NOT APPLICABLE","1","W","PARKING LOT B ST","1654",,,,,,,"1.0","4","NO INDICATION OF INJURY","0.0","0","0","0","0","1","0","6","3","X002213708",,,
"9b2a7d2a62a1c8d29cfe31904c34d0d80b237bbef5ce305ab8c2e17fd6c8381fd52abe2f0cfc17f3fd8dd314f5e134cc92746c2506624f03c65836de7ab9d3f0",,"2021-03-12T20:30:00.000","30","NO CONTROLS","NO CONTROLS","CLEAR","DARKNESS, LIGHTED ROAD","REAR END","DIVIDED - W/MEDIAN (NOT RAISED)",,"STRAIGHT AND LEVEL","DRY","NO DEFECTS","NOT ON SCENE (DESK REPORT)","NO INJURY / DRIVE AWAY",,,,"$501 - $1,500","2021-03-12T21:15:00.000","DISTRACTION - FROM INSIDE VEHICLE","NOT APPLICABLE","6240","N","KIMBALL AVE","1711",,,,,,,"2.0","3","NO INDICATION OF INJURY","0.0","0","0","0","0","2","0","20","6","X002180369",,,
"14f12bdf445eee99c3edea581bbd3216548eb5e59318728e932e017623f33530cc1d7d5a8adc0f0a0126903e862e6122920474ce8cd53120103e2cd59abf1fa2",,"2021-03-11T08:20:00.000","30","TRAFFIC SIGNAL","FUNCTIONING PROPERLY","CLEAR","DAYLIGHT","REAR END","NOT DIVIDED",,"STRAIGHT AND LEVEL","DRY","NO DEFECTS","ON SCENE","NO INJURY / DRIVE AWAY",,,,"OVER $1,500","2021-03-11T08:20:00.000","UNABLE TO DETERMINE","NOT APPLICABLE","2546","E","71ST ST","334",,"N",,,,,"2.0","3","NO INDICATION OF INJURY","0.0","0","0","0","0","3","0","8","5","X002179028",,,
"7adf97724bb5844b8ed4f3d55d50697e4bceb62d26daf7ee8668912fd02a7d91bbe106fbfcfb79ab062d0087620e435d934647d2028e50520fed6dede23ab897",,"2021-03-20T05:40:00.000","25","NO CONTROLS","NO CONTROLS","CLEAR","DAWN","SIDESWIPE SAME DIRECTION","ONE-WAY",,"STRAIGHT AND LEVEL","DRY","NO DEFECTS","ON SCENE","NO INJURY / DRIVE AWAY",,,"Y","OVER $1,500","2021-03-20T05:48:00.000","IMPROPER LANE USAGE","DRIVING SKILLS/KNOWLEDGE/EXPERIENCE","2","W","TERMINAL ST","1652",,,,,,,"2.0","3","NO INDICATION OF INJURY","0.0","0","0","0","0","2","0","5","7","X002186407",,,
"8dad280810dab9d4c04c7e6e59a2d1590413008e3291c2b873eb45e725d144525518e1d9174e3ffa14d24024fcb9754c88e4f441091e050b278e0c14a9b37da7",,"2021-03-30T23:30:00.000","15","OTHER","OTHER","CLEAR","DARKNESS, LIGHTED ROAD","SIDESWIPE SAME DIRECTION","OTHER",,"STRAIGHT AND LEVEL","DRY","NO DEFECTS","ON SCENE","NO INJURY / DRIVE AWAY",,,,"$501 - $1,500","2021-03-31T00:30:00.000","UNABLE TO DETERMINE","UNABLE TO DETERMINE","5","W","TERMINAL ST","1655",,,,,,,"2.0","3","NO INDICATION OF INJURY","0.0","0","0","0","0","2","0","23","3","X002196844",,,
"98ed978841704f96feb246677e92a5f63e696cc9f15efd37642cb3fa12ac3236ce3d700af30cc8cb34d9ce0cefe050f4a7b39ad2be2a7a90e9765513d8da477e",,"2021-03-29T10:00:00.000","25","NO CONTROLS","NO CONTROLS","CLEAR","DAYLIGHT","ANGLE","NOT DIVIDED",,"STRAIGHT AND LEVEL","DRY","NO DEFECTS","ON SCENE","NO INJURY / DRIVE AWAY",,,,"OVER $1,500","2021-03-29T10:04:00.000","IMPROPER BACKING","UNABLE TO DETERMINE","7957","S","KILBOURN AVE","834",,,,,,,"2","3","NO INDICATION OF INJURY","0","0","0","0","0","2","0","10","2","X002195102","41.7475614938","-87.7338936556","POINT (-87.733893655594 41.747561493816)"
"adc036a0de4725ff9b1d780b7ba2bec13469cc2a8fe1795291f9080dbb99d18f39ea88738f02c393648ddeebe7349b6f662267c507567f919aff960cf7da6101",,"2021-02-10T13:50:00.000","45","TRAFFIC SIGNAL","FUNCTIONING PROPERLY","UNKNOWN","DAYLIGHT","REAR END","DIVIDED - W/MEDIAN BARRIER",,"STRAIGHT AND LEVEL","UNKNOWN","NO DEFECTS","NOT ON SCENE (DESK REPORT)","NO INJURY / DRIVE AWAY",,,,"OVER $1,500","2021-03-06T15:15:00.000","UNABLE TO DETERMINE","NOT APPLICABLE","12800","W","IRVING PARK RD","1654",,,,,,,"2.0","2","NO INDICATION OF INJURY","0.0","0","0","0","0","2","0","13","4","X002175001",,,
"d61570298a4f522e95774ad75b1a65d4b49f0a9de4a50c485bde99d901c1b14b4629109da6edbe0728db7fb0fea5002106cc4bf6353adb1fc7d8166744df81f3","Y","2021-03-25T08:10:00.000","20","NO CONTROLS","NO CONTROLS","CLOUDY/OVERCAST","DAYLIGHT","PARKED MOTOR VEHICLE","PARKING LOT",,"STRAIGHT AND LEVEL","DRY","NO DEFECTS","ON SCENE","NO INJURY / DRIVE AWAY",,,,"OVER $1,500","2021-03-25T08:15:00.000","FOLLOWING TOO CLOSELY","DRIVING SKILLS/KNOWLEDGE/EXPERIENCE","450","W","OHARE ST","1654",,,,,,,"2.0","3","NO INDICATION OF INJURY","0.0","0","0","0","0","1","0","8","5","X002190847",,,