"crash_record_id","crash_date_est_i","crash_date","posted_speed_limit","traffic_control_device","device_condition","weather_condition","lighting_condition","first_crash_type","trafficway_type","lane_cnt","alignment","roadway_surface_cond","road_defect","report_type","crash_type","intersection_related_i","private_property_i","hit_and_run_i","damage","date_police_notified","prim_contributory_cause","sec_contributory_cause","street_no","street_direction","street_name","beat_of_occurrence","photos_taken_i","statements_taken_i","dooring_i","work_zone_i","work_zone_type","workers_present_i","num_units","crash_month","most_severe_injury","injuries_total","injuries_fatal","injuries_incapacitating","injuries_non_incapacitating","injuries_reported_not_evident","injuries_no_indication","injuries_unknown","crash_hour","crash_day_of_week","idot_control_no","latitude","longitude","location"
"eab4f9f8586f062f58bf837d73f883acee9f53e2861157eccf72e2e3cb77aff864ec1200f3b1ac7669ce5fed18d8f5283e3f0a091b3045f394cb9efe6fafc4a8",,"2021-02-26T17:15:00.000","30","NO CONTROLS","NO CONTROLS","CLEAR","DARKNESS, LIGHTED ROAD","SIDESWIPE SAME DIRECTION","ONE-WAY",,"STRAIGHT AND LEVEL","DRY","UNKNOWN","ON SCENE","NO INJURY / DRIVE AWAY",,,,"OVER $1,500","2021-02-26T17:15:00.000","UNABLE TO DETERMINE","UNABLE TO DETERMINE","3","W","TERMINAL ST","1653",,,,,,,"2.0","2","NO INDICATION OF INJURY","0.0","0","0","0","0","2","0","17","6","X002168170",,,
"e28ae4ae79c2730a97db54f8e478813cb68453bd59d041f24ce785ac867d457b7fa3d2e55f96b9680918c4c5d2ae80db24e0ff5e07404bbc011bca1f8f331c16",,"2021-04-17T22:52:00.000","30","UNKNOWN","NO CONTROLS","CLEAR","DARKNESS","FIXED OBJECT","NOT DIVIDED",,"STRAIGHT AND LEVEL","DRY","NO DEFECTS","ON SCENE","INJURY AND / OR TOW DUE TO CRASH",,"N","Y","OVER $1,500","2021-04-17T22:52:00.000","UNABLE TO DETERMINE","UNABLE TO DETERMINE","601","W","80TH ST","621",,,,,,,"1","4",,,,,,,,,"22","7","X002211683","41.7487593126","-87.639132815","POINT (-87.639132814957 41.74875931264)"
"a753b5dbdc31ef9516e413172865c06013c84f95857f4cbe2f7c35e84f945d2c25b263c83d0ad5e15dcc759ceb5f75c7d03500dd316db15645df7d9d2e49a303",,"2021-03-17T07:55:00.000","30","NO CONTROLS","NO CONTROLS","CLEAR","DAYLIGHT","PARKED MOTOR VEHICLE","NOT DIVIDED",,"STRAIGHT AND LEVEL","DRY","NO DEFECTS","NOT ON SCENE (DESK REPORT)","NO INJURY / DRIVE AWAY",,,"Y","$500 OR LESS","2021-03-17T08:35:00.000","UNABLE TO DETERMINE","UNABLE TO DETERMINE","8344","S","EXCHANGE AVE","423",,,,,,,"2.0","3","NO INDICATION OF INJURY","0.0","0","0","0","0","1","0","7","4","X002185556",,,
"20ddaa865b7912d50f75c41a1c6017fa13447edc4741e771431db12f515e9f2ec53a319b02c7c4ba461f99ec95afdac78ff985cfc5c0c2fcab5136c97e16832b",,"2021-03-13T12:56:00.000","30","UNKNOWN","UNKNOWN","CLEAR","DAYLIGHT","REAR END","NOT DIVIDED",,"STRAIGHT AND LEVEL","DRY","UNKNOWN","ON SCENE","NO INJURY / DRIVE AWAY",,,,"OVER $1,500","2021-03-13T13:05:00.000","FOLLOWING TOO CLOSELY","FOLLOWING TOO CLOSELY","1523","W","LAWRENCE AVE","1912",,,,,,,"2","3","NO INDICATION OF INJURY","0","0","0","0","0","3","0","12","7","X002181185","41.9687746601","-87.6684654691","POINT (-87.668465469125 41.968774660067)"
"607c1cb23936ea0a4543e9b70f5d027fed596941c4c7f08543faf92bcf885b85c417dd944f9d06e857c9d1a831a1e547bb369b98dda4f26f7b0ad6f095688972",,"2021-07-13T22:09:00.000","20","NO CONTROLS","NO CONTROLS","CLEAR","DARKNESS, LIGHTED ROAD","ANGLE","ONE-WAY",,"STRAIGHT AND LEVEL","DRY","NO DEFECTS","ON SCENE","NO INJURY / DRIVE AWAY",,,,"$500 OR LESS","2021-07-13T22:09:00.000","UNABLE TO DETERMINE","NOT APPLICABLE","1","W","TERMINAL ST","1651",,"Y",,,,,"2.0","7","NO INDICATION OF INJURY","0.0","0","0","0","0","2","0","22","3","X002302926",,,
"4fb5875400036093e9eaafba4ef7ac23cc16a26d2ce4f80c78912148807950f0eda1a81db18eb6c28df3a382e70ff02bc58e32ec4fba8d49d2320bdfae435753",,"2021-08-15T10:20:00.000","20","NO CONTROLS","NO CONTROLS","CLEAR","DAYLIGHT","SIDESWIPE SAME DIRECTION","ONE-WAY",,"STRAIGHT AND LEVEL","DRY","NO DEFECTS","NOT ON SCENE (DESK REPORT)","NO INJURY / DRIVE AWAY",,,,"$501 - $1,500","2021-08-15T10:40:00.000","IMPROPER OVERTAKING/PASSING","NOT APPLICABLE","1","W","TERMINAL ST","1651",,,,,,,"2.0","8","NO INDICATION OF INJURY","0.0","0","0","0","0","2","0","10","1","X002337325",,,
"6eefbd7a8355a3e3b2734f7ef27253c55b9ba4431054f5bbdd5dc58a8d5a37ce8d07f312d94da4d077fb8265a90254ac066706c669c2a1ee3d8a256ddc1d9974",,"2021-03-23T22:57:00.000","5","NO CONTROLS","NO CONTROLS","RAIN","DARKNESS, LIGHTED ROAD","ANGLE","PARKING LOT",,"STRAIGHT AND LEVEL","WET","NO DEFECTS","ON SCENE","INJURY AND / OR TOW DUE TO CRASH",,,,"OVER $1,500","2021-03-23T22:57:00.000","NOT APPLICABLE","NOT APPLICABLE","1","W","PARKING LOT D ST","1654",,,,,,,"2.0","3","NO INDICATION OF INJURY","0.0","0","0","0","0","2","0","22","3","X002190478",,,
"8699164bc6320d3c37ee264661b46713558dc0058ec03e84adb0d13c55f299b69ed7602a42f75174108e4f5a56e0954d0919d1abb93a29baa086582be19d0708",,"2021-03-20T23:00:00.000","20","NO CONTROLS","NO CONTROLS","CLEAR","DARKNESS, LIGHTED ROAD","SIDESWIPE SAME DIRECTION","ONE-WAY",,"STRAIGHT AND LEVEL","DRY","NO DEFECTS","ON SCENE","NO INJURY / DRIVE AWAY",,,,"$501 - $1,500","2021-03-20T23:10:00.000","IMPROPER OVERTAKING/PASSING","UNABLE TO DETERMINE","5","W","TERMINAL ST","1655",,,,,,,"2.0","3","NO INDICATION OF INJURY","0.0","0","0","0","0","2","0","23","7","X002187087",,,
"b99a23cf8ef2a134231640d17fd1c2b94f99b18fbe7b885bb4327d29e9098e86d32117e831cea2ece35b02fe928b4aca89d9eddc213de6de83998214f3365e40",,"2021-02-26T15:00:00.000","25","NO CONTROLS","NO CONTROLS","CLEAR","DAYLIGHT","SIDESWIPE SAME DIRECTION","ONE-WAY",,"STRAIGHT AND LEVEL","DRY","UNKNOWN","ON SCENE","NO INJURY / DRIVE AWAY",,,,"OVER $1,500","2021-02-26T15:00:00.000","UNABLE TO DETERMINE","UNABLE TO DETERMINE","475","W","OHARE ST","1654",,,,,,,"2.0","2","NO INDICATION OF INJURY","0.0","0","0","0","0","2","0","15","6","X002168172",,,
"a5b66e6d9e8562ea6b2f6def24d646c9b3a0af9aba161951c53f19ce29d41bed70aa52d42a4101a96b8c14de57a152eecff84d0d8cf42eab5bc366791ebcf504",,"2021-04-02T16:36:00.000","25","NO CONTROLS","NO CONTROLS","CLEAR","DAYLIGHT","SIDESWIPE SAME DIRECTION","ONE-WAY",,"STRAIGHT AND LEVEL","DRY","NO DEFECTS","ON SCENE","NO INJURY / DRIVE AWAY",,,"Y","OVER $1,500","2021-04-02T16:45:00.000","IMPROPER OVERTAKING/PASSING","UNABLE TO DETERMINE","432","W","OHARE ST","1654",,,,,,,"2.0","4","NO INDICATION OF INJURY","0.0","0","0","0","0","2","0","16","6","X002199353",,,
"1d609d9e9635d3f9a4ea0078490a50127904a2c314e7de8e2a80496bb906d217fb217cd8629c0d8af4f4953e79cda2a88f37289d3e68c03f66dc1ab177ecf757",,"2021-04-02T22:15:00.000","20","STOP SIGN/FLASHER","FUNCTIONING PROPERLY","CLEAR","UNKNOWN","REAR END","ONE-WAY",,"STRAIGHT AND LEVEL","DRY","NO DEFECTS","ON SCENE","INJURY AND / OR TOW DUE TO CRASH",,,,"OVER $1,500","2021-04-02T22:15:00.000","FOLLOWING TOO CLOSELY","NOT APPLICABLE","5","W","TERMINAL ST","1655",,,,,,,"2.0","4","NO INDICATION OF INJURY","0.0","0","0","0","0","3","0","22","6","X002201365",,,
"9f7e8b62da4b243334079e0cb6aeba30b5b66dfab0aa30720b292cfdb52a5b41d9a2648f5c8d8735f8543e186333fa4d9a59dd48471b5617c8cc410df59bcd9f",,"2021-02-28T13:43:00.000","30","YIELD","UNKNOWN","CLEAR","DAYLIGHT","TURNING","FOUR WAY",,"STRAIGHT AND LEVEL","DRY","UNKNOWN","ON SCENE","INJURY AND / OR TOW DUE TO CRASH",,,"Y","OVER $1,500","2021-02-28T13:45:00.000","DISREGARDING TRAFFIC SIGNALS","OPERATING VEHICLE IN ERRATIC, RECKLESS, CARELESS, NEGLIGENT OR AGGRESSIVE MANNER","811","S","AUSTIN BLVD","1513",,,,,,,"2.0","2","INCAPACITATING INJURY","4.0","0","3","1","0","1","0","13","1","X002169844",,,
"5059b280d47935a4c60ffed8b47548f6ab2c4a83150bb6c4fa9bf1934af67a064005d5e5854cfd4fb13d797760a197a3cb37dfc48a58b1ad8d9996d228ad2937",,"2021-03-22T22:05:00.000","30","TRAFFIC SIGNAL","FUNCTIONING PROPERLY","CLEAR","DARKNESS, LIGHTED ROAD","REAR END","ONE-WAY",,"STRAIGHT AND LEVEL","DRY","NO DEFECTS","NOT ON SCENE (DESK REPORT)","NO INJURY / DRIVE AWAY",,,,"$500 OR LESS","2021-03-22T22:20:00.000","UNABLE TO DETERMINE","DRIVING SKILLS/KNOWLEDGE/EXPERIENCE","5500","S","WENTWORTH AVE","225",,,,,,,"2.0","3","NO INDICATION OF INJURY","0.0","0","0","0","0","2","0","22","2","X002188709",,,
"b181757fa58cbc3ee3a2ac77bea4a7724169e814f6ede1988cb5ee16d164f2772d03943c224efdcae374757e9313c16771eefcf959143926025468b4ba999372",,"2021-03-07T01:51:00.000","30","TRAFFIC SIGNAL","FUNCTIONING PROPERLY","CLEAR","DARKNESS, LIGHTED ROAD","TURNING","T-INTERSECTION",,"STRAIGHT AND LEVEL","DRY","NO DEFECTS","ON SCENE","INJURY AND / OR TOW DUE TO CRASH","Y",,,"OVER $1,500","2021-03-07T01:52:00.000","DISREGARDING TRAFFIC SIGNALS","UNABLE TO DETERMINE","8900","S","COLFAX AVE","423",,,,,,,"2.0","3","REPORTED, NOT EVIDENT","1.0","0","0","0","1","2","0","1","1","X002175245",,,
"b3358a4db38ba54c5920e094a994f53543d355777594668efa50d9230f3c1a5425c39e7875ff221d86dd250ca98f14747a4ca4ecadd8e946d4e185a974b39a63",,"2021-03-16T22:35:00.000","15","OTHER","OTHER","CLEAR","DARKNESS, LIGHTED ROAD","PARKED MOTOR VEHICLE","OTHER",,"STRAIGHT AND LEVEL","OTHER","NO DEFECTS","ON SCENE","NO INJURY / DRIVE AWAY",,,,"$501 - $1,500","2021-03-16T22:39:00.000","DRIVING SKILLS/KNOWLEDGE/EXPERIENCE","NOT APPLICABLE","514","W","OHARE ST","1654",,,,,,,"2.0","3","NO INDICATION OF INJURY","0.0","0","0","0","0","3","0","22","3","X002183632",,,
"5cbe303bb918560b284bf5f4fac795cdea35fee54bd66578333b146e28e600e8a0727ff8824866065ebda451019f19ca00bea8426a12e2bb581f87dcc18b1b2b",,"2021-03-28T18:26:00.000","30","NO CONTROLS","NO CONTROLS","CLEAR","DAYLIGHT","REAR END","DIVIDED - W/MEDIAN (NOT RAISED)",,"STRAIGHT AND LEVEL","DRY","NO DEFECTS","NOT ON SCENE (DESK REPORT)","NO INJURY / DRIVE AWAY",,,"Y","$501 - $1,500","2021-03-28T21:10:00.000","FOLLOWING TOO CLOSELY","UNABLE TO DETERMINE","5397","N","AUSTIN AVE","1622",,,,,,,"2.0","3","NO INDICATION OF INJURY","0.0","0","0","0","0","5","0","18","1","X002194198",,,
"ca2c27b863d9d4d253c83c2213786d6872465541153d8e6da4d03dc0c49c1a72105279a8dd0293d6534a519e4ca771ebad383722c90a4e7a4c0010606dae739e",,"2021-04-19T11:55:00.000","30","OTHER","UNKNOWN","RAIN","DAYLIGHT","SIDESWIPE SAME DIRECTION","RAMP",,"STRAIGHT AND LEVEL","WET","UNKNOWN","ON SCENE","INJURY AND / OR TOW DUE TO CRASH",,,,"OVER $1,500","2021-04-19T11:58:00.000","UNABLE TO DETERMINE","UNABLE TO DETERMINE","380","N","LOWER COLUMBUS DR","114",,,,,,,"2.0","4","NO INDICATION OF INJURY","0.0","0","0","0","0","2","0","11","2","X002213008",,,
"ca528b10caccc477513355a8b860387257cbc9574d68475ed910c0a2a4bfd725c59bd17bf4706ee02fde155187fe616f847b48626e5f9de80ea08c127ce2dcb2",,"2021-05-23T23:30:00.000","35","TRAFFIC SIGNAL","FUNCTIONING PROPERLY","FOG/SMOKE/HAZE","DARKNESS, LIGHTED ROAD","REAR END","FOUR WAY",,"STRAIGHT AND LEVEL","UNKNOWN","NO DEFECTS","NOT ON SCENE (DESK REPORT)","NO INJURY / DRIVE AWAY","Y",,"Y","OVER $1,500","2021-05-24T00:30:00.000","UNABLE TO DETERMINE","NOT APPLICABLE","5500","S","WENTWORTH AVE","225",,,,,,,"3.0","5","NO INDICATION OF INJURY","0.0","0","0","0","0","3","0","23","1","X002343915",,,
"fcfd3e1d9d09da15c4602cace6ba8760fb2e4fd3a764f27c0e11061591ac4a11a94657cb4d79e808f8659d39945ca94c570c257e7c7d8f65cf0ae4de591d7ca3","Y","2021-05-22T15:30:00.000","30","NO CONTROLS","NO CONTROLS","CLEAR","DAYLIGHT","PARKED MOTOR VEHICLE","NOT DIVIDED",,"STRAIGHT AND LEVEL","DRY","NO DEFECTS","NOT ON SCENE (DESK REPORT)","NO INJURY / DRIVE AWAY",,,"Y","OVER $1,500","2021-05-24T13:20:00.000","UNABLE TO DETERMINE","UNABLE TO DETERMINE","1334","S","LAFLIN ST","1233",,,,,,,"2.0","5","NO INDICATION OF INJURY","0.0","0","0","0","0","1","0","15","7","X002250511",,,
"a348cff77bb4312b528da3b0524e9bdd3eae9a686ff2f1c521f0102a08b89a0fb602298053e7fa2277cae70bc9062aa32bb9d7b51c55c5249be388e68786839f",,"2021-04-18T23:28:00.000","30","OTHER","OTHER","CLEAR","DARKNESS, LIGHTED ROAD","PARKED MOTOR VEHICLE","OTHER",,"STRAIGHT AND LEVEL","DRY","NO DEFECTS","ON SCENE","NO INJURY / DRIVE AWAY",,,,"OVER $1,500","2021-04-18T23:28:00.000","NOT APPLICABLE","NOT APPLICABLE","3719","N","PULASKI RD","1732",,,,,,,"3","4","NO INDICATION OF INJURY","0","0","0","0","0","1","0","23","1","X002212344","41.9487663378","-87.7273210446","POINT (-87.727321044575 41.948766337799)"
"5b2effeaaf9ff7d19ca134229297f462c13a922b73ec9185930388269f52ce98dec8c55ffd3ecd87593dec52f72bc2b38602743cf16fa609a99377cfeea9b74b",,"2021-04-01T04:55:00.000","55","NO CONTROLS","NO CONTROLS","CLEAR","DARKNESS, LIGHTED ROAD","FIXED OBJECT","RAMP",,"CURVE ON GRADE","WET","NO DEFECTS","ON SCENE","INJURY AND / OR TOW DUE TO CRASH",,,,"OVER $1,500","2021-04-01T04:56:00.000","WEATHER","NOT APPLICABLE","6544","S","DAN RYAN XPRS OB","722",,,,,,,"2.0","4","NO INDICATION OF INJURY","0.0","0","0","0","0","1","0","4","5","X002196556",,,
"b0d58d5d7c9239138e4b55f19a9cb925b7f78d2b493af4f7ae9e2049ef261d85e17815bb2de952b9cd6fa3978b37b5dd3deacab0b32d8818ca4cc733a1a5180a",,"2021-04-10T19:20:00.000","10","NO CONTROLS","NO CONTROLS","RAIN","DARKNESS, LIGHTED ROAD","PEDESTRIAN","PARKING LOT",,"STRAIGHT AND LEVEL","WET","NO DEFECTS","ON SCENE","INJURY AND / OR TOW DUE TO CRASH",,,"Y","$500 OR LESS","2021-04-10T19:35:00.000","NOT APPLICABLE","NOT APPLICABLE","524","W","OHARE ST","1654",,,,,,,"2.0","4","NONINCAPACITATING INJURY","1.0","0","0","1","0","1","0","19","7","X002205492",,,
"c2ac189c98e9fb2c398b2b2e74688239f03b693c72218e30dfb2b296effc5271d5615e0589b267396ae6e3046b1f078dd2fa16adc690567b9a8fde8afdbf530f",,"2021-04-05T21:29:00.000","55","NO CONTROLS","NO CONTROLS","CLEAR","DARKNESS, LIGHTED ROAD","SIDESWIPE SAME DIRECTION","DIVIDED - W/MEDIAN BARRIER",,"STRAIGHT AND LEVEL","DRY","NO DEFECTS","ON SCENE","INJURY AND / OR TOW DUE TO CRASH",,,"Y","OVER $1,500","2021-04-05T21:29:00.000","UNABLE TO DETERMINE","NOT APPLICABLE","2","W","I190 EXPY","1654",,"Y",,,,,"2.0","4","NO INDICATION OF INJURY","0.0","0","0","0","0","2","0","21","2","X002201364",,,
"e9b5ec2ab6955073abca151117a55d1639dc13eed9b33ecd61583495ab045ee9aa0e76fba8689ff6d9e1c8376c89019a71bd08b45af645b2f9e00398e59c0f63",,"2021-05-02T09:22:00.000","35","OTHER REG. SIGN","FUNCTIONING PROPERLY","CLEAR","DAYLIGHT","FIXED OBJECT","DIVIDED - W/MEDIAN BARRIER",,"CURVE, LEVEL","DRY","NO DEFECTS",,"NO INJURY / DRIVE AWAY",,"Y","Y","OVER $1,500","2021-05-02T09:29:00.000","UNABLE TO DETERMINE","UNABLE TO DETERMINE","8801","S","CHICAGO SKYWAY IB","423",,,,,,,"1.0","5","NO INDICATION OF INJURY","0.0","0","0","0","0","1","0","9","1","X002224799",,,
"9fa9b02cb52b5b23594e838b92599449433bc74b256c19ddeda190899d25ebdac7979b9cb5f78dfb68a1ee8c468846641df58542af8b22686fbeb8f233a8c5e0",,"2021-04-27T16:48:00.000","35","TRAFFIC SIGNAL","UNKNOWN","UNKNOWN","UNKNOWN","REAR END","NOT DIVIDED",,"STRAIGHT AND LEVEL","UNKNOWN","UNKNOWN","ON SCENE","NO INJURY / DRIVE AWAY","Y",,,"OVER $1,500","2021-05-04T23:15:00.000","UNABLE TO DETERMINE","UNABLE TO DETERMINE","5336","W","GRAND AVE","2515",,"Y",,,,,"2.0","4","NO INDICATION OF INJURY","0.0","0","0","0","0","2","0","16","3","X002227571","41.9177788786","-87.7598819277","POINT (-87.759881927735 41.917778878611)"
"8e67f976c7fb2cd7d97af115190fb1f77330707cba1473aa4d6f23096b41b63384b0f9522ce63a565bb8f036b00adfaf4966b09bef6789c3bf612b5606c54b67",,"2021-04-15T00:00:00.000","10","NO CONTROLS","NO CONTROLS","CLEAR","DARKNESS, LIGHTED ROAD","SIDESWIPE SAME DIRECTION","PARKING LOT",,"STRAIGHT AND LEVEL","DRY","NO DEFECTS","ON SCENE","NO INJURY / DRIVE AWAY",,,"Y","OVER $1,500","2021-04-15T00:02:00.000","UNABLE TO DETERMINE","NOT APPLICABLE","514","W","OHARE ST","1654",,,,,,,"2.0","4","NO INDICATION OF INJURY","0.0","0","0","0","0","2","0","0","5","X002209063",,,
"b30ffca451e9bb8980f9e769cf559ab7982048d899d1f6bb14d69caa79f8eb3482e8178ea33c2af837489b57801fdc760b79ef5a44ee21dbf2e355214fdd5c15",,"2021-04-05T02:00:00.000","35","TRAFFIC SIGNAL","FUNCTIONING PROPERLY","CLEAR","DARKNESS, LIGHTED ROAD","FIXED OBJECT","DIVIDED - W/MEDIAN BARRIER",,"CURVE, LEVEL","DRY","NO DEFECTS","ON SCENE","INJURY AND / OR TOW DUE TO CRASH",,,,"OVER $1,500","2021-04-05T02:07:00.000","UNABLE TO DETERMINE","NOT APPLICABLE","6259","S","LAKE SHORE DR","331",,,,,,,"1.0","4","NONINCAPACITATING INJURY","1.0","0","0","1","0","0","0","2","2","X002203564",,,
"256326fd7aa869d5c23ca15cabc7dc9bb14dc3811483accef04d5f2cb3ab4abfea0c85a6eac37bd67122daa14bc2a26842883f58de9a0ca2b3c6497566a747f5",,"2021-04-27T13:25:00.000","10","NO CONTROLS","NO CONTROLS","CLEAR","DAYLIGHT","PARKED MOTOR VEHICLE","PARKING LOT",,"STRAIGHT AND LEVEL","DRY","NO DEFECTS","ON SCENE","NO INJURY / DRIVE AWAY",,,,"$501 - $1,500","2021-04-27T13:27:00.000","UNABLE TO DETERMINE","NOT APPLICABLE","616","W","OHARE ST","1654",,,,,,,"2.0","4","NO INDICATION OF INJURY","0.0","0","0","0","0","1","0","13","3","X002221504",,,
"533e20bb9bba1bc17910a59006f7eda9a018e41e98ee65d015a939e7523bdc83d698bf134ce677e371b43fbb7e68019b658f6c50a842f355cdae14464acafd1b",,"2021-04-21T15:29:00.000","30","TRAFFIC SIGNAL","FUNCTIONING PROPERLY","CLEAR","DAYLIGHT","TURNING","NOT DIVIDED",,"STRAIGHT AND LEVEL","DRY","NO DEFECTS","NOT ON SCENE (DESK REPORT)","NO INJURY / DRIVE AWAY","Y",,,"$501 - $1,500","2021-04-21T16:05:00.000","IMPROPER TURNING/NO SIGNAL","IMPROPER LANE USAGE","5700","S","WENTWORTH AVE","232",,,,,,,"2.0","4","NO INDICATION OF INJURY","0.0","0","0","0","0","3","0","15","4","X002215347",,,
"53bac78e2e304cf6696893260eb1e6f5d05bf0ac1131e77d8788db7d2417def7d1df67d5d27947a639d57f46e0590372c893363ce7bb62294ee5f9909168e649",,"2021-04-12T21:20:00.000","35","OTHER","OTHER","CLEAR","DARKNESS","SIDESWIPE SAME DIRECTION","DIVIDED - W/MEDIAN (NOT RAISED)",,"STRAIGHT AND LEVEL","DRY","NO DEFECTS","NOT ON SCENE (DESK REPORT)","NO INJURY / DRIVE AWAY",,,,"OVER $1,500","2021-04-13T17:05:00.000","DRIVING SKILLS/KNOWLEDGE/EXPERIENCE","NOT APPLICABLE","1732","N","LA SALLE DR","1814","N",,,,,,"2.0","4","NO INDICATION OF INJURY","0.0","0","0","0","0","2","0","21","2","X002207908",,,
"8e5dd714989d0be4923dfec6c5066272e7acdab1054947c4e070f3450792b0476275b2932b4ec650cb8c378a02adb7f0440b8e79c3ceee723712a1ce2e08dccf",,"2021-04-16T20:15:00.000","35","TRAFFIC SIGNAL","FUNCTIONING PROPERLY","CLEAR","DARKNESS","ANGLE","ONE-WAY",,"STRAIGHT AND LEVEL","DRY","NO DEFECTS","NOT ON SCENE (DESK REPORT)","NO INJURY / DRIVE AWAY",,,"Y","OVER $1,500","2021-04-16T20:41:00.000","UNABLE TO DETERMINE","NOT APPLICABLE","6600","S","MICHIGAN AVE","322",,,,,,,"2.0","4","NO INDICATION OF INJURY","0.0","0","0","0","0","3","0","20","6","X002210804",,,
"0e696420db42a4e005cd107dcd217f9928462260fff59908ef417173da1a166d91538c8ce578d924256982cbe4febfc4522f4afc5683e9a14a9e2f8e16a4594b",,"2021-04-02T12:30:00.000","3","TRAFFIC SIGNAL","NOT FUNCTIONING","CLEAR","DAYLIGHT","TURNING","TRAFFIC ROUTE",,"STRAIGHT AND LEVEL","DRY","NO DEFECTS","NOT ON SCENE (DESK REPORT)","NO INJURY / DRIVE AWAY","Y",,,"OVER $1,500","2021-04-02T14:50:00.000","UNABLE TO DETERMINE","UNABLE TO DETERMINE","5900","S","WENTWORTH AVE","232",,,,,,,"2.0","4","NO INDICATION OF INJURY","0.0","0","0","0","0","5","0","12","6","X002197847",,,
"1090056c68102f19ca2b5db2af98249094087a9dc727239812b8a9b231cd80d6b82a625f8a6e1cba85341839cc7bbc3cd1c7e49de66410f5966795d073ae7c39",,"2021-04-15T09:15:00.000","30","TRAFFIC SIGNAL","FUNCTIONING PROPERLY","CLEAR","DAYLIGHT","FIXED OBJECT","DIVIDED - W/MEDIAN (NOT RAISED)",,"STRAIGHT AND LEVEL","DRY","NO DEFECTS","ON SCENE","NO INJURY / DRIVE AWAY",,,,"$500 OR LESS","2021-04-15T09:20:00.000","FAILING TO REDUCE SPEED TO AVOID CRASH","UNABLE TO DETERMINE","6752","W","NORTH AVE","2513",,,,,,,"1.0","4","NO INDICATION OF INJURY","0.0","0","0","0","0","1","0","9","5","X002209282","41.9091403351","-87.7944948408","POINT (-87.794494840825 41.909140335078)"
"5a05ccf26a2d1af75ed1d459a0ff45c1cf43afeed992a6e5c0e2ffaa253f827843210f8c1a620e4e37e630334acebd4faaf50c97cf7c9f61f132369a7792bd9c",,"2021-05-02T16:53:00.000","30","NO CONTROLS","NO CONTROLS","CLEAR","DAYLIGHT","FIXED OBJECT","ONE-WAY",,"STRAIGHT AND LEVEL","DRY","NO DEFECTS","ON SCENE","INJURY AND / OR TOW DUE TO CRASH",,,"N","OVER $1,500","2021-05-02T16:54:00.000","FOLLOWING TOO CLOSELY","NOT APPLICABLE","5300","S","WENTWORTH AVE","225",,,,,,,"1.0","5","NONINCAPACITATING INJURY","1.0","0","0","1","0","0","0","16","1","X002224981",,,
"57b0c54f63614cc7a76f7d106b5d6d2425c271c0116e73b24c0d21dd180b2eb4bdc22021dbe82e36768c1b6cf288b9a3d62ea849eaa7ddc1d5848b3d78e106db",,"2021-04-28T12:35:00.000","30","NO CONTROLS","NO CONTROLS","CLOUDY/OVERCAST","DAYLIGHT","SIDESWIPE SAME DIRECTION","NOT DIVIDED",,"STRAIGHT AND LEVEL","DRY","NO DEFECTS","ON SCENE","NO INJURY / DRIVE AWAY",,,,"OVER $1,500","2021-04-28T12:38:00.000","UNABLE TO DETERMINE","UNABLE TO DETERMINE","710","W","OHARE ST","1654",,,,,,,"2.0","4","NO INDICATION OF INJURY","0.0","0","0","0","0","2","0","12","4","X002222803",,,
"d0ca216036885bed8821561f607e774fca8f528544ff48bcb9d3b733105daef9f215243189d088dbb3caeaaaf4cafa34e6fe7398ce0a26d4b7bcdf8c8bc1589b",,"2026-03-26T12:59:00.000","30","TRAFFIC SIGNAL","FUNCTIONING PROPERLY","CLOUDY/OVERCAST","DAYLIGHT","TURNING","NOT DIVIDED",,"STRAIGHT AND LEVEL","DRY","UNKNOWN","NOT ON SCENE (DESK REPORT)","NO INJURY / DRIVE AWAY","Y",,,"$501 - $1,500","2026-03-26T13:48:00.000","NOT APPLICABLE","IMPROPER TURNING/NO SIGNAL","705","S","DAMEN AVE","1225",,,,,,,"2.0","3","NO INDICATION OF INJURY","0.0","0","0","0","0","2","0","12","5","X004178357","0.0","0.0","POINT (0 0)"
"43179e67213db63e8ae040ec730e29d50ea16b647c17d5645fc0aa060eade03ca782ad838f8b10988ecd0a7c61a3f60b2a76282af382d9d25032a26a17dc3e07","Y","2021-05-02T03:40:00.000","25","NO CONTROLS","NO CONTROLS","CLEAR","DARKNESS","FIXED OBJECT","ONE-WAY",,"STRAIGHT AND LEVEL","DRY","NO DEFECTS","ON SCENE","INJURY AND / OR TOW DUE TO CRASH",,,"N","OVER $1,500","2021-05-02T03:48:00.000","DRIVING SKILLS/KNOWLEDGE/EXPERIENCE","UNABLE TO DETERMINE","5","W","TERMINAL ST","1655",,,,,,,"1.0","5","NO INDICATION OF INJURY","0.0","0","0","0","0","1","0","3","1","X002225141",,,