"crash_record_id","crash_date_est_i","crash_date","posted_speed_limit","traffic_control_device","device_condition","weather_condition","lighting_condition","first_crash_type","trafficway_type","lane_cnt","alignment","roadway_surface_cond","road_defect","report_type","crash_type","intersection_related_i","private_property_i","hit_and_run_i","damage","date_police_notified","prim_contributory_cause","sec_contributory_cause","street_no","street_direction","street_name","beat_of_occurrence","photos_taken_i","statements_taken_i","dooring_i","work_zone_i","work_zone_type","workers_present_i","num_units","crash_month","most_severe_injury","injuries_total","injuries_fatal","injuries_incapacitating","injuries_non_incapacitating","injuries_reported_not_evident","injuries_no_indication","injuries_unknown","crash_hour","crash_day_of_week","idot_control_no","latitude","longitude","location"
"b271c9d9ab94b1df6f9ff5d052e62f54028cc8daa867f8db7d0fa801b9c591c605b472d56026c873b059224a95d53be1a049bc5f99d358534ccaf1d277b97002",,"2021-04-07T17:00:00.000","30","NO CONTROLS","NO CONTROLS","CLEAR","DAYLIGHT","PARKED MOTOR VEHICLE","NOT DIVIDED",,"STRAIGHT AND LEVEL","DRY","NO DEFECTS","NOT ON SCENE (DESK REPORT)","NO INJURY / DRIVE AWAY",,,,"$501 - $1,500","2021-04-11T14:55:00.000","IMPROPER OVERTAKING/PASSING","NOT APPLICABLE","3","W","TERMINAL ST","1653",,,,,,,"2.0","4","NO INDICATION OF INJURY","0.0","0","0","0","0","1","0","17","4","X002208764",,,
"c14b2f235b942405da22470cf78cd4bf82abc915c6e648536a6e5786c55aecafeb95467d34389fc0f7e633dbf542ceaeb73e92b20438cb20ce74aa0128f924f5",,"2021-04-06T14:00:00.000","15","NO CONTROLS","NO CONTROLS","CLEAR","DAYLIGHT","FIXED OBJECT","PARKING LOT",,"STRAIGHT AND LEVEL","DRY","NO DEFECTS","ON SCENE","NO INJURY / DRIVE AWAY",,"Y",,"OVER $1,500","2021-04-06T14:05:00.000","IMPROPER BACKING","NOT APPLICABLE","524","W","OHARE ST","1654",,,,,,,"1.0","4","NO INDICATION OF INJURY","0.0","0","0","0","0","1","0","14","3","X002201330",,,
"b9c7b0f33377943450a3343bc4818fb54ac99f74023fa01c4ef1ce755385f4ae2031d6233f90f3a1916e79f4d02681accc3233678302da31cbda061b7b67e09b",,"2021-05-16T05:20:00.000","20","NO CONTROLS","NO CONTROLS","CLEAR","DAYLIGHT","REAR END","RAMP",,"STRAIGHT AND LEVEL","DRY","NO DEFECTS","ON SCENE","NO INJURY / DRIVE AWAY",,,,"$501 - $1,500","2021-05-16T05:20:00.000","NOT APPLICABLE","NOT APPLICABLE","3","W","TERMINAL ST","1653",,"Y",,,,,"2.0","5","NO INDICATION OF INJURY","0.0","0","0","0","0","2","0","5","1","X002250078",,,
"eb599e5e5043a9c5e79e78ff540d62cdce16d78f5ceffe936f45f601a97807cdc632dbd9ddb92ec771c5b4baea75eb4524adc787632169a45a19bffee404482b",,"2021-05-24T08:57:00.000","30","NO CONTROLS","NO CONTROLS","CLEAR","DAYLIGHT","FIXED OBJECT","FOUR WAY",,"STRAIGHT ON GRADE","DRY","NO DEFECTS","ON SCENE","NO INJURY / DRIVE AWAY","Y","Y",,"$500 OR LESS","2021-05-24T08:58:00.000","NOT APPLICABLE","NOT APPLICABLE","9000","S","HAMILTON AVE","2221",,,,,,,"1","5","NO INDICATION OF INJURY","0","0","0","0","0","1","0","8","2","X002248829","41.7300567681","-87.6764163024","POINT (-87.676416302365 41.730056768147)"
"9c790b380d7df73fbde89f21f22ba625b982fb145770d4f96252fcd4f400998e702c3f0982bbef0dd62d90bc830744943feaa0e7e95f89ccb42386473e21f557",,"2025-01-01T13:25:00.000","15","NO CONTROLS","NO CONTROLS","CLEAR","DAYLIGHT","PARKED MOTOR VEHICLE","ONE-WAY",,"STRAIGHT AND LEVEL","DRY","NO DEFECTS","NOT ON SCENE (DESK REPORT)","NO INJURY / DRIVE AWAY",,,,"OVER $1,500","2025-01-03T14:30:00.000","FOLLOWING TOO CLOSELY","FOLLOWING TOO CLOSELY","10000","W","BALMORAL AVE","1654",,,,,,,"2.0","1","NO INDICATION OF INJURY","0.0","0","0","0","0","1","0","13","4","X003679826",,,
"17573d5b7686e91d2e6dc16dc938b6a47e44a7559be1b7d369f20496de9749066e2b902e068e458a1b12ea722dae723f51c1e30be648c40b73ab46edb4c8d9c0",,"2025-01-04T16:05:00.000","10","NO CONTROLS","NO CONTROLS","CLEAR","DUSK","TURNING","ONE-WAY",,"STRAIGHT AND LEVEL","DRY","NO DEFECTS","ON SCENE","NO INJURY / DRIVE AWAY",,,,"OVER $1,500","2025-01-04T16:10:00.000","DRIVING SKILLS/KNOWLEDGE/EXPERIENCE","UNABLE TO DETERMINE","3","W","TERMINAL ST","1653",,,,,,,"2.0","1","NO INDICATION OF INJURY","0.0","0","0","0","0","3","0","16","7","X003680986",,,
"e7676fe7e0d3fb230e3ea9a91110393286fd04c4cf0c5b9e515fa659ec2434c92a97d67ac570e8aa26ffc57472e462790cc4630912e86c6d59ef95d04e6fb0e3",,"2017-10-16T16:27:00.000","30","TRAFFIC SIGNAL","FUNCTIONING PROPERLY","CLEAR","DAYLIGHT","TURNING","NOT DIVIDED",,"STRAIGHT AND LEVEL","DRY","NO DEFECTS","ON SCENE","NO INJURY / DRIVE AWAY","Y",,"Y","OVER $1,500","2017-10-16T16:45:00.000","FAILING TO YIELD RIGHT-OF-WAY","NOT APPLICABLE","2801","W","BELMONT AVE","1411",,,,,,,"2.0","10","NO INDICATION OF INJURY","0.0","0","0","0","0","2","0","16","2","X000941310",,,
"532dfe6055f3279479c7a5bdaab3400f19b26572bbe0860e5b437554cc6daa4b4e49f46e96d20b27e86960091b92c8d55fb1846719b884a40e3a8e434258b68f",,"2025-01-01T10:55:00.000","25","NO CONTROLS","NO CONTROLS","CLOUDY/OVERCAST","DAYLIGHT","SIDESWIPE SAME DIRECTION","ONE-WAY",,"STRAIGHT AND LEVEL","DRY","NO DEFECTS","ON SCENE","NO INJURY / DRIVE AWAY",,,,"OVER $1,500","2025-01-01T11:02:00.000","FAILING TO YIELD RIGHT-OF-WAY","DRIVING SKILLS/KNOWLEDGE/EXPERIENCE","1","W","TERMINAL ST","1651",,,,,,,"2.0","1","NO INDICATION OF INJURY","0.0","0","0","0","0","3","0","10","4","X003677698",,,
"8677362247d6112bafa08c2a89f0754316b759e2054eb53e675bc6e02018437a649b9dc2952609f73a5334e62d43a68fca118be657816163f0ab66959db01f3e",,"2017-10-20T21:30:00.000","5","NO CONTROLS","NO CONTROLS","CLEAR","DARKNESS, LIGHTED ROAD","REAR END","PARKING LOT",,"STRAIGHT AND LEVEL","DRY","NO DEFECTS","NOT ON SCENE (DESK REPORT)","NO INJURY / DRIVE AWAY",,,,"OVER $1,500","2017-10-20T22:45:00.000","IMPROPER BACKING","UNABLE TO DETERMINE","100","N","BESSIE COLEMAN DR","1654",,,,,,,"2.0","10","NO INDICATION OF INJURY","0.0","0","0","0","0","2","0","21","6","X000946342",,,
"bc0136fbed6df4645f2479b6c5e22f1aa4419730613c142102f3079b61f7ab6705b96492cde28422d4a4c8d1e517addd739808705b7f8386c112e16ef1785484",,"2024-12-31T10:30:00.000","30","TRAFFIC SIGNAL","FUNCTIONING PROPERLY","RAIN","DAYLIGHT","REAR END","DIVIDED - W/MEDIAN BARRIER",,"STRAIGHT AND LEVEL","WET","NO DEFECTS","NOT ON SCENE (DESK REPORT)","NO INJURY / DRIVE AWAY",,,,"OVER $1,500","2024-12-31T11:23:00.000","UNABLE TO DETERMINE","UNABLE TO DETERMINE","6298","S","LAKE SHORE DR","331",,,,,,,"2.0","12","NO INDICATION OF INJURY","0.0","0","0","0","0","2","0","10","3","X003676660",,,
"f8997a8dd49e577014440e67563c8be9ee94b15498050f7d0688229f302a7cec75e230cab4f0d56fed18d09a2a89640d3c7a8ca4257f6b678c731bee394ad631",,"2021-05-17T08:15:00.000","30","UNKNOWN","UNKNOWN","UNKNOWN","DAYLIGHT","FIXED OBJECT","UNKNOWN INTERSECTION TYPE",,"STRAIGHT AND LEVEL","UNKNOWN","UNKNOWN","ON SCENE","INJURY AND / OR TOW DUE TO CRASH",,,,"OVER $1,500","2021-05-18T16:24:00.000","OPERATING VEHICLE IN ERRATIC, RECKLESS, CARELESS, NEGLIGENT OR AGGRESSIVE MANNER","UNABLE TO DETERMINE","5100","S","WENTWORTH AVE","225",,,,,,,"1.0","5","NO INDICATION OF INJURY","0.0","0","0","0","0","3","0","8","2","X002241446",,,
"e6faf88d3571062b04cc820350a6c37c4ce5cee245bb78763e5bfed8521a48411041b6f5955d56eac0015ed38bfaf501e354d7815ae6584be67ab6413d6d873c",,"2021-05-23T04:00:00.000","45","TRAFFIC SIGNAL","FUNCTIONING PROPERLY","CLEAR","DARKNESS, LIGHTED ROAD","SIDESWIPE SAME DIRECTION","FOUR WAY",,"STRAIGHT AND LEVEL","DRY","NO DEFECTS","ON SCENE","NO INJURY / DRIVE AWAY","Y",,"Y","OVER $1,500","2021-05-23T04:15:00.000","FOLLOWING TOO CLOSELY","DRIVING SKILLS/KNOWLEDGE/EXPERIENCE","10399","W","ZEMKE RD","1654","Y",,,,,,"2.0","5","NO INDICATION OF INJURY","0.0","0","0","0","0","2","0","4","1","X002246339",,,
"5461132743a7343a5b3d4794cd5f7db175b938c3c8432836039786d36c21f7ae1de5826794497ec12527259b684d7ca9771e2166c83164e7091ab056628bed39",,"2021-04-21T07:12:00.000","25","NO CONTROLS","NO CONTROLS","CLEAR","DAYLIGHT","ANGLE","NOT DIVIDED",,"STRAIGHT AND LEVEL","DRY","NO DEFECTS","ON SCENE","NO INJURY / DRIVE AWAY",,,,"OVER $1,500","2021-04-21T07:12:00.000","FOLLOWING TOO CLOSELY","NOT APPLICABLE","1369","W","HUBBARD ST","1215",,,,,,,"2","4","NO INDICATION OF INJURY","0","0","0","0","0","2","0","7","4","X002214909","41.8898319851","-87.6616404485","POINT (-87.661640448511 41.88983198506)"
"9859c040be437d1a7d8ea4892bd853755ae982fd7e9c45e6ebe6ed84ea0d9569b93fdc484104c13b98ba2839fcb34116d21186a65461910d73b7fdbe3e49e19d","Y","2021-04-16T14:00:00.000","25","NO CONTROLS","UNKNOWN","CLEAR","DAYLIGHT","PARKED MOTOR VEHICLE","PARKING LOT",,"STRAIGHT AND LEVEL","DRY","UNKNOWN","ON SCENE","NO INJURY / DRIVE AWAY",,,"Y","$500 OR LESS","2021-04-16T15:24:00.000","UNABLE TO DETERMINE","NOT APPLICABLE","5","W","OHARE ST","1651",,,,,,,"2.0","4","NO INDICATION OF INJURY","0.0","0","0","0","0","1","0","14","6","X002210775",,,
"e83175ff35cdfe2c897adc5c87a5493eabf10009d58006f9aa1b1d5caad3fe5b782e2130df55da87bd66bac00785165b40661ff8da708656e5246256405f4d10","N","2021-05-07T06:40:00.000","30","NO CONTROLS","NO CONTROLS","CLEAR","DAYLIGHT","SIDESWIPE SAME DIRECTION","ONE-WAY",,"STRAIGHT AND LEVEL","DRY","NO DEFECTS","ON SCENE","NO INJURY / DRIVE AWAY",,,"Y","OVER $1,500","2021-05-07T06:46:00.000","UNABLE TO DETERMINE","NOT APPLICABLE","4599","N","RACINE AVE","1913",,,,,,,"2.0","5","NO INDICATION OF INJURY","0.0","0","0","0","0","2","0","6","6","X002230274",,,
"e7b9f1154cfe657a353b36f62b953ce4b9965d3927bd18d88675be6f11a3fa6234d391abf79ae88bce2afd378ae08fbeae8f7085bcb1504d5c48cf9a5bfbd233",,"2021-05-23T13:38:00.000","45","NO CONTROLS","NO CONTROLS","CLEAR","DAYLIGHT","FIXED OBJECT","DIVIDED - W/MEDIAN BARRIER",,"STRAIGHT ON GRADE","DRY","NO DEFECTS","ON SCENE","INJURY AND / OR TOW DUE TO CRASH",,,,"OVER $1,500","2021-05-23T13:40:00.000","EQUIPMENT - VEHICLE CONDITION","NOT APPLICABLE","9500","S","CHICAGO SKYWAY OB","431",,,,,,,"1.0","5","NO INDICATION OF INJURY","0.0","0","0","0","0","2","0","13","1","X002246372",,,
"035937bb6e4fdf21a9361bc5ef66ac4c8c0f7121e4a19d1a06629e569df5ddd5e4b446f4eebbee8de89358be364fd4617cb5a252ec1102c5023b51ef9f04c5c4",,"2021-04-04T06:40:00.000","15","TRAFFIC SIGNAL","FUNCTIONING PROPERLY","CLEAR","DAYLIGHT","SIDESWIPE SAME DIRECTION","OTHER",,"STRAIGHT AND LEVEL","DRY","NO DEFECTS","ON SCENE","NO INJURY / DRIVE AWAY",,,,"OVER $1,500","2021-04-04T06:41:00.000","UNABLE TO DETERMINE","UNABLE TO DETERMINE","172","N","BESSIE COLEMAN DR","1654",,,,,,,"2.0","4","NO INDICATION OF INJURY","0.0","0","0","0","0","2","0","6","1","X002198970",,,
"29b916a21c67f1e35e518e1dbb2db56da3f5cb01767044252bb194aac0d820fe9f8d7aa79644fc7ea354c488de004194a39e5a08aed418ebe6492707dd594783",,"2021-05-23T13:49:00.000","30","NO CONTROLS","NO CONTROLS","CLEAR","DAYLIGHT","ANGLE","ONE-WAY",,"STRAIGHT AND LEVEL","DRY","NO DEFECTS","ON SCENE","INJURY AND / OR TOW DUE TO CRASH",,,,"$501 - $1,500","2021-05-23T13:55:00.000","DISREGARDING STOP SIGN","UNABLE TO DETERMINE","2959","S","HAMLIN AVE","1031",,,,,,,"2.0","5","NO INDICATION OF INJURY","0.0","0","0","0","0","2","0","13","1","X002246204",,,
"1ce2ec58f51e8908daf80106568ef7cfab62292e459496e7796490a6a62b74a8c7f7cb511c5191941cebf72523b615f58a7c392309d678514d1c87bbd3542857",,"2021-04-23T12:45:00.000","20","NO CONTROLS","NO CONTROLS","CLEAR","DAYLIGHT","PARKED MOTOR VEHICLE","PARKING LOT",,"STRAIGHT AND LEVEL","DRY","NO DEFECTS","NOT ON SCENE (DESK REPORT)","NO INJURY / DRIVE AWAY",,,,"$501 - $1,500","2021-04-23T13:00:00.000","UNABLE TO DETERMINE","UNABLE TO DETERMINE","891","W","OHARE ST","1654",,,,,,,"2.0","4","NO INDICATION OF INJURY","0.0","0","0","0","0","1","0","12","6","X002217310",,,
"902bd8af60039fbedbc535d72cf203a65d41d7d1b590817fb0f41274b782c63d41d9f9cd490a5482d98038204b9e367dd152390e9b67ff58c64ce4e1dd486b5f",,"2021-04-26T01:48:00.000","10","NO CONTROLS","NO CONTROLS","CLEAR","DARKNESS, LIGHTED ROAD","FIXED OBJECT","PARKING LOT",,"STRAIGHT ON GRADE","DRY","NO DEFECTS","ON SCENE","INJURY AND / OR TOW DUE TO CRASH",,"Y",,"OVER $1,500","2021-04-26T01:49:00.000","HAD BEEN DRINKING (USE WHEN ARREST IS NOT MADE)","NOT APPLICABLE","1","W","PARKING LOT A ST","1654",,,,,,,"1.0","4","NONINCAPACITATING INJURY","1.0","0","0","1","0","0","0","1","2","X002218640",,,
"54f5f783c7f29f20e7900998983fa945eb13aba9c2d2eb84a3bfd1afbcbe40eed29edc768314f64858fd78b3ac5597006c91a0c26a6cf70790adbbd23a152061",,"2021-03-29T14:15:00.000","10","NO CONTROLS","NO CONTROLS","CLEAR","DAYLIGHT","PARKED MOTOR VEHICLE","OTHER",,"STRAIGHT AND LEVEL","DRY","UNKNOWN","ON SCENE","NO INJURY / DRIVE AWAY",,,,"OVER $1,500","2021-03-29T14:20:00.000","UNABLE TO DETERMINE","NOT APPLICABLE","516","W","OHARE ST","1654",,,,,,,"2.0","3","NO INDICATION OF INJURY","0.0","0","0","0","0","1","0","14","2","X002194603",,,
"e35e3a4158e291d248ce90dd2f28580662d0db1606c43dbcf3af83c23306c7a29093c66bb4bd572955648cb2bd37ded47e7ff0af912e50acebf35a9353641cc4",,"2021-04-08T13:10:00.000","30","TRAFFIC SIGNAL","FUNCTIONING PROPERLY","CLEAR","DAYLIGHT","TURNING","FOUR WAY",,"STRAIGHT AND LEVEL","DRY","NO DEFECTS","ON SCENE","NO INJURY / DRIVE AWAY",,,"Y","OVER $1,500","2021-04-08T13:13:00.000","UNABLE TO DETERMINE","UNABLE TO DETERMINE","7198","W","ARCHER AVE","811",,,,,,,"2.0","4","NO INDICATION OF INJURY","0.0","0","0","0","0","2","0","13","5","X002204696",,,
"4cb7a4ae2d3efe5c3b7a8d54987b449a8e9d5fd5b8e05f0d5005bbe65d9ab167ad257f9035cdc5e17d02902248b23b12c11ad71d02131f95badc3f0ae93e17a5",,"2021-04-02T16:35:00.000","10","NO CONTROLS","NO CONTROLS","CLEAR","DAYLIGHT","PARKED MOTOR VEHICLE","PARKING LOT",,"STRAIGHT AND LEVEL","DRY","NO DEFECTS",,"NO INJURY / DRIVE AWAY",,,,"OVER $1,500","2021-04-02T16:45:00.000","UNABLE TO DETERMINE","NOT APPLICABLE","1","W","TERMINAL ST","1651",,"Y",,,,,"2.0","4","NO INDICATION OF INJURY","0.0","0","0","0","0","1","0","16","6","X002199352",,,
"a124c1063f2edcf25b696553f5195f613ef55762f75e09bda7763f313356baf2394d0673b6321cc907bce10ee16368d3233f5d5daf50aaae95ae4b4db1f64690",,"2021-04-18T00:51:00.000","30","NO CONTROLS","NO CONTROLS","CLEAR","DARKNESS, LIGHTED ROAD","TURNING","NOT DIVIDED",,"STRAIGHT AND LEVEL","DRY","NO DEFECTS","ON SCENE","NO INJURY / DRIVE AWAY",,,,"$501 - $1,500","2021-04-18T00:51:00.000","UNABLE TO DETERMINE","UNABLE TO DETERMINE","817","S","AUSTIN BLVD","1513",,,,,,,"2.0","4","NO INDICATION OF INJURY","0.0","0","0","0","0","4","0","0","1","X002211673",,,
"8423c8b3aee504ea1dd62ad8371037637a6113c309715dc56a5fceba8c4d1bec49b1eb670bc8396a0a38f1564583dfc305d7770a7e7de4158c5979a0c72fec4a",,"2021-05-16T14:12:00.000","10","NO CONTROLS","NO CONTROLS","CLEAR","DAYLIGHT","PARKED MOTOR VEHICLE","PARKING LOT",,"STRAIGHT AND LEVEL","DRY","NO DEFECTS","ON SCENE","NO INJURY / DRIVE AWAY",,,,"$501 - $1,500","2021-05-16T14:15:00.000","DRIVING SKILLS/KNOWLEDGE/EXPERIENCE","NOT APPLICABLE","516","W","OHARE ST","1654",,,,,,,"2.0","5","NO INDICATION OF INJURY","0.0","0","0","0","0","1","0","14","1","X002239065",,,
"18277859d9c2c7a7224e9204c4e8640f7458c0bb0b16d367f742f00c5a14b8fc2bf4581c389ef82aa8f49e62287a92123156cf653a79a992a40df5cc75a75550",,"2021-04-01T11:00:00.000","30","OTHER","NO CONTROLS","CLEAR","DAYLIGHT","PARKED MOTOR VEHICLE","OTHER",,"STRAIGHT AND LEVEL","DRY","NO DEFECTS","ON SCENE","NO INJURY / DRIVE AWAY",,,,"$501 - $1,500","2021-04-01T11:14:00.000","IMPROPER BACKING","NOT APPLICABLE","4653","S","WESTERN BLVD","924",,,,,,,"2","4","NO INDICATION OF INJURY","0","0","0","0","0","2","0","11","5","X002200073","41.8086127913","-87.6837320811","POINT (-87.683732081075 41.808612791332)"
"6f51cf3c268ff2c60ca2e71aa8f2560b8b53ff29c2010f5895f401394d8a221d8763968bdd967e926d95866181886b14fcb56f7e21d89d9e716d1727a803b1c1",,"2021-05-03T14:45:00.000","30","NO CONTROLS","NO CONTROLS","CLEAR","DAYLIGHT","FIXED OBJECT","NOT DIVIDED",,"STRAIGHT AND LEVEL","DRY","UNKNOWN","ON SCENE","INJURY AND / OR TOW DUE TO CRASH",,,,"OVER $1,500","2021-05-03T14:46:00.000","NOT APPLICABLE","NOT APPLICABLE","2030","S","KEDZIE AVE","1022",,,,,,,"1.0","5","NO INDICATION OF INJURY","0.0","0","0","0","0","1","0","14","2","X002226277",,,
"9c12e7f21c6c4c3c9f1f7ea77be8c7b871841d0db1dd9ad6c742aabd448f79e15c344935958366e41fbc6a887e21ab88243fcdc2edb24e24ca50797fa87d4404","Y","2021-04-12T15:25:00.000","20","OTHER","FUNCTIONING IMPROPERLY","CLEAR","DAYLIGHT","FIXED OBJECT","OTHER",,"STRAIGHT AND LEVEL","DRY","NO DEFECTS","ON SCENE","NO INJURY / DRIVE AWAY",,,,"$500 OR LESS","2021-04-12T15:25:00.000","UNABLE TO DETERMINE","UNABLE TO DETERMINE","561","W","OHARE ST","1654",,,,,,,"1.0","4","NO INDICATION OF INJURY","0.0","0","0","0","0","1","0","15","2","X002206809",,,
"e5c6e2d406cedf6749a5650303bb14ff1ad7951600840ebf99a8fe399848cec0dac4871a26cf0a05b3cd3fed8fc30439593ab99236539e91e5772d1ae5ff6b6b",,"2021-05-24T13:40:00.000","20","NO CONTROLS","NO CONTROLS","CLEAR","DAYLIGHT","SIDESWIPE SAME DIRECTION","ONE-WAY",,"STRAIGHT AND LEVEL","DRY","NO DEFECTS","ON SCENE","NO INJURY / DRIVE AWAY",,,,"$501 - $1,500","2021-05-24T13:50:00.000","FAILING TO YIELD RIGHT-OF-WAY","IMPROPER OVERTAKING/PASSING","2","W","TERMINAL ST","1652",,,,,,,"2.0","5","NO INDICATION OF INJURY","0.0","0","0","0","0","3","0","13","2","X002247617",,,
"0f7f6067d79ac07bfdc7f4399325ad3695c355b31e0bec47c77ca69d3db464f20c99fa76b1000aafa5ab3ee5a41c6a4ea021d0ba2278d3012c03214d23c99a54",,"2025-01-06T19:00:00.000","30","NO CONTROLS","NO CONTROLS","SNOW","DARKNESS, LIGHTED ROAD","PARKED MOTOR VEHICLE","OTHER",,"STRAIGHT AND LEVEL","SNOW OR SLUSH","NO DEFECTS","NOT ON SCENE (DESK REPORT)","NO INJURY / DRIVE AWAY",,,"Y","OVER $1,500","2025-01-07T08:30:00.000","UNABLE TO DETERMINE","UNABLE TO DETERMINE","3000","S","DEARBORN ST","133",,,,,,,"2.0","1","NO INDICATION OF INJURY","0.0","0","0","0","0","1","0","19","2","X003682985",,,
"38a74cea53e4552dcfc014bf9a3812046afbad7abc12c7a906acd61a4091a79e262143fdb52443b2d238aeccaf4f144a9b6f81ee8f4bab9fc94f119f99c5ad02",,"2024-12-25T19:28:00.000","30","STOP SIGN/FLASHER","FUNCTIONING PROPERLY","RAIN","DARKNESS, LIGHTED ROAD","REAR END","T-INTERSECTION",,"STRAIGHT AND LEVEL","WET","NO DEFECTS","ON SCENE","NO INJURY / DRIVE AWAY","Y",,"Y","OVER $1,500","2024-12-25T19:28:00.000","UNABLE TO DETERMINE","NOT APPLICABLE","13599","S","BALTIMORE AVE","433",,,,,,,"2.0","12","NO INDICATION OF INJURY","0.0","0","0","0","0","9","0","19","4","X003671276",,,
"17be7003584165686305e516b80821921fc6bd4f9a5a8732e5f95547c17c352faaadf646ba65a98928cc133705e3b2b36fb8f30c40cb9f47ce9ee5545dcd28ea",,"2025-01-01T13:14:00.000","55","NO CONTROLS","NO CONTROLS","CLEAR","DAYLIGHT","REAR END","DIVIDED - W/MEDIAN BARRIER",,"STRAIGHT AND LEVEL","DRY","NO DEFECTS","ON SCENE","INJURY AND / OR TOW DUE TO CRASH",,,,"OVER $1,500","2025-01-01T13:14:00.000","NOT APPLICABLE","NOT APPLICABLE","8833","S","CHICAGO SKYWAY IB","423",,,,,,,"2.0","1","REPORTED, NOT EVIDENT","1.0","0","0","0","1","1","0","13","4","X003677646",,,
"7b615600414d73a32596b0270ed9fa53f0cdc57efee32649b67da0d51f1867ac16c97e80e3062c6928990d111d66cd3a51bb6dc1d39d6983e6cfbcd94ceaad16",,"2024-12-27T19:17:00.000","30","NO CONTROLS","NO CONTROLS","CLEAR","DARKNESS","SIDESWIPE SAME DIRECTION","ONE-WAY",,"STRAIGHT AND LEVEL","UNKNOWN","UNKNOWN","NOT ON SCENE (DESK REPORT)","NO INJURY / DRIVE AWAY",,,,"OVER $1,500","2024-12-28T12:50:00.000","UNABLE TO DETERMINE","NOT APPLICABLE","10000","W","BALMORAL AVE","1654",,,,,,,"2.0","12","NO INDICATION OF INJURY","0.0","0","0","0","0","3","0","19","6","X003674073",,,
"4e431425f7016ba70c566d43690164f24a3e544766da07923b332308decdb63a754948bf18f92bda9760855d755321eb7564cc5cfc3353656f83122eb9d22d24",,"2017-10-11T17:30:00.000","30","STOP SIGN/FLASHER","FUNCTIONING PROPERLY","RAIN","DUSK","REAR END","NOT DIVIDED","7","STRAIGHT AND LEVEL","WET","NO DEFECTS","NOT ON SCENE (DESK REPORT)","NO INJURY / DRIVE AWAY",,,,"$501 - $1,500","2017-10-12T09:30:00.000","FOLLOWING TOO CLOSELY","NOT APPLICABLE","7301","W","HIGGINS AVE","1613",,,,,,,"2.0","10","NO INDICATION OF INJURY","0.0","0","0","0","0","2","0","17","4","X000936908",,,
"c0fbcda0b74ac0aa958b990ea547b5524f14a5ef74de0f4dc58ba3bd35383b44bf8d735db333e79d9e3024b52a4bf97f1d9fc1179e46e3127c6bc366bf54e869",,"2024-12-28T21:50:00.000","15","NO CONTROLS","NO CONTROLS","CLEAR","DARKNESS, LIGHTED ROAD","REAR END","ONE-WAY",,"STRAIGHT AND LEVEL","DRY","NO DEFECTS","ON SCENE","NO INJURY / DRIVE AWAY",,,,"OVER $1,500","2024-12-28T22:00:00.000","FOLLOWING TOO CLOSELY","UNABLE TO DETERMINE","1","S","MIDWAY ST","813",,,,,,,"2.0","12","NO INDICATION OF INJURY","0.0","0","0","0","0","2","0","21","7","X003680821",,,
"f6e9c07f551c55ba16f434bbd888f09b4e4ee4815961d0a60d8c21041a3447a392b004d4f36488159ff2304c022d81ca773f7d6ae3132ec5a3f0379fabf549c9",,"2021-04-09T16:38:00.000","35","NO CONTROLS","NO CONTROLS","CLEAR","DAYLIGHT","FIXED OBJECT","DIVIDED - W/MEDIAN BARRIER",,"CURVE, LEVEL","DRY","NO DEFECTS","ON SCENE","INJURY AND / OR TOW DUE TO CRASH",,,,"OVER $1,500","2021-04-09T16:39:00.000","NOT APPLICABLE","NOT APPLICABLE","90","W","I190 EXPY","1654",,,,,,,"1.0","4","NO INDICATION OF INJURY","0.0","0","0","0","0","1","0","16","6","X002204445",,,
"71d7740808971e9fdf135702c88e5f33854f8c8167f28ebd0b077d011cdbbb7b897f9e624e8eed0ad7749d8ad5315b28951e5dfe9da5eb3d72ebdd12e69212d3",,"2021-04-12T12:30:00.000","30","TRAFFIC SIGNAL","FUNCTIONING PROPERLY","CLEAR","DAYLIGHT","TURNING","NOT DIVIDED",,"STRAIGHT AND LEVEL","DRY","NO DEFECTS","ON SCENE","INJURY AND / OR TOW DUE TO CRASH","Y",,,"OVER $1,500","2021-04-12T12:30:00.000","IMPROPER TURNING/NO SIGNAL","NOT APPLICABLE","5901","S","YALE AVE","711",,,,,,,"2.0","4","NONINCAPACITATING INJURY","1.0","0","0","1","0","1","0","12","2","X002206609",,,
"d38eaa5ab12f8d31ce3a810ae5d22a9b510ef9366fc44404a4b1c72fb069bb497e10bb1fb672736786a4db15be79ee6b3d9c4ddb12bac34498ea6727fae7f638",,"2021-04-02T19:20:00.000","10","NO CONTROLS","NO CONTROLS","CLEAR","DARKNESS, LIGHTED ROAD","REAR TO FRONT","ONE-WAY",,"STRAIGHT AND LEVEL","DRY","NO DEFECTS","ON SCENE","NO INJURY / DRIVE AWAY",,,"Y","$501 - $1,500","2021-04-02T19:40:00.000","IMPROPER BACKING","NOT APPLICABLE","1","W","TERMINAL ST","1651",,,,,,,"3.0","4","NO INDICATION OF INJURY","0.0","0","0","0","0","2","0","19","6","X002199348",,,