"crash_record_id","crash_date_est_i","crash_date","posted_speed_limit","traffic_control_device","device_condition","weather_condition","lighting_condition","first_crash_type","trafficway_type","lane_cnt","alignment","roadway_surface_cond","road_defect","report_type","crash_type","intersection_related_i","private_property_i","hit_and_run_i","damage","date_police_notified","prim_contributory_cause","sec_contributory_cause","street_no","street_direction","street_name","beat_of_occurrence","photos_taken_i","statements_taken_i","dooring_i","work_zone_i","work_zone_type","workers_present_i","num_units","crash_month","most_severe_injury","injuries_total","injuries_fatal","injuries_incapacitating","injuries_non_incapacitating","injuries_reported_not_evident","injuries_no_indication","injuries_unknown","crash_hour","crash_day_of_week","idot_control_no","latitude","longitude","location"
"25d6afb576804970edb942f59f77fa6d30610911f075d70f2dfe94c535bc913d59606e2cfd2f0d66704bf7f3c1b94bc8dd801445b7011e91e07c8d99d8607405",,"2021-04-09T21:35:00.000","30","TRAFFIC SIGNAL","FUNCTIONING PROPERLY","CLEAR","DARKNESS, LIGHTED ROAD","ANGLE","FOUR WAY",,"STRAIGHT AND LEVEL","DRY","NO DEFECTS","ON SCENE","INJURY AND / OR TOW DUE TO CRASH","Y",,,"OVER $1,500","2021-04-09T21:35:00.000","DISREGARDING TRAFFIC SIGNALS","NOT APPLICABLE","2601","S","CALIFORNIA AVE","1034",,,,,,,"2.0","4","NO INDICATION OF INJURY","0.0","0","0","0","0","3","0","21","6","X002205335",,,
"ff58b95026e8199df13a6a96be43307c4b2d69ca919abe501da45a6a17d3fe0100ae351ef249d9ee695539f4ae657be189837ef676529eab8587ac73ff30470b",,"2021-04-10T09:50:00.000","20","NO CONTROLS","NO CONTROLS","RAIN","DAYLIGHT","FIXED OBJECT","DIVIDED - W/MEDIAN (NOT RAISED)",,"CURVE, LEVEL","WET","NO DEFECTS","ON SCENE","INJURY AND / OR TOW DUE TO CRASH",,,,"OVER $1,500","2021-04-10T09:55:00.000","OPERATING VEHICLE IN ERRATIC, RECKLESS, CARELESS, NEGLIGENT OR AGGRESSIVE MANNER","FAILING TO REDUCE SPEED TO AVOID CRASH","891","W","OHARE ST","1654",,,,,,,"1.0","4","NO INDICATION OF INJURY","0.0","0","0","0","0","1","0","9","7","X002205367",,,
"2905484b43d9561d489eb61d4ed3024624e13cf9e08823b5bd8e49ca0d59c414c5f5920e266874c8ca72e1f2203235fd1946d85480324e88037b69bcd6ca5fbd",,"2021-04-22T13:05:00.000","35","NO CONTROLS","NO CONTROLS","CLEAR","DAYLIGHT","SIDESWIPE SAME DIRECTION","ONE-WAY",,"STRAIGHT AND LEVEL","DRY","NO DEFECTS","ON SCENE","NO INJURY / DRIVE AWAY",,,"Y","OVER $1,500","2021-04-22T13:10:00.000","UNABLE TO DETERMINE","NOT APPLICABLE","49","W","I190 EXPY","1654",,,,,,,"2.0","4","NO INDICATION OF INJURY","0.0","0","0","0","0","3","0","13","5","X002216509",,,
"a908ab7c77225b59ce67beab2008610f68ae9252accaa2528c422eb2da90cfdb8cdd36cd641c6fd87bdb7204e7273d37cf29966e7670afb872afeebdd778ba67",,"2021-04-03T17:37:00.000","30","TRAFFIC SIGNAL","FUNCTIONING PROPERLY","CLEAR","DAYLIGHT","REAR END","NOT DIVIDED",,"STRAIGHT AND LEVEL","DRY","NO DEFECTS","ON SCENE","NO INJURY / DRIVE AWAY",,,"Y","$501 - $1,500","2021-04-03T17:55:00.000","FOLLOWING TOO CLOSELY","NOT APPLICABLE","2804","N","KIMBALL AVE","1412",,,,,,,"2.0","4","NO INDICATION OF INJURY","0.0","0","0","0","0","2","0","17","7","X002199111",,,
"6f50dd72d207e6d9e5e321136bd1507946893fd168c29e0e21a0ac67c4aa2198758cef525458a86d7df50b94af99b86f82b2db3fa829d479415648eb3e1d69a4","Y","2021-04-05T17:40:00.000","15","NO CONTROLS","NO CONTROLS","CLEAR","DAYLIGHT","PARKED MOTOR VEHICLE","PARKING LOT",,"STRAIGHT AND LEVEL","DRY","NO DEFECTS","ON SCENE","NO INJURY / DRIVE AWAY",,,"Y","OVER $1,500","2021-04-05T17:56:00.000","IMPROPER TURNING/NO SIGNAL","IMPROPER LANE USAGE","516","W","OHARE ST","1654",,,,,,,"2.0","4","NO INDICATION OF INJURY","0.0","0","0","0","0","1","0","17","2","X002201331",,,
"e0420cc6cda3c6d7f8c84e6835e7194e20bda08d351c6849f68e0ce485f3dd9aeafb4e4dd934baf3a27c450f17d31e31399fdcca58a8380f8d93a8d5eb97d45c",,"2021-04-18T07:00:00.000","20","NO CONTROLS","NO CONTROLS","CLEAR","DAYLIGHT","REAR TO FRONT","PARKING LOT",,"STRAIGHT AND LEVEL","DRY","NO DEFECTS","ON SCENE","NO INJURY / DRIVE AWAY",,,,"$500 OR LESS","2021-04-18T07:06:00.000","UNABLE TO DETERMINE","NOT APPLICABLE","1","W","PARKING LOT A ST","1654",,"Y",,,,,"2.0","4","NO INDICATION OF INJURY","0.0","0","0","0","0","2","0","7","1","X002213488",,,
"8f8f2cc2cd4cad937533a5c4f4609a8c21e130956e5eb7231ef25ce6f42a7d9b88f6f7edb193f08075fefeb5ab8c553f0627f8c4380faef1ed8f54915fba8121","Y","2021-04-28T12:30:00.000","15","NO CONTROLS","NO CONTROLS","CLEAR","DAYLIGHT","PARKED MOTOR VEHICLE","PARKING LOT",,"STRAIGHT AND LEVEL","DRY","NO DEFECTS","NOT ON SCENE (DESK REPORT)","NO INJURY / DRIVE AWAY",,,"Y","$501 - $1,500","2021-04-28T13:30:00.000","DRIVING SKILLS/KNOWLEDGE/EXPERIENCE","NOT APPLICABLE","5","W","TERMINAL ST","1655",,,,,,,"2.0","4","NO INDICATION OF INJURY","0.0","0","0","0","0","1","0","12","4","X002238856",,,
"b3f7e1d23796e568087eaad86aa5eef826ad19a71f24855cf01a6ba04f417732c77f73438d598a73167d8ef1d511d1dcf30a11b1422863de4213dd987050d57a",,"2021-05-30T17:00:00.000","30","NO CONTROLS","NO CONTROLS","CLEAR","DAYLIGHT","ANGLE","OTHER",,"STRAIGHT AND LEVEL","DRY","NO DEFECTS","ON SCENE","NO INJURY / DRIVE AWAY",,,,"OVER $1,500","2021-05-30T17:07:00.000","IMPROPER BACKING","NOT APPLICABLE","801","W","ADDISON ST","1924",,,,,,,"2","5","NO INDICATION OF INJURY","0","0","0","0","0","3","0","17","1","X002254795","41.9472070912","-87.6495530007","POINT (-87.649553000747 41.947207091229)"
"0f9010eae82b6767221234b0ba860225acd95061d39bb19c027c545baac4327352c0d217ac03a4bd0fccb32da165f2f0b98e5a64cc1206f0857534b29fdad1ed",,"2020-10-04T08:48:00.000","15","NO CONTROLS","NO CONTROLS","CLEAR","DAYLIGHT","FIXED OBJECT","ONE-WAY",,"STRAIGHT AND LEVEL","DRY","NO DEFECTS",,"INJURY AND / OR TOW DUE TO CRASH",,,,"OVER $1,500","2020-10-04T08:50:00.000","UNABLE TO DETERMINE","UNABLE TO DETERMINE","3","W","TERMINAL ST","1653",,,,,,,"2.0","10","NONINCAPACITATING INJURY","1.0","0","0","1","0","1","0","8","1","X002033697",,,
"69f2081702a70a8388d1edfe1e6297a12a7c0ade7f79b07461d0e9f3472afe2ecf1e544c8ee56e5ad4fc30a7ab7ef70662e0d743c6d4deaeffe40a7f7b7dd7aa",,"2021-05-28T12:00:00.000","25","NO CONTROLS","NO CONTROLS","CLOUDY/OVERCAST","DAYLIGHT","TURNING","PARKING LOT",,"STRAIGHT AND LEVEL","WET","NO DEFECTS","ON SCENE","INJURY AND / OR TOW DUE TO CRASH",,,"Y","OVER $1,500","2021-05-28T12:02:00.000","FAILING TO YIELD RIGHT-OF-WAY","DRIVING SKILLS/KNOWLEDGE/EXPERIENCE","1","W","PARKING LOT C ST","1654",,,,,,,"2.0","5","REPORTED, NOT EVIDENT","1.0","0","0","0","1","1","0","12","6","X002253436",,,
"a9d440a46ead38c189fd63a7b4e155a78300387fda2081628d4a17a056dd8142a27f2c27df92b8065a12b3f963f4c0af8e329f7f3828ff3941ae4dec9431e24d",,"2024-12-31T14:32:00.000","45","NO CONTROLS","NO CONTROLS","RAIN","DAYLIGHT","FIXED OBJECT","UNKNOWN",,"STRAIGHT AND LEVEL","WET","UNKNOWN","ON SCENE","INJURY AND / OR TOW DUE TO CRASH",,,,"OVER $1,500","2024-12-31T14:37:00.000","EQUIPMENT - VEHICLE CONDITION","NOT APPLICABLE","6599","S","CHICAGO SKYWAY IB","312",,,,,,,"1.0","12","REPORTED, NOT EVIDENT","2.0","0","0","0","2","0","0","14","3","X003677045",,,
"eeafa8339a89cb6c097bbeea8d838efe8515a6ec4e550784e557c2ec25086426072ac3030d8878750c9b2073176954a47e34ba6c9d8d3a89b941ac00c2a13a49",,"2024-12-24T18:34:00.000","30","NO CONTROLS","NO CONTROLS","CLEAR","DARKNESS, LIGHTED ROAD","SIDESWIPE SAME DIRECTION","ONE-WAY",,"STRAIGHT AND LEVEL","DRY","UNKNOWN","ON SCENE","NO INJURY / DRIVE AWAY",,,,"OVER $1,500","2024-12-24T18:47:00.000","UNABLE TO DETERMINE","NOT APPLICABLE","5","W","TERMINAL ST","1655",,,,,,,"2.0","12","NO INDICATION OF INJURY","0.0","0","0","0","0","2","0","18","3","X003671341",,,
"7c29562afd6774e7b113ab7acbd657de521311e3bb822a5612fd08d63572f16adaac32774b203ce96219cbcab5f4a2a574cb9f4ee9e6fd3085e469bb0e32658f",,"2024-12-19T22:45:00.000","30","TRAFFIC SIGNAL","FUNCTIONING PROPERLY","SNOW","DARKNESS, LIGHTED ROAD","REAR END","RAMP",,"STRAIGHT AND LEVEL","WET","NO DEFECTS",,"INJURY AND / OR TOW DUE TO CRASH","Y",,"Y","OVER $1,500","2024-12-19T23:00:00.000","FAILING TO REDUCE SPEED TO AVOID CRASH","FOLLOWING TOO CLOSELY","5558","N","AVONDALE AVE","1622",,,,,,,"2.0","12","NONINCAPACITATING INJURY","1.0","0","0","1","0","1","0","22","5","X003665414",,,
"3a1cceeff60f5a112bf9b365ab3e6767f8306505bcdb7e1e9c522f01f010ceb81b4d8cc3e52ea033f64deab3cfd13dcd14bd8bffd611d3cbd29d76cc490a6a9a",,"2024-12-19T19:10:00.000","25","NO CONTROLS","NO CONTROLS","FREEZING RAIN/DRIZZLE","DARKNESS, LIGHTED ROAD","REAR END","DIVIDED - W/MEDIAN BARRIER",,"STRAIGHT ON GRADE","SNOW OR SLUSH","NO DEFECTS","ON SCENE","NO INJURY / DRIVE AWAY",,,,"$501 - $1,500","2024-12-19T19:12:00.000","FOLLOWING TOO CLOSELY","DRIVING SKILLS/KNOWLEDGE/EXPERIENCE","10129","W","BALMORAL AVE","1654",,,,,,,"3.0","12","NO INDICATION OF INJURY","0.0","0","0","0","0","3","0","19","5","X003665380",,,
"55fa1cb28fde0c2a1708aa21d90cbcc7befd79d937d4aa9f1542919d15afcb139b6bc9256bacb2f539b59699113d392dcb9be439efa8fa50577aec76a21f968b","Y","2025-01-18T12:24:00.000","25","NO CONTROLS","NO CONTROLS","CLEAR","DAYLIGHT","SIDESWIPE SAME DIRECTION","OTHER",,"STRAIGHT AND LEVEL","DRY","NO DEFECTS","NOT ON SCENE (DESK REPORT)","NO INJURY / DRIVE AWAY",,,,"OVER $1,500","2025-01-18T13:00:00.000","UNABLE TO DETERMINE","UNABLE TO DETERMINE","2","W","TERMINAL ST","1652",,,,,,,"2.0","1","NO INDICATION OF INJURY","0.0","0","0","0","0","3","0","12","7","X003697035",,,
"f1e846b0078f6cb5c3c5a1a95841676003752f8257d5657f9f99a47e9381dd2967758d3a6cf5369ff37fac45a30e7fe11554a50ec0e68a8a431dbed9e56bfb6b",,"2024-12-27T19:58:00.000","10","NO CONTROLS","NO CONTROLS","RAIN","DARKNESS, LIGHTED ROAD","REAR TO SIDE","PARKING LOT",,"STRAIGHT AND LEVEL","WET","NO DEFECTS","NOT ON SCENE (DESK REPORT)","NO INJURY / DRIVE AWAY",,,,"$501 - $1,500","2024-12-27T20:10:00.000","DRIVING SKILLS/KNOWLEDGE/EXPERIENCE","IMPROPER BACKING","10020","W","BALMORAL AVE","1654",,,,,,,"2.0","12","NO INDICATION OF INJURY","0.0","0","0","0","0","2","0","19","6","X003674241",,,
"14beea5a96a1a54771eb4bf934e8811f7d5f0f2c59f4ac293d4fbd90cb38f7256010c3c65386a896995fa6c2ecc48b618c3093b2a4f08fb75564b82014c32bd9",,"2021-05-25T03:05:00.000","20","NO CONTROLS","NO CONTROLS","CLEAR","DARKNESS, LIGHTED ROAD","SIDESWIPE SAME DIRECTION","ONE-WAY",,"STRAIGHT ON GRADE","DRY","NO DEFECTS","ON SCENE","INJURY AND / OR TOW DUE TO CRASH",,,,"OVER $1,500","2021-05-25T03:06:00.000","FOLLOWING TOO CLOSELY","IMPROPER OVERTAKING/PASSING","3","W","TERMINAL ST","1653",,,,,,,"2.0","5","NO INDICATION OF INJURY","0.0","0","0","0","0","2","0","3","3","X002250079",,,
"bea952b1df4d2376abb83aa6ff09a57adf927b841f70d916971dcb7306846e1d9284032e330b74035a789781db7d149aa29b8ed78fa17d918ad2c6c3ab3efb25",,"2021-05-26T20:45:00.000","15","NO CONTROLS","NO CONTROLS","CLEAR","DARKNESS","PARKED MOTOR VEHICLE","OTHER",,"STRAIGHT AND LEVEL","DRY","NO DEFECTS","ON SCENE","NO INJURY / DRIVE AWAY",,,,"$501 - $1,500","2021-05-26T20:50:00.000","UNABLE TO DETERMINE","UNABLE TO DETERMINE","833","W","OHARE ST","1654",,,,,,,"2.0","5","NO INDICATION OF INJURY","0.0","0","0","0","0","1","0","20","4","X002252373",,,
"2de9e42e3231469e76056d1a8f4fa746f0001774513fb0416e0f366515ed19ca4bc27aec6552be22bc34b678042e51f5ffdb0bafe43c1aacc9eea22bb1dd5d22",,"2021-05-13T06:40:00.000","20","NO CONTROLS","NO CONTROLS","CLEAR","DAYLIGHT","PARKED MOTOR VEHICLE","PARKING LOT",,"STRAIGHT AND LEVEL","DRY","NO DEFECTS","ON SCENE","NO INJURY / DRIVE AWAY",,,,"OVER $1,500","2021-05-13T06:47:00.000","IMPROPER BACKING","DRIVING SKILLS/KNOWLEDGE/EXPERIENCE","522","W","OHARE ST","1654",,,,,,,"2.0","5","NO INDICATION OF INJURY","0.0","0","0","0","0","1","0","6","5","X002236047",,,
"f0ea8fe427b34ba3d9caff94fa37b41eb6392c4b8770d83ad19d40528d48d1c88776944b7c39a6a153fb17a372d6bfbea804403ad2009e5439a46b95bca63ed5",,"2021-05-31T19:15:00.000","30","TRAFFIC SIGNAL","FUNCTIONING PROPERLY","CLEAR","DUSK","REAR END","T-INTERSECTION",,"STRAIGHT AND LEVEL","DRY","NO DEFECTS","NOT ON SCENE (DESK REPORT)","NO INJURY / DRIVE AWAY","Y",,"Y","OVER $1,500","2021-05-31T19:45:00.000","UNABLE TO DETERMINE","NOT APPLICABLE","400","N","LOWER LAKE SHORE DR","1834",,,,,,,"3.0","5","NO INDICATION OF INJURY","0.0","0","0","0","0","6","0","19","2","X002255638",,,
"9e02996683e5e50ecd6c0e94b05ac4e0c1c0143d55f77aa866e531635ce89d7921443f884a608befd0e9890a5276cf9bd1da0a5f829f93352ff5a30511eab670",,"2021-05-09T05:55:00.000","20","NO CONTROLS","NO CONTROLS","RAIN","DAWN","SIDESWIPE SAME DIRECTION","ONE-WAY",,"STRAIGHT AND LEVEL","WET","NO DEFECTS","ON SCENE","NO INJURY / DRIVE AWAY",,,"Y","$501 - $1,500","2021-05-09T06:05:00.000","FAILING TO YIELD RIGHT-OF-WAY","FAILING TO YIELD RIGHT-OF-WAY","1","W","TERMINAL ST","1651",,,,,,,"2.0","5","NO INDICATION OF INJURY","0.0","0","0","0","0","2","0","5","1","X002232864",,,
"0fdd1890761b51373881f62102bf5b2800b3b0265452e2f8352f475ac4f6d49d219f8b0bc6733455558ebc6eefb9c3fe42f16fab9454a24f848b669feb7e9172",,"2021-06-17T07:45:00.000","20","NO CONTROLS","NO CONTROLS","CLEAR","DAYLIGHT","PARKED MOTOR VEHICLE","ONE-WAY",,"STRAIGHT AND LEVEL","DRY","NO DEFECTS","ON SCENE","NO INJURY / DRIVE AWAY",,,,"OVER $1,500","2021-06-17T07:49:00.000","FAILING TO YIELD RIGHT-OF-WAY","DRIVING SKILLS/KNOWLEDGE/EXPERIENCE","1","W","TERMINAL ST","1651",,,,,,,"2.0","6","NO INDICATION OF INJURY","0.0","0","0","0","0","1","0","7","5","X002274915",,,
"b178208cc19bd139906e467316bfbdc4cba6fa0d5dbe22d40c490d6f06dc1370e13cea9a7ac3c1f52e0ac0ff503694dddb951b5fb501857240d574bd431919e0",,"2021-05-12T13:50:00.000","30","TRAFFIC SIGNAL","FUNCTIONING PROPERLY","CLEAR","DAYLIGHT","REAR END","DIVIDED - W/MEDIAN BARRIER",,"STRAIGHT AND LEVEL","DRY","NO DEFECTS","ON SCENE","NO INJURY / DRIVE AWAY",,,,"$501 - $1,500","2021-05-12T14:00:00.000","FAILING TO YIELD RIGHT-OF-WAY","UNABLE TO DETERMINE","1800","W","118TH ST","2234",,,,,,,"4.0","5","NO INDICATION OF INJURY","0.0","0","0","0","0","4","0","13","4","X002238855",,,
"6384b77c2f16380e252e5022dced6186aa2e12a8175e39b4abdf52e5927da098d586d5b2cadc41cd68b9c468f1cb2326195ca0a7aac39a66b41795f5b9e3aef8",,"2021-05-23T10:42:00.000","30","NO CONTROLS","NO CONTROLS","CLEAR","DAYLIGHT","FIXED OBJECT","ALLEY",,"STRAIGHT AND LEVEL","DRY","NO DEFECTS","ON SCENE","NO INJURY / DRIVE AWAY",,,,"OVER $1,500","2021-05-23T10:42:00.000","NOT APPLICABLE","NOT APPLICABLE","138","W","95TH ST","634",,,,,,,"1","5",,,,,,,,,"10","1","X002248213","41.7217825203","-87.627764732","POINT (-87.627764732046 41.721782520337)"
"fc67a4903c6bab5fbb3a9fa78de0c51089c81d3a19867bc0e01061a767f37b8417b64e3d490400b9c68d9afd255f4c73bedbc500ed9d3429ef47eaba649fbea6",,"2021-05-09T22:55:00.000","10","NO CONTROLS","NO CONTROLS","CLEAR","DARKNESS, LIGHTED ROAD","FIXED OBJECT","PARKING LOT",,"STRAIGHT AND LEVEL","DRY","NO DEFECTS","ON SCENE","NO INJURY / DRIVE AWAY",,"Y",,"OVER $1,500","2021-05-09T22:57:00.000","UNABLE TO DETERMINE","NOT APPLICABLE","524","W","OHARE ST","1654",,,,,,,"2.0","5","NO INDICATION OF INJURY","0.0","0","0","0","0","2","0","22","1","X002232295",,,
"aa4a088120f9867a466065cfc2b5e573cb255b5597fac7baaf49abedd5193ae1a961ad05a6d3fc6a47e0d5704c2901b7d7c7dcf170b4907905cd0540a8af486d",,"2021-05-21T10:48:00.000","25","NO CONTROLS","NO CONTROLS","CLEAR","DAWN","PARKED MOTOR VEHICLE","OTHER",,"STRAIGHT AND LEVEL","DRY","NO DEFECTS","ON SCENE","NO INJURY / DRIVE AWAY",,,,"OVER $1,500","2021-05-21T10:50:00.000","DRIVING SKILLS/KNOWLEDGE/EXPERIENCE","NOT APPLICABLE","516","W","OHARE ST","1654",,,,,,,"2.0","5","NO INDICATION OF INJURY","0.0","0","0","0","0","1","0","10","6","X002245044",,,
"7e49d2cf7921472a907d49128fda528a6db1736360fe94bf6476d16ee2c2d754ed7943fb9786548f153f1eee6ca21f58580bef5b5bba3c700c3567986a5c03df",,"2021-06-17T12:29:00.000","30","NO CONTROLS","NO CONTROLS","CLEAR","DAYLIGHT","PARKED MOTOR VEHICLE","ONE-WAY",,"STRAIGHT AND LEVEL","DRY","NO DEFECTS","ON SCENE","NO INJURY / DRIVE AWAY",,,,"$501 - $1,500","2021-06-17T12:29:00.000","IMPROPER BACKING","NOT APPLICABLE","33","E","111TH PL","531",,,,,,,"2","6","NO INDICATION OF INJURY","0","0","0","0","0","2","0","12","5","X002274176","41.69158392","-87.6217502822","POINT (-87.621750282158 41.691583920008)"
"87d1c1b96db5644f64b70825e359ba2feee382390d51d1337ec964fd29110cf10be7fb1f7868b20c996d37358a42548ad611d5ff43877a90a8fc63e69afcb7ea",,"2021-05-18T14:00:00.000","30","NO CONTROLS","NOT FUNCTIONING","CLEAR","DAYLIGHT","PARKED MOTOR VEHICLE","NOT DIVIDED",,"STRAIGHT AND LEVEL","DRY","NO DEFECTS","NOT ON SCENE (DESK REPORT)","NO INJURY / DRIVE AWAY",,,"Y","$501 - $1,500","2021-05-20T09:23:00.000","UNABLE TO DETERMINE","UNABLE TO DETERMINE","7167","W","56TH ST","811",,,,,,,"2.0","5","NO INDICATION OF INJURY","0.0","0","0","0","0","1","0","14","3","X002243104",,,
"0d47e244206380a039dd696929243322b6dfee8b2fc3b7c1c2ed26d0e69427686ef4788f128e4c9aa04d46a2e88b92b3c361099397c0d061b6d51c83003f6505",,"2021-05-13T11:30:00.000","30","TRAFFIC SIGNAL","FUNCTIONING PROPERLY","CLEAR","DAYLIGHT","ANGLE","NOT DIVIDED",,"STRAIGHT AND LEVEL","DRY","UNKNOWN","NOT ON SCENE (DESK REPORT)","NO INJURY / DRIVE AWAY",,,"Y","$501 - $1,500","2021-05-17T09:55:00.000","UNABLE TO DETERMINE","UNABLE TO DETERMINE","2098","S","MILLARD AVE","1014",,,,,,,"2.0","5","NO INDICATION OF INJURY","0.0","0","0","0","0","7","0","11","5","X002239892",,,
"238bea88b9c60f4447c3fde7de1d84a6d24b5fcab6b2b5518726cada101b782d26533d0e17739c29eac386e4e69fb4891509567d499aae1d41bc1ef1392943be",,"2021-05-28T16:47:00.000","55","OTHER","OTHER","RAIN","DAYLIGHT","SIDESWIPE SAME DIRECTION","DIVIDED - W/MEDIAN BARRIER",,"STRAIGHT AND LEVEL","WET","NO DEFECTS","ON SCENE","NO INJURY / DRIVE AWAY",,,,"OVER $1,500","2021-05-28T17:30:00.000","UNABLE TO DETERMINE","NOT APPLICABLE","9200","S","CHICAGO SKYWAY OB","423",,,,,,,"2.0","5","NO INDICATION OF INJURY","0.0","0","0","0","0","3","0","16","6","X002252779",,,
"271552ad5dff2543c5b29c8bfc936703f572425d9ff83e0826b84982f21759b114d1299ac07071f0e29bbf74dee4b767da7771a13d002672afa69bb723f1c439",,"2021-04-29T18:30:00.000","30","YIELD","NO CONTROLS","CLEAR","DAYLIGHT","FIXED OBJECT","DIVIDED - W/MEDIAN (NOT RAISED)",,"CURVE, LEVEL","DRY","NO DEFECTS","ON SCENE","NO INJURY / DRIVE AWAY",,,,"$500 OR LESS","2021-04-29T18:35:00.000","FAILING TO REDUCE SPEED TO AVOID CRASH","UNABLE TO DETERMINE","5","W","TERMINAL ST","1655",,,,,,,"1.0","4","NO INDICATION OF INJURY","0.0","0","0","0","0","1","0","18","5","X002223104",,,
"0bd391472067c00d0af5456413bc7bf32faacd4ce752638d32d854919dd23b5f4e6028b34873ababa85ecc0855f84708471b63a0a3f57ae3ecf7ae53d1580883",,"2021-05-23T04:32:00.000","60","NO CONTROLS","NO CONTROLS","CLEAR","DAWN","FIXED OBJECT","DIVIDED - W/MEDIAN BARRIER",,"STRAIGHT AND LEVEL","DRY","NO DEFECTS","ON SCENE","INJURY AND / OR TOW DUE TO CRASH",,,"Y","OVER $1,500","2021-05-23T04:32:00.000","UNABLE TO DETERMINE","NOT APPLICABLE","9050","S","CHICAGO SKYWAY OB","423",,,,,,,"1.0","5","NO INDICATION OF INJURY","0.0","0","0","0","0","1","0","4","1","X002245712",,,
"5800aa4bda36818b2626f8a687bd1635fd91321b8330afb1015ca289b2237cb74c06bd6e11a262f06fc0e58fc216bf3812ca67846b40f6e34ec3814f88bdac7d","Y","2025-01-09T17:10:00.000","25","NO CONTROLS","NO CONTROLS","CLEAR","DARKNESS, LIGHTED ROAD","SIDESWIPE SAME DIRECTION","NOT DIVIDED",,"STRAIGHT AND LEVEL","UNKNOWN","UNKNOWN","ON SCENE","INJURY AND / OR TOW DUE TO CRASH",,,,"OVER $1,500","2025-01-09T17:14:00.000","UNABLE TO DETERMINE","UNABLE TO DETERMINE","815","S","AUSTIN BLVD","1513",,,,,,,"2.0","1","NO INDICATION OF INJURY","0.0","0","0","0","0","2","0","17","5","X003685808",,,
"9b328a396ce1cb9a09d1fb63d4e373613c424dbf03d0b7306e69958d33324d2a5442ba85939d40c050e15aaeb0bb2b0862a5291d2255c4952abaa91dde8eba68",,"2017-10-12T09:45:00.000","35","NO CONTROLS","NO CONTROLS","CLOUDY/OVERCAST","DAYLIGHT","SIDESWIPE SAME DIRECTION","NOT DIVIDED","4","STRAIGHT AND LEVEL","DRY","NO DEFECTS","NOT ON SCENE (DESK REPORT)","NO INJURY / DRIVE AWAY",,,,"OVER $1,500","2017-10-12T10:40:00.000","IMPROPER LANE USAGE","NOT APPLICABLE","12001","W","IRVING PARK RD","1654",,,,,,,"2.0","10","NO INDICATION OF INJURY","0.0","0","0","0","0","2","0","9","5","X000936906",,,
"7315e07289095984b706dabc4c37e8debf2e6866c9d7f05e2ba8b71e16c7e34d6c1819650b7d6394128e128a596916c3a92217a7788297833e8d9d14efd99e00",,"2025-01-13T15:50:00.000","15","NO CONTROLS","NO CONTROLS","CLEAR","DAYLIGHT","TURNING","PARKING LOT",,"STRAIGHT AND LEVEL","DRY","NO DEFECTS","ON SCENE","NO INJURY / DRIVE AWAY",,,,"OVER $1,500","2025-01-13T15:51:00.000","FAILING TO YIELD RIGHT-OF-WAY","VISION OBSCURED (SIGNS, TREE LIMBS, BUILDINGS, ETC.)","775","W","OHARE ST","1654",,,,,,,"2.0","1","NO INDICATION OF INJURY","0.0","0","0","0","0","2","0","15","2","X003690497",,,
"ddbf09520c3ba755f35f12c06487c14e8870bc54e7165518ea43d4137969376ed23be239991013c026a21fe00efb5ed079fae79532c58c195b7290742eb312e6",,"2024-12-30T02:38:00.000","45","NO CONTROLS","NO CONTROLS","CLEAR","DARKNESS, LIGHTED ROAD","FIXED OBJECT","DIVIDED - W/MEDIAN BARRIER",,"CURVE, LEVEL","DRY","NO DEFECTS","ON SCENE","INJURY AND / OR TOW DUE TO CRASH",,,,"OVER $1,500","2024-12-30T02:38:00.000","NOT APPLICABLE","NOT APPLICABLE","6299","S","LAKE SHORE DR","331",,,,,,,"1.0","12",,,,,,,,,"2","2","X003677796",,,
"4d0f21962e07ca09c7401b876df3cbbd47725c3c97a10f090fb286820174384a28f8d8e31a0365ec30bbce3db3f07a95b1d861b6ceaa7657d7941f119d37e066",,"2025-01-05T18:06:00.000","20","NO CONTROLS","NO CONTROLS","CLEAR","DARKNESS","ANGLE","T-INTERSECTION",,"STRAIGHT AND LEVEL","DRY","NO DEFECTS","ON SCENE","NO INJURY / DRIVE AWAY","Y",,,"OVER $1,500","2025-01-05T18:15:00.000","DRIVING SKILLS/KNOWLEDGE/EXPERIENCE","DRIVING SKILLS/KNOWLEDGE/EXPERIENCE","10909","W","HIGGINS RD","1654",,,,,,,"2.0","1","NO INDICATION OF INJURY","0.0","0","0","0","0","2","0","18","1","X003682243",,,