"crash_record_id","crash_date_est_i","crash_date","posted_speed_limit","traffic_control_device","device_condition","weather_condition","lighting_condition","first_crash_type","trafficway_type","lane_cnt","alignment","roadway_surface_cond","road_defect","report_type","crash_type","intersection_related_i","private_property_i","hit_and_run_i","damage","date_police_notified","prim_contributory_cause","sec_contributory_cause","street_no","street_direction","street_name","beat_of_occurrence","photos_taken_i","statements_taken_i","dooring_i","work_zone_i","work_zone_type","workers_present_i","num_units","crash_month","most_severe_injury","injuries_total","injuries_fatal","injuries_incapacitating","injuries_non_incapacitating","injuries_reported_not_evident","injuries_no_indication","injuries_unknown","crash_hour","crash_day_of_week","idot_control_no","latitude","longitude","location"
"7d852551e7656f9db0c021a6ca85dc9d599efaad95bef9c064c366dcadf11c9269e77ddd2db8df423d74bdb8f823524bf898b0b6300824255df0196522bf84fe",,"2025-01-16T21:00:00.000","25","NO CONTROLS","UNKNOWN","CLOUDY/OVERCAST","DARKNESS, LIGHTED ROAD","ANGLE","PARKING LOT",,"STRAIGHT AND LEVEL","WET","UNKNOWN","ON SCENE","NO INJURY / DRIVE AWAY",,,"Y","$501 - $1,500","2025-01-16T21:01:00.000","UNABLE TO DETERMINE","NOT APPLICABLE","1","W","PARKING LOT D ST","1654",,,,,,,"2.0","1","NO INDICATION OF INJURY","0.0","0","0","0","0","3","0","21","5","X003697036",,,
"a74800402631613c43fde880952562407f64df72c1fcd8fb04a34038c13c60dbe00869c4152fe4f0f3057cd8dff6c6d7978000a5703fae041be9662744d8eebb",,"2025-01-21T19:50:00.000","10","NO CONTROLS","NO CONTROLS","CLEAR","DARKNESS, LIGHTED ROAD","SIDESWIPE SAME DIRECTION","OTHER",,"STRAIGHT AND LEVEL","WET","NO DEFECTS","ON SCENE","NO INJURY / DRIVE AWAY",,,,"OVER $1,500","2025-01-21T19:55:00.000","FAILING TO YIELD RIGHT-OF-WAY","DRIVING SKILLS/KNOWLEDGE/EXPERIENCE","5","W","TERMINAL ST","1655",,,,,,,"2.0","1","NO INDICATION OF INJURY","0.0","0","0","0","0","2","0","19","3","X003700220",,,
"ad68a5497001f7a5c081cf76941314adcd14de4f1b6704917e4aec28681f1ca25b31bdc438df34e395131fdfbd3118bb3ff4e7e2ebc83d40a3ce11ab46304ab4",,"2025-01-12T07:41:00.000","40","NO CONTROLS","NO CONTROLS","SNOW","DAYLIGHT","FIXED OBJECT","DIVIDED - W/MEDIAN BARRIER",,"CURVE, LEVEL","WET","NO DEFECTS","ON SCENE","INJURY AND / OR TOW DUE TO CRASH",,,"Y","OVER $1,500","2025-01-12T07:41:00.000","FAILING TO REDUCE SPEED TO AVOID CRASH","NOT APPLICABLE","6258","S","LAKE SHORE DR","331",,,,,,,"1.0","1","NO INDICATION OF INJURY","0.0","0","0","0","0","1","0","7","1","X003688403",,,
"696c4255acf6a223851c7c1455c0478d7c34a43c8dbfb22a09149775cdb8fcf8d1a5d2bdd21c7f29b41fcd58b4bc7b18fb5a97b016282e572c14465ee7ae881c",,"2025-01-25T13:45:00.000","25","NO CONTROLS","NO CONTROLS","CLEAR","DAYLIGHT","REAR END","OTHER",,"STRAIGHT AND LEVEL","DRY","NO DEFECTS","NOT ON SCENE (DESK REPORT)","NO INJURY / DRIVE AWAY",,,,"OVER $1,500","2025-01-25T15:15:00.000","FOLLOWING TOO CLOSELY","DRIVING SKILLS/KNOWLEDGE/EXPERIENCE","2","W","TERMINAL ST","1652",,,,,,,"2.0","1","NO INDICATION OF INJURY","0.0","0","0","0","0","2","0","13","7","X003703331",,,
"465e06c2eca0bcbaeb7bf2dfaa43b8dc5e0991ab7bec91d803b233bf8c2df7415681d0742b9e6f54ead600664d91a08256e7c2de6f323da7e9c28d6958f879e9",,"2025-01-14T11:30:00.000","30","NO CONTROLS","NO CONTROLS","CLEAR","DAYLIGHT","TURNING","NOT DIVIDED",,"STRAIGHT AND LEVEL","WET","NO DEFECTS","ON SCENE","NO INJURY / DRIVE AWAY",,,"Y","OVER $1,500","2025-01-14T11:40:00.000","UNABLE TO DETERMINE","UNABLE TO DETERMINE","4340","N","MANNHEIM RD","1654",,,,,,,"2.0","1","NO INDICATION OF INJURY","0.0","0","0","0","0","2","0","11","3","X003692222",,,
"092bf0997b2cb839c447122eb7014f947f5a9a17d56b43079b2f48dc57c407cd8178ed26e794344969e3c3677d0453fa02d71537f6a29920cd63d15dd1615fde",,"2021-05-08T02:20:00.000","20","NO CONTROLS","NO CONTROLS","CLEAR","DARKNESS, LIGHTED ROAD","FIXED OBJECT","RAMP",,"STRAIGHT AND LEVEL","DRY","NO DEFECTS","ON SCENE","NO INJURY / DRIVE AWAY",,"N",,"OVER $1,500","2021-05-08T02:20:00.000","IMPROPER BACKING","UNABLE TO DETERMINE","1","W","TERMINAL ST","1651",,"N",,,,,"1.0","5","NO INDICATION OF INJURY","0.0","0","0","0","0","1","0","2","7","X002230728",,,
"1cc2d0e912de78a6d6d62398895b3394a9f724e0ae083ebed5a49b0723a3e7aa8942f5db094bfef1cf76b1d4e84210206eeb1af3f8d0f9f93ab457302cb41e97",,"2021-05-09T09:50:00.000","55","OTHER","FUNCTIONING PROPERLY","RAIN","DAYLIGHT","FIXED OBJECT","DIVIDED - W/MEDIAN BARRIER",,"STRAIGHT ON GRADE","WET","NO DEFECTS","ON SCENE","INJURY AND / OR TOW DUE TO CRASH",,"Y",,"OVER $1,500","2021-05-09T09:51:00.000","DRIVING SKILLS/KNOWLEDGE/EXPERIENCE","NOT APPLICABLE","7301","S","CHICAGO SKYWAY IB","323",,,,,,,"1.0","5","NO INDICATION OF INJURY","0.0","0","0","0","0","2","0","9","1","X002235074",,,
"77429fd6a70b95d118ff7c5f501b16f0d422dbd26f6b36fb60effc717a01fcb7a927b00c43e75b6f502fdb39edad35fbd1f9409bb137e0bffdeb309cda080063",,"2021-05-04T17:30:00.000","30","TRAFFIC SIGNAL","UNKNOWN","CLEAR","DAYLIGHT","REAR END","NOT DIVIDED",,"STRAIGHT AND LEVEL","UNKNOWN","UNKNOWN","NOT ON SCENE (DESK REPORT)","NO INJURY / DRIVE AWAY","Y",,,"OVER $1,500","2021-05-04T17:30:00.000","UNABLE TO DETERMINE","UNABLE TO DETERMINE","3900","S","DAMEN AVE VIA","924",,,,,,,"2.0","5","NO INDICATION OF INJURY","0.0","0","0","0","0","2","0","17","3","X002227424",,,
"8dddc49d092ad914e9b02425722deb5f3bdfe5fec30a5a5108552dce688da5f9579d7002363a910921258ca63cdd4551ff3819d851820ee41ddab156a73589ec",,"2021-04-30T22:00:00.000","35","TRAFFIC SIGNAL","FUNCTIONING PROPERLY","CLEAR","DARKNESS","FIXED OBJECT","DIVIDED - W/MEDIAN (NOT RAISED)",,"STRAIGHT AND LEVEL","DRY","UNKNOWN","ON SCENE","INJURY AND / OR TOW DUE TO CRASH",,,"Y","OVER $1,500","2021-04-30T22:00:00.000","NOT APPLICABLE","NOT APPLICABLE","8300","S","COMMERCIAL AVE","424",,,,,,,"1.0","4","NO INDICATION OF INJURY","0.0","0","0","0","0","1","0","22","6","X002223987",,,
"b6574f4ffcbdb564f51dffb75888d7814af437a135f63e13ee786ce737737758b75ba1ac898c9f86ed5fc61a84a8b235f543249504edb8cddbd7cc8aae607b5c",,"2021-05-18T22:00:00.000","30","STOP SIGN/FLASHER","FUNCTIONING PROPERLY","RAIN","DARKNESS, LIGHTED ROAD","ANGLE","FOUR WAY",,"STRAIGHT AND LEVEL","WET","NO DEFECTS","ON SCENE","INJURY AND / OR TOW DUE TO CRASH","Y",,,"OVER $1,500","2021-05-18T22:00:00.000","WEATHER","UNABLE TO DETERMINE","850","W","OHARE ST","1654",,,,,,,"2.0","5","NONINCAPACITATING INJURY","1.0","0","0","1","0","1","0","22","3","X002241624",,,
"b03ecc01cdfef593386d918b885a8ee8711bc8b1ec9e6b7b875fd342719eb8e23499b485d512eac86b4c3511ffc2ec45a27ab4cb17a0c7cb89000a41cafc2d28",,"2021-05-14T15:00:00.000","30","NO CONTROLS","NO CONTROLS","CLEAR","DAYLIGHT","PARKED MOTOR VEHICLE","ONE-WAY",,"STRAIGHT AND LEVEL","DRY","UNKNOWN","ON SCENE","NO INJURY / DRIVE AWAY",,,,"OVER $1,500","2021-05-14T15:09:00.000","IMPROPER BACKING","NOT APPLICABLE","2","W","DELAWARE PL","1832",,,,,,,"2","5","NO INDICATION OF INJURY","0","0","0","0","0","1","0","15","6","X002237803","41.8992486496","-87.6283465652","POINT (-87.628346565193 41.899248649591)"
"033b42a17092aee2c199f53d6aafbaa129cd62b7f8b91b7d10bc9511a80f0c29df4f2e33f35bc2ceee6aef02f6625208d481a3c423a4a902de5177a89b3a333b",,"2021-04-29T18:00:00.000","30","NO CONTROLS","NO CONTROLS","CLEAR","DAYLIGHT","SIDESWIPE SAME DIRECTION","OTHER",,"STRAIGHT AND LEVEL","DRY","UNKNOWN","ON SCENE","NO INJURY / DRIVE AWAY",,,,"$501 - $1,500","2021-04-29T18:03:00.000","FAILING TO YIELD RIGHT-OF-WAY","NOT APPLICABLE","3","W","TERMINAL ST","1653",,,,,,,"2.0","4","NO INDICATION OF INJURY","0.0","0","0","0","0","4","0","18","5","X002223113",,,
"99f9359ca5821d8cdc6dc6d6531d6e8d3f4ee8b3c0d2dc9230f89e70753252e2454e39e4d8d5f7accae14dc24d53dd578ffd457cc7f02f5a0ae89781137c8e9a",,"2021-05-19T07:00:00.000","25","NO CONTROLS","NO CONTROLS","CLOUDY/OVERCAST","DAYLIGHT","SIDESWIPE SAME DIRECTION","ONE-WAY",,"STRAIGHT AND LEVEL","DRY","NO DEFECTS","ON SCENE","NO INJURY / DRIVE AWAY",,,,"OVER $1,500","2021-05-19T07:00:00.000","FAILING TO YIELD RIGHT-OF-WAY","DRIVING SKILLS/KNOWLEDGE/EXPERIENCE","3","W","TERMINAL ST","1653",,,,,,,"2.0","5","NO INDICATION OF INJURY","0.0","0","0","0","0","2","0","7","4","X002241839",,,
"5528744bc602d659cb5431439fb625c024582f4bb23ae969a102d720d6a84db205a3e7a8b109206660e9d690aba76ee89d84284221002f6c8078c0c39930d92e","Y","2021-05-23T17:40:00.000","30","NO CONTROLS","NO CONTROLS","CLOUDY/OVERCAST","DAYLIGHT","REAR END","ONE-WAY",,"STRAIGHT AND LEVEL","DRY","NO DEFECTS","ON SCENE","NO INJURY / DRIVE AWAY",,,"Y","$501 - $1,500","2021-05-23T17:44:00.000","UNABLE TO DETERMINE","UNABLE TO DETERMINE","3","W","TERMINAL ST","1653",,,,,,,"2.0","5","NO INDICATION OF INJURY","0.0","0","0","0","0","2","0","17","1","X002246336",,,
"971be68174e6f72288c92b8dc85fe5054682e3a18efa523f88286a16eac55baf9c3fca538970bfd6d14afb6afe52d8021bce002b325a42b8ae33762450fe5ef0",,"2021-05-13T11:09:00.000","35","OTHER WARNING SIGN","FUNCTIONING PROPERLY","CLEAR","DAYLIGHT","REAR TO FRONT","DIVIDED - W/MEDIAN BARRIER",,"CURVE, LEVEL","DRY","NO DEFECTS","ON SCENE","NO INJURY / DRIVE AWAY",,"Y",,"OVER $1,500","2021-05-13T11:10:00.000","IMPROPER BACKING","DRIVING SKILLS/KNOWLEDGE/EXPERIENCE","8800","S","CHICAGO SKYWAY OB","412",,,,,,,"2.0","5","NO INDICATION OF INJURY","0.0","0","0","0","0","3","0","11","5","X002237280",,,
"5e5e7092c4cc3149516b9f759475706da5a02b723723c190d1e86f8be60c3a73b9d0d7ddd99500fca122c848ae0eb98482e90839697f5c633a608d1bc712baa8",,"2021-06-04T14:30:00.000","30","NO CONTROLS","NO CONTROLS","CLEAR","DAYLIGHT","REAR END","DIVIDED - W/MEDIAN (NOT RAISED)",,"STRAIGHT AND LEVEL","DRY","NO DEFECTS","NOT ON SCENE (DESK REPORT)","NO INJURY / DRIVE AWAY",,,,"OVER $1,500","2021-06-04T23:48:00.000","DISTRACTION - FROM INSIDE VEHICLE","DISTRACTION - FROM INSIDE VEHICLE","2968","S","CALIFORNIA AVE","1033",,,,,,,"2.0","6","NO INDICATION OF INJURY","0.0","0","0","0","0","2","0","14","6","X002259855",,,
"d2b0e3d24e5f78de4a73c201b472bd17f9e0194d701824a0618e040a373dc7ce4ba3eccb904c2bc3c32f64a47fa09ea153d7067c97390423c761ad7c73413801",,"2021-05-16T20:40:00.000","15","NO CONTROLS","NO CONTROLS","CLEAR","DAWN","REAR TO FRONT","PARKING LOT",,"STRAIGHT AND LEVEL","DRY","NO DEFECTS","ON SCENE","NO INJURY / DRIVE AWAY",,,,"$500 OR LESS","2021-05-16T20:40:00.000","DISTRACTION - FROM OUTSIDE VEHICLE","NOT APPLICABLE","6259","S","LAKE SHORE DR","331",,"N",,,,,"2.0","5","NO INDICATION OF INJURY","0.0","0","0","0","0","3","0","20","1","X002239302",,,
"c9eba1a869eda8830e82f36732fdba6a7e8cf188a33f3f2566128ec4620afeac3d557e61585cd37ea2396195098cbf130a5e819a0b0c09e445f4f56371f6e216",,"2021-06-10T21:27:00.000","15","NO CONTROLS","NO CONTROLS","CLEAR","DARKNESS, LIGHTED ROAD","ANGLE","ONE-WAY",,"STRAIGHT AND LEVEL","DRY","NO DEFECTS","ON SCENE","NO INJURY / DRIVE AWAY",,,,"OVER $1,500","2021-06-10T21:27:00.000","FAILING TO YIELD RIGHT-OF-WAY","UNABLE TO DETERMINE","1","S","MIDWAY ST","813",,,,,,,"2.0","6","NO INDICATION OF INJURY","0.0","0","0","0","0","2","0","21","5","X002268856",,,
"a2f19cd62d71e432b00c48db2132becee2375d6d5946681b8661b73aa7178e72c48830a74ad4724fbb8755e5d55b78d653281a1b70e27b74eb002dfd0a79caf6",,"2021-05-03T08:30:00.000","10","NO CONTROLS","NO CONTROLS","CLEAR","DAYLIGHT","REAR TO SIDE","PARKING LOT",,"STRAIGHT AND LEVEL","DRY","NO DEFECTS","NOT ON SCENE (DESK REPORT)","NO INJURY / DRIVE AWAY",,,,"OVER $1,500","2021-05-11T16:45:00.000","FAILING TO YIELD RIGHT-OF-WAY","UNABLE TO DETERMINE","8716","S","WALLACE ST","2223",,,,,,,"2.0","5","NO INDICATION OF INJURY","0.0","0","0","0","0","2","0","8","2","X002234452","41.735367667","-87.6388790407","POINT (-87.638879040659 41.73536766705)"
"83440effaf00c4386b0f3b4b884e6f3c653f23343d791a1062dc09aa5820f833e77056cc117840063f45b8617a5f194810a58fab331780f0ffbe5ed7333899cc",,"2021-05-03T16:21:00.000","30","NO CONTROLS","NO CONTROLS","CLEAR","DAYLIGHT","REAR END","DIVIDED - W/MEDIAN (NOT RAISED)",,"STRAIGHT ON GRADE","DRY","NO DEFECTS","ON SCENE","INJURY AND / OR TOW DUE TO CRASH","Y",,,"OVER $1,500","2021-05-03T16:23:00.000","DISTRACTION - FROM OUTSIDE VEHICLE","UNABLE TO DETERMINE","1937","S","CANAL ST","1235",,,,,,,"3.0","5","NONINCAPACITATING INJURY","1.0","0","0","1","0","3","0","16","2","X002226269",,,
"7c630f709bc4f662858703400fe03c55e5e565cc27aabbf72c2a01cf53b977857a9f875436f9ee92736b772ffb50525eb38e3d802de744e55a6a77e63a2dbabe",,"2017-10-10T21:08:00.000","30","TRAFFIC SIGNAL","FUNCTIONING PROPERLY","RAIN","DARKNESS, LIGHTED ROAD","TURNING","ONE-WAY",,"STRAIGHT AND LEVEL","WET","NO DEFECTS","ON SCENE","INJURY AND / OR TOW DUE TO CRASH","Y",,,"$501 - $1,500","2017-10-10T21:15:00.000","WEATHER","FAILING TO YIELD RIGHT-OF-WAY","5500","S","WENTWORTH AVE","225",,,,,,,"2.0","10","NO INDICATION OF INJURY","0.0","0","0","0","0","2","0","21","3","X000937517",,,
"e14c45cc4b0043f3be1e4b5726ae126fd643e16bbd124f8af6adc910c220ca21478b16a0a0f2f95a64d7fadd7e4c8e8f0482bddc13810759373f583f1cfd673c",,"2025-02-13T16:13:00.000","30","TRAFFIC SIGNAL","FUNCTIONING PROPERLY","CLEAR","DAYLIGHT","TURNING","FIVE POINT, OR MORE",,"STRAIGHT AND LEVEL","SNOW OR SLUSH","NO DEFECTS","ON SCENE","NO INJURY / DRIVE AWAY","Y",,,"OVER $1,500","2025-02-13T16:13:00.000","UNABLE TO DETERMINE","NOT APPLICABLE","7100","S","EXCHANGE AVE","334",,,,,,,"2.0","2","NO INDICATION OF INJURY","0.0","0","0","0","0","2","0","16","5","X003723639",,,
"a99e41ee19512a429f2d9140860038fde34fcdd9929e32b4b5057e73c0fac0bda76408961bd956b3fb88baf1269614f91117f3ded5b9c13aa67d2672fcfb26b4",,"2024-12-26T11:44:00.000","30","TRAFFIC SIGNAL","FUNCTIONING PROPERLY","CLEAR","DAYLIGHT","SIDESWIPE SAME DIRECTION","FOUR WAY",,"STRAIGHT AND LEVEL","DRY","NO DEFECTS","ON SCENE","NO INJURY / DRIVE AWAY","Y",,,"$501 - $1,500","2024-12-26T11:58:00.000","FAILING TO YIELD RIGHT-OF-WAY","IMPROPER OVERTAKING/PASSING","5500","S","WENTWORTH AVE","225",,,,,,,"2.0","12","NO INDICATION OF INJURY","0.0","0","0","0","0","2","0","11","5","X003672858",,,
"eecfdace195079152635d324f6f5108399ab84195f984c2f9a9be6cf964e6059dd8dd6553a47186d7e1643590b0b647de87ee3a207a2bb5084b4c116eb990333",,"2025-02-07T13:15:00.000","10","NO CONTROLS","NO CONTROLS","CLEAR","DAYLIGHT","PARKED MOTOR VEHICLE","PARKING LOT",,"STRAIGHT AND LEVEL","DRY","NO DEFECTS","ON SCENE","NO INJURY / DRIVE AWAY",,,,"OVER $1,500","2025-02-07T13:20:00.000","IMPROPER BACKING","NOT APPLICABLE","517","W","OHARE ST","1654",,,,,,,"2.0","2","NO INDICATION OF INJURY","0.0","0","0","0","0","1","0","13","6","X003717482",,,
"c0f66711e5e1501f500972e4d9a655a5a4953ff6b58dbffb7361047147fd7257ea82849b9155afca04f7d53dae26d90911e290138c4d9067e5cb11361b78bb16",,"2025-02-08T07:30:00.000","30","NO CONTROLS","NO CONTROLS","CLEAR","DAYLIGHT","ANGLE","NOT DIVIDED",,"STRAIGHT AND LEVEL","DRY","UNKNOWN","ON SCENE","NO INJURY / DRIVE AWAY",,,,"OVER $1,500","2025-02-08T07:41:00.000","UNABLE TO DETERMINE","NOT APPLICABLE","856","E","40TH ST","214",,,,,,,"3","2","NO INDICATION OF INJURY","0","0","0","0","0","2","0","7","7","X003718822","41.8219136006","-87.6042466723","POINT (-87.604246672263 41.821913600645)"
"5df86900469a10a669f74a498a571b784f70f5451c72d9b6d167d8de8b1e5e1e40de6f6928d9f59ca7e94de9635aac2a429398bde0612d277aa781577fdd7c09",,"2024-12-27T06:58:00.000","30","TRAFFIC SIGNAL","UNKNOWN","UNKNOWN","UNKNOWN","TURNING","T-INTERSECTION",,"STRAIGHT AND LEVEL","UNKNOWN","UNKNOWN","NOT ON SCENE (DESK REPORT)","NO INJURY / DRIVE AWAY","Y",,"Y","$500 OR LESS","2024-12-28T16:30:00.000","UNABLE TO DETERMINE","NOT APPLICABLE","10000","W","BALMORAL AVE","1654",,,,,,,"2.0","12","NO INDICATION OF INJURY","0.0","0","0","0","0","2","0","6","6","X003674149",,,
"8dc7e169f6b89d1374a3ad8168ea0f9967707ac7e457fbd99f931c4a5d62d2cebcb311f96f86cb33aa04740185d6f904f54f08511765474cbe78b118e06b8ea5",,"2017-09-23T13:38:00.000","30","TRAFFIC SIGNAL","FUNCTIONING PROPERLY","CLEAR","DAYLIGHT","ANGLE","ONE-WAY","6","STRAIGHT ON GRADE","DRY","NO DEFECTS","ON SCENE","INJURY AND / OR TOW DUE TO CRASH","Y",,,"OVER $1,500","2017-09-23T13:40:00.000","UNABLE TO DETERMINE","UNABLE TO DETERMINE","5500","S","WENTWORTH AVE","225",,,,,,,"2.0","9","NO INDICATION OF INJURY","0.0","0","0","0","0","2","0","13","7","X000940771",,,
"472544476ed4a0583600edfb2d45667a4822cd362e7969f16297dc2fadb5490603851350a423b3fb709a46f6894bddcea9ec08eea6d57c50aa11f632707a80a3",,"2025-02-12T09:45:00.000","30","NO CONTROLS","NO CONTROLS","CLEAR","DAYLIGHT","REAR END","NOT DIVIDED",,"STRAIGHT AND LEVEL","WET","NO DEFECTS","NOT ON SCENE (DESK REPORT)","NO INJURY / DRIVE AWAY",,,,"OVER $1,500","2025-02-12T10:13:00.000","UNABLE TO DETERMINE","UNABLE TO DETERMINE","3100","N","CLARK ST","1934",,,,,,,"2.0","2","NO INDICATION OF INJURY","0.0","0","0","0","0","2","0","9","4","X003721626",,,
"934041db2323b2afb3e745e9e2cd78daab6420a639f316a13299390f5918990f8b79949791f0721be4116ecbcf1016cc608aa0455d56f16f5cea7786c688f523",,"2025-01-23T11:30:00.000","15","NO CONTROLS","NO CONTROLS","CLEAR","DAYLIGHT","SIDESWIPE SAME DIRECTION","PARKING LOT",,"STRAIGHT AND LEVEL","DRY","NO DEFECTS",,"NO INJURY / DRIVE AWAY",,,,"OVER $1,500","2025-01-23T11:45:00.000","UNABLE TO DETERMINE","NOT APPLICABLE","524","W","OHARE ST","1654",,,,,,,"2.0","1","NO INDICATION OF INJURY","0.0","0","0","0","0","2","0","11","5","X003702424",,,
"8032b8cdc11f17bc5dbaae6f6b2cc8002097b28cdd7db2c914ed6080d59196b13fcb84faa77bcc5305bec639cb3564e992d5ed0534d3f8b887362b32c27d3c8c",,"2025-01-31T16:44:00.000","30","NO CONTROLS","NO CONTROLS","CLEAR","DAYLIGHT","PARKED MOTOR VEHICLE","OTHER",,"STRAIGHT AND LEVEL","DRY","NO DEFECTS","ON SCENE","NO INJURY / DRIVE AWAY",,,,"OVER $1,500","2025-01-31T16:55:00.000","UNABLE TO DETERMINE","NOT APPLICABLE","5","W","TERMINAL ST","1655",,,,,,,"2.0","1","NO INDICATION OF INJURY","0.0","0","0","0","0","1","0","16","6","X003709991",,,
"4253af452fbdc508ed2ae579022edff057347d507505ee64eb42c2e6fb552cf15c3864562716e7b996a0c27ad19787f7af507ef5fef1a2256b3117402431b769",,"2021-05-09T07:15:00.000","20","NO CONTROLS","NO CONTROLS","RAIN","DAYLIGHT","FIXED OBJECT","NOT DIVIDED",,"STRAIGHT AND LEVEL","WET","NO DEFECTS","ON SCENE","NO INJURY / DRIVE AWAY",,,,"$501 - $1,500","2021-05-09T07:17:00.000","UNABLE TO DETERMINE","NOT APPLICABLE","1","W","PARKING LOT D ST","1654",,,,,,,"1.0","5","NO INDICATION OF INJURY","0.0","0","0","0","0","1","0","7","1","X002232853",,,
"d503008406ecfeab34da76375794b4be19bf4821841df55b7df285ba3942eab2ff0739d8c1dd492544cfca053b0ac6cfd648a05fcb618c3273265b2f6d90dbc9",,"2021-05-08T23:30:00.000","30","TRAFFIC SIGNAL","FUNCTIONING PROPERLY","RAIN","DARKNESS, LIGHTED ROAD","ANGLE","FOUR WAY",,"STRAIGHT AND LEVEL","WET","NO DEFECTS","ON SCENE","INJURY AND / OR TOW DUE TO CRASH","Y",,"Y","OVER $1,500","2021-05-08T23:30:00.000","FAILING TO REDUCE SPEED TO AVOID CRASH","OPERATING VEHICLE IN ERRATIC, RECKLESS, CARELESS, NEGLIGENT OR AGGRESSIVE MANNER","500","S","SACRAMENTO BLVD","1134","Y","Y",,,,,"2.0","5","REPORTED, NOT EVIDENT","1.0","0","0","0","1","2","0","23","7","X002231465",,,
"20359a28bd31d82e42bf48e3b457737e6831a442073891eb05ec332528f70eb5f63be1b35d3367f6374298bd273f4926da1787f27382607db7bc72ded46588bf",,"2021-05-04T07:30:00.000","30","NO CONTROLS","NO CONTROLS","CLEAR","DAYLIGHT","PARKED MOTOR VEHICLE","NOT DIVIDED",,"STRAIGHT AND LEVEL","DRY","UNKNOWN","NOT ON SCENE (DESK REPORT)","NO INJURY / DRIVE AWAY",,,"Y","OVER $1,500","2021-05-04T10:04:00.000","UNABLE TO DETERMINE","NOT APPLICABLE","599","S","MILLARD AVE","1133",,,,,,,"2.0","5","NO INDICATION OF INJURY","0.0","0","0","0","0","1","0","7","3","X002227040",,,
"e796871ba4875e404514279e55c5c6ccb48238804d5c941ec3a01e6db852e05c9ae9a49f82ea5f717aea8617925a0ab36e4edfec3c146147da15bc66ee1a8f20",,"2021-04-30T21:47:00.000","30","NO CONTROLS","NO CONTROLS","CLEAR","DARKNESS, LIGHTED ROAD","PARKED MOTOR VEHICLE","NOT DIVIDED",,"STRAIGHT ON GRADE","DRY","UNKNOWN","ON SCENE","NO INJURY / DRIVE AWAY",,,,"$500 OR LESS","2021-04-30T21:56:00.000","UNABLE TO DETERMINE","UNABLE TO DETERMINE","4007","W","24TH PL","1013",,,,,,,"3","4",,,,,,,,,"21","6","X002224340","41.846880416","-87.7249697968","POINT (-87.724969796799 41.846880415952)"
"778140540913d8f5ce04c2bd0308a3074c19da50ddb740e2932c70506db3f487f4459cb71b48603b4490970be710c4bccee8ab3a73007abd2059c344aaa0ef87",,"2021-06-13T19:00:00.000","25","NO CONTROLS","NO CONTROLS","CLEAR","DAYLIGHT","SIDESWIPE SAME DIRECTION","ONE-WAY",,"STRAIGHT AND LEVEL","DRY","UNKNOWN","NOT ON SCENE (DESK REPORT)","NO INJURY / DRIVE AWAY",,,,"OVER $1,500","2021-06-13T19:15:00.000","UNABLE TO DETERMINE","UNABLE TO DETERMINE","2","W","TERMINAL ST","1652",,,,,,,"2.0","6","NO INDICATION OF INJURY","0.0","0","0","0","0","2","0","19","1","X002270385",,,
"6a609ee55b28e5b5b8f3a9c428fc98f970c0a7911305b8b1ab777c7a9ca9c4cdcce439b6ae146ce143abb391da37d20cd4d42ddecfd6272eb5d262688945a2c1","Y","2021-05-21T08:50:00.000","30","UNKNOWN","UNKNOWN","CLEAR","DAYLIGHT","SIDESWIPE SAME DIRECTION","UNKNOWN",,"STRAIGHT AND LEVEL","DRY","UNKNOWN","NOT ON SCENE (DESK REPORT)","NO INJURY / DRIVE AWAY",,,,"$501 - $1,500","2021-05-21T16:00:00.000","UNABLE TO DETERMINE","UNABLE TO DETERMINE","360","W","LOWER WACKER DR","122",,,,,,,"2.0","5","NO INDICATION OF INJURY","0.0","0","0","0","0","2","0","8","6","X002245183",,,
"881155f5184db73f2be76f232df5e46c3a961de6b2d6f14f1a26e41d58a4fecdc19fa4c196963315d75f8198cc6f5e2594f215ec712a0a2c96d4db208536ade2",,"2021-04-29T15:00:00.000","20","NO CONTROLS","NO CONTROLS","CLEAR","DAYLIGHT","REAR END","ONE-WAY",,"STRAIGHT AND LEVEL","DRY","NO DEFECTS","NOT ON SCENE (DESK REPORT)","NO INJURY / DRIVE AWAY",,,"Y","OVER $1,500","2021-04-29T19:31:00.000","UNABLE TO DETERMINE","UNABLE TO DETERMINE","5500","S","WENTWORTH AVE","225",,,,,,,"2.0","4","NO INDICATION OF INJURY","0.0","0","0","0","0","2","0","15","5","X002222550",,,
"8b559c23577f249450d7fc86f411c84ad2cc13463e00fd55220c5e3898ff369df6a08d293a61adf3eeb0a229168a21d1c34cf41795ebfb3ed465f7e87442eacd",,"2021-06-04T08:00:00.000","35","NO CONTROLS","NO CONTROLS","CLEAR","DAYLIGHT","SIDESWIPE SAME DIRECTION","RAMP",,"STRAIGHT ON GRADE","DRY","UNKNOWN","NOT ON SCENE (DESK REPORT)","NO INJURY / DRIVE AWAY",,,,"OVER $1,500","2021-06-04T08:15:00.000","IMPROPER OVERTAKING/PASSING","OPERATING VEHICLE IN ERRATIC, RECKLESS, CARELESS, NEGLIGENT OR AGGRESSIVE MANNER","5500","S","WENTWORTH AVE","225",,,,,,,"2.0","6","NO INDICATION OF INJURY","0.0","0","0","0","0","2","0","8","6","X002258998",,,