"crash_record_id","crash_date_est_i","crash_date","posted_speed_limit","traffic_control_device","device_condition","weather_condition","lighting_condition","first_crash_type","trafficway_type","lane_cnt","alignment","roadway_surface_cond","road_defect","report_type","crash_type","intersection_related_i","private_property_i","hit_and_run_i","damage","date_police_notified","prim_contributory_cause","sec_contributory_cause","street_no","street_direction","street_name","beat_of_occurrence","photos_taken_i","statements_taken_i","dooring_i","work_zone_i","work_zone_type","workers_present_i","num_units","crash_month","most_severe_injury","injuries_total","injuries_fatal","injuries_incapacitating","injuries_non_incapacitating","injuries_reported_not_evident","injuries_no_indication","injuries_unknown","crash_hour","crash_day_of_week","idot_control_no","latitude","longitude","location"
"1784740117160c0daaf8d6c19b2b4f3043e78a1679a9519204966b193f45e37a687af6c626c15e2da40be4b8622051f65a740465a425824b6b7625176992afbd",,"2021-05-29T14:27:00.000","30","TRAFFIC SIGNAL","FUNCTIONING IMPROPERLY","CLEAR","DAYLIGHT","PEDALCYCLIST","FOUR WAY",,"STRAIGHT AND LEVEL","DRY","NO DEFECTS","ON SCENE","NO INJURY / DRIVE AWAY","Y",,"Y","$500 OR LESS","2021-05-29T14:30:00.000","FAILING TO YIELD RIGHT-OF-WAY","FAILING TO YIELD RIGHT-OF-WAY","2199","E","HAYES DR","331",,,,,,,"2.0","5","NO INDICATION OF INJURY","0.0","0","0","0","0","2","0","14","7","X002253057",,,
"d2fffcb08ea5e96762672ba66e74489d47f365415c076334209b1a43ea354c790f2222884454f264c4a3780ef78a5cf38f4f9f367040e220f0b481dd1024580b",,"2021-05-19T16:41:00.000","30","TRAFFIC SIGNAL","FUNCTIONING PROPERLY","CLOUDY/OVERCAST","DAYLIGHT","TURNING","NOT DIVIDED",,"STRAIGHT ON GRADE","DRY","NO DEFECTS","ON SCENE","INJURY AND / OR TOW DUE TO CRASH","Y",,,"OVER $1,500","2021-05-19T16:41:00.000","IMPROPER TURNING/NO SIGNAL","NOT APPLICABLE","5900","S","WENTWORTH AVE","232",,,,,,,"2.0","5","NO INDICATION OF INJURY","0.0","0","0","0","0","4","0","16","4","X002242488",,,
"c77f564e535edd303dd9b7dcfa5cb0c619b657dbf4d41f710fb595552624740ab347d026312be96b112829d05d986314b743d1753d4e3e6dee9f8b56bd72fc50",,"2021-05-06T07:00:00.000","15","NO CONTROLS","NO CONTROLS","RAIN","DAYLIGHT","REAR TO SIDE","PARKING LOT",,"STRAIGHT AND LEVEL","WET","NO DEFECTS","ON SCENE","NO INJURY / DRIVE AWAY",,,,"$500 OR LESS","2021-05-06T07:11:00.000","IMPROPER BACKING","NOT APPLICABLE","1380","W","LAKE ST","1215",,,,,,,"2","5","NO INDICATION OF INJURY","0","0","0","0","0","2","0","7","5","X002229180","41.885535212","-87.6618972478","POINT (-87.66189724784 41.885535211997)"
"54121470f3e9c419a66dcd06020fad743259cf4b808312c2b81eae6062d84d1f875be9012c3014085469db65203a703862195906f5ff77fbeaeae7961a03a740",,"2021-06-09T17:32:00.000","35","TRAFFIC SIGNAL","FUNCTIONING PROPERLY","CLEAR","DAYLIGHT","REAR END","DIVIDED - W/MEDIAN BARRIER",,"STRAIGHT AND LEVEL","DRY","NO DEFECTS","ON SCENE","INJURY AND / OR TOW DUE TO CRASH","Y",,,"OVER $1,500","2021-06-09T17:32:00.000","IMPROPER LANE USAGE","FAILING TO REDUCE SPEED TO AVOID CRASH","6299","S","LAKE SHORE DR","331",,,,,,,"5.0","6","INCAPACITATING INJURY","2.0","0","1","1","0","5","0","17","4","X002265303",,,
"7bbb3d93183c2cbf54170034cd5a0ba2fed98cad769ae72fd0e67f4dc1c6aa7c800623cd593451cf22a3d88931a56729df4358e31e54090bf5b4307e7b83ca90",,"2021-04-27T21:29:00.000","30","TRAFFIC SIGNAL","FUNCTIONING PROPERLY","CLEAR","DARKNESS, LIGHTED ROAD","TURNING","DIVIDED - W/MEDIAN (NOT RAISED)",,"STRAIGHT AND LEVEL","DRY","NO DEFECTS","ON SCENE","INJURY AND / OR TOW DUE TO CRASH",,,,"OVER $1,500","2021-04-27T21:40:00.000","EQUIPMENT - VEHICLE CONDITION","UNABLE TO DETERMINE","3100","N","HALSTED ST","1933",,,,,,,"2.0","4","NONINCAPACITATING INJURY","2.0","0","0","2","0","1","0","21","3","X002221171",,,
"2b8cc179bb8017909ed317138cbc8e5c794bca6492301406c57482b17d0ff73761d9cbb7354bb5626f9d50d808df1ef79603833b778c75e4d61544c300cf00d8",,"2021-04-28T09:25:00.000","15","NO CONTROLS","NO CONTROLS","CLOUDY/OVERCAST","DAYLIGHT","TURNING","PARKING LOT",,"STRAIGHT AND LEVEL","DRY","NO DEFECTS","ON SCENE","INJURY AND / OR TOW DUE TO CRASH",,,,"OVER $1,500","2021-04-28T09:26:00.000","UNABLE TO DETERMINE","NOT APPLICABLE","804","W","OHARE ST","1654",,,,,,,"2.0","4","REPORTED, NOT EVIDENT","1.0","0","0","0","1","1","0","9","4","X002221763",,,
"18f0fea3226ee749c0dfb024685cc2b4a88d600f5e4e89aa8628fc57e551a869dd24326bed5da2c8c602e712d697bb8683454e5632983a1de6b0b5943db8b5ca",,"2021-04-29T14:18:00.000","30","TRAFFIC SIGNAL","FUNCTIONING PROPERLY","CLEAR","DAYLIGHT","SIDESWIPE SAME DIRECTION","DIVIDED - W/MEDIAN BARRIER",,"STRAIGHT AND LEVEL","DRY","NO DEFECTS","ON SCENE","NO INJURY / DRIVE AWAY",,,"Y","OVER $1,500","2021-04-29T14:47:00.000","FAILING TO YIELD RIGHT-OF-WAY","IMPROPER LANE USAGE","5528","N","HARLEM AVE","1613",,,,,,,"2.0","4","NO INDICATION OF INJURY","0.0","0","0","0","0","2","0","14","5","X002222408",,,
"e6bdca496a20ca4447a3db8ed1c03d843e8ee3273dff99fa71a7ea27ddda2d7e70df32aed6139c49d77fc619085e00cc28ce1d58e956750c6a5c4af1e060f364",,"2021-06-14T13:00:00.000","25","NO CONTROLS","NO CONTROLS","CLEAR","DAYLIGHT","SIDESWIPE SAME DIRECTION","ONE-WAY",,"CURVE, LEVEL","DRY","SHOULDER DEFECT","ON SCENE","NO INJURY / DRIVE AWAY",,,,"OVER $1,500","2021-06-14T13:01:00.000","IMPROPER LANE USAGE","NOT APPLICABLE","100","W","OUTER ARRIVAL DR IB","1654",,,,,,,"2.0","6","NO INDICATION OF INJURY","0.0","0","0","0","0","3","0","13","2","X002272595",,,
"c276de16b372cf1a336b37f1e50e44e24be200d6d70fa16b6ad8bfcf381840ad455e5dee668c33684146460f67a72f12410006fb77c973da9e7d8682765cadc7",,"2021-06-09T17:10:00.000","30","UNKNOWN","UNKNOWN","UNKNOWN","UNKNOWN","ANGLE","UNKNOWN",,"STRAIGHT AND LEVEL","UNKNOWN","UNKNOWN","NOT ON SCENE (DESK REPORT)","NO INJURY / DRIVE AWAY",,,,"OVER $1,500","2021-06-09T18:00:00.000","UNABLE TO DETERMINE","NOT APPLICABLE","8200","W","IRVING PARK RD","1614",,,,,,,"2","6","NO INDICATION OF INJURY","0","0","0","0","0","3","0","17","4","X002267697","41.9522720254","-87.8318594683","POINT (-87.831859468272 41.9522720254)"
"daeef31b74d6690d9e71f18c71d86a61b98dae4c03aed8923a78e6d85aabb3ab8873894a0ae969ac2757e73fb3eeb57c18b8571a52f31b7da41d546ba33a8c44",,"2021-06-04T07:05:00.000","15","NO CONTROLS","NO CONTROLS","CLEAR","DAYLIGHT","TURNING","PARKING LOT",,"STRAIGHT ON GRADE","DRY","NO DEFECTS","ON SCENE","NO INJURY / DRIVE AWAY","Y",,,"OVER $1,500","2021-06-04T07:15:00.000","FAILING TO YIELD RIGHT-OF-WAY","IMPROPER TURNING/NO SIGNAL","1","W","PARKING LOT C ST","1654",,,,,,,"2.0","6","NO INDICATION OF INJURY","0.0","0","0","0","0","2","0","7","6","X002260015",,,
"57c26c1e5f1db68e69e757c0d876131ba4ca7fbfe9d2fb74737dd0a3b46874ecd74998013adf916e7d176d92266dbc3359be732601636624fc472d21c65d5aa7",,"2021-04-25T21:28:00.000","5","NO CONTROLS","NO CONTROLS","CLEAR","DARKNESS, LIGHTED ROAD","FIXED OBJECT","PARKING LOT",,"STRAIGHT AND LEVEL","DRY","NO DEFECTS","ON SCENE","NO INJURY / DRIVE AWAY",,,,"$500 OR LESS","2021-05-02T21:28:00.000","UNABLE TO DETERMINE","NOT APPLICABLE","524","W","OHARE ST","1654",,,,,,,"1.0","4","NO INDICATION OF INJURY","0.0","0","0","0","0","1","0","21","1","X002225142",,,
"28de90d7bebe07e859956a21e2031b776f5a264823de0bfe9376c04c21ed4ed593cb1e5187a0fa545106177abfd46f6415f9553314533d1854d1661868e81728",,"2021-06-09T13:55:00.000","25","STOP SIGN/FLASHER","FUNCTIONING PROPERLY","CLEAR","DAYLIGHT","SIDESWIPE SAME DIRECTION","NOT DIVIDED",,"CURVE ON GRADE","DRY","NO DEFECTS","NOT ON SCENE (DESK REPORT)","NO INJURY / DRIVE AWAY",,,,"OVER $1,500","2021-06-10T14:00:00.000","IMPROPER OVERTAKING/PASSING","IMPROPER BACKING","523","W","OHARE ST","1654",,,,,,,"2.0","6","NO INDICATION OF INJURY","0.0","0","0","0","0","2","0","13","4","X002266620",,,
"dd3d7f8809b49491797c2419925c04758a5380f5be09c5943b20ca41784b2cc9f7363319377006087d0bdc9e29165802642f5e16b6045c99bea6416899d2df79",,"2021-05-07T12:30:00.000","15","NO CONTROLS","NO CONTROLS","CLEAR","DAYLIGHT","PARKED MOTOR VEHICLE","NOT DIVIDED",,"STRAIGHT AND LEVEL","DRY","NO DEFECTS","ON SCENE","NO INJURY / DRIVE AWAY",,"Y",,"$501 - $1,500","2021-05-07T12:52:00.000","UNABLE TO DETERMINE","UNABLE TO DETERMINE","516","W","OHARE ST","1654",,,,,,,"2.0","5","NO INDICATION OF INJURY","0.0","0","0","0","0","2","0","12","6","X002230437",,,
"d5bd603c494271cf5de296e971da567e49470196137e1d658923d72da70c980abbe93ed2c7aad754c6020eb712cded78fd30f65cae1bb916ee90e425c2d74f97",,"2021-05-25T12:52:00.000","30","NO CONTROLS","NO CONTROLS","CLEAR","DAYLIGHT","PARKED MOTOR VEHICLE","OTHER",,"STRAIGHT AND LEVEL","UNKNOWN","UNKNOWN","ON SCENE","NO INJURY / DRIVE AWAY",,,,"OVER $1,500","2021-05-25T12:54:00.000","UNABLE TO DETERMINE","UNABLE TO DETERMINE","2643","N","CLARK ST","1935",,,,,,,"2","5",,,,,,,,,"12","3","X002248647","41.9307787217","-87.6437819717","POINT (-87.64378197171 41.930778721657)"
"fee32dbbad9fb1d92013682a5e83f8bf98a919d3170d6ad80552a3287afae073b062392bf1e4d5829d9e0be05e93e2b856a342bf0b652cc14527bcbaf968ca50",,"2021-06-14T01:00:00.000","30","TRAFFIC SIGNAL","FUNCTIONING PROPERLY","CLEAR","DARKNESS, LIGHTED ROAD","REAR END","FOUR WAY",,"STRAIGHT AND LEVEL","DRY","NO DEFECTS","ON SCENE","INJURY AND / OR TOW DUE TO CRASH","Y",,,"OVER $1,500","2021-06-14T01:03:00.000","FAILING TO REDUCE SPEED TO AVOID CRASH","FAILING TO REDUCE SPEED TO AVOID CRASH","7198","W","ARCHER AVE","811",,,,,,,"2.0","6","NO INDICATION OF INJURY","0.0","0","0","0","0","3","0","1","2","X002269702",,,
"77cd20a352b89669efed93e471ea06ffe68507f7b93419d0a962aa14d917d372c4e5e3e7b57124af3491ddf1ac7ae80a6954bcfd20f70bf860a95f4ad83e6f11",,"2021-04-29T13:50:00.000","30","NO CONTROLS","NO CONTROLS","CLEAR","DAYLIGHT","SIDESWIPE SAME DIRECTION","ONE-WAY",,"STRAIGHT AND LEVEL","DRY","UNKNOWN","NOT ON SCENE (DESK REPORT)","NO INJURY / DRIVE AWAY",,,,"OVER $1,500","2021-04-29T14:30:00.000","FOLLOWING TOO CLOSELY","UNABLE TO DETERMINE","3","W","TERMINAL ST","1653",,,,,,,"2.0","4","NO INDICATION OF INJURY","0.0","0","0","0","0","2","0","13","5","X002223115",,,
"5599e1ba0451cbc2681fabc2ff94ffc89437f5aae3a6de5c095892db985b74844a4637f2942e3f7ca29969231252502bc36b6913b212aa740ad1c3b223339361",,"2021-05-01T10:45:00.000","30","NO CONTROLS","NO CONTROLS","CLEAR","DAYLIGHT","SIDESWIPE SAME DIRECTION","ONE-WAY",,"STRAIGHT AND LEVEL","DRY","NO DEFECTS","ON SCENE","NO INJURY / DRIVE AWAY",,,,"$500 OR LESS","2021-05-01T10:48:00.000","IMPROPER LANE USAGE","NOT APPLICABLE","1","W","TERMINAL ST","1651",,,,,,,"2.0","5","NO INDICATION OF INJURY","0.0","0","0","0","0","2","0","10","7","X002224551",,,
"f938ede836d69b23dbeb97c478e8e794cb1d5c1da101fd517b705acff2d80fdb319086b86fc9ea998aabbe3d7aa97ccb3ad8813ed28b526b80ebbb1242b45099",,"2021-04-28T09:45:00.000","30","TRAFFIC SIGNAL","FUNCTIONING PROPERLY","CLOUDY/OVERCAST","DAYLIGHT","REAR END","RAMP",,"CURVE, LEVEL","DRY","NO DEFECTS","ON SCENE","NO INJURY / DRIVE AWAY",,,,"OVER $1,500","2021-04-28T09:47:00.000","FOLLOWING TOO CLOSELY","DRIVING SKILLS/KNOWLEDGE/EXPERIENCE","102","W","I190 EXPY","1654",,,,,,,"2.0","4","NO INDICATION OF INJURY","0.0","0","0","0","0","3","0","9","4","X002221764",,,
"ba6e8cc67344c713510aa6ff7ce81e04b310a59c3222ed168cb8101af70ad68c6aba270437ab9e3823d8acd9096a6dda93e25a7391493b1acd07a09bb98aa1bc",,"2021-05-13T13:50:00.000","15","NO CONTROLS","NO CONTROLS","CLEAR","DAYLIGHT","REAR TO REAR","PARKING LOT",,"STRAIGHT AND LEVEL","DRY","NO DEFECTS","ON SCENE","NO INJURY / DRIVE AWAY",,,,"$500 OR LESS","2021-05-13T13:55:00.000","IMPROPER BACKING","NOT APPLICABLE","1","W","PARKING LOT B ST","1654",,,,,,,"2.0","5","NO INDICATION OF INJURY","0.0","0","0","0","0","2","0","13","5","X002237024",,,
"c49a6e79e2f19118486fbc4bf22767f9b0fe751e67228fa36d29b557f7b2616d91eec7f673787b1fc3384bfda521ce00a79cbacd41f49a96fed761fb65a476c1",,"2021-06-10T15:10:00.000","10","NO CONTROLS","NO CONTROLS","CLEAR","DAYLIGHT","SIDESWIPE SAME DIRECTION","NOT DIVIDED",,"STRAIGHT AND LEVEL","DRY","NO DEFECTS","ON SCENE","NO INJURY / DRIVE AWAY",,,,"$501 - $1,500","2021-06-10T15:11:00.000","DRIVING SKILLS/KNOWLEDGE/EXPERIENCE","NOT APPLICABLE","1","W","PARKING LOT A ST","1654",,,,,,,"2.0","6","NO INDICATION OF INJURY","0.0","0","0","0","0","2","0","15","5","X002266619",,,
"b3d2ba9aeb834b567ff3489aa68eedd7594d689d52c06b3a3e93042a5c80d3fe15d008a03c459952d31e8a906124a4f73db88765eda6b58cf398f5a04c0ec89e",,"2021-07-10T08:14:00.000","30","TRAFFIC SIGNAL","FUNCTIONING PROPERLY","CLEAR","DAYLIGHT","REAR END","DIVIDED - W/MEDIAN (NOT RAISED)",,"STRAIGHT AND LEVEL","WET","NO DEFECTS","NOT ON SCENE (DESK REPORT)","NO INJURY / DRIVE AWAY","Y",,,"$500 OR LESS","2021-07-10T17:00:00.000","FOLLOWING TOO CLOSELY","UNABLE TO DETERMINE","4323","W","ADDISON ST","1731",,,,,,,"2.0","7","NO INDICATION OF INJURY","0.0","0","0","0","0","2","0","8","7","X002299480","41.9461533472","-87.7361555421","POINT (-87.736155542106 41.946153347247)"
"b338cc0f2dc6ca1269f88d94058c722a5f6cd273879acb650fd8bbe9686f160249eafab252eb6b680a7b1c4fc884f79755ec77d960c7c526e761972d66d49d96",,"2021-05-28T13:07:00.000","30","NO CONTROLS","NO CONTROLS","RAIN","DAYLIGHT","SIDESWIPE SAME DIRECTION","ONE-WAY",,"STRAIGHT AND LEVEL","WET","NO DEFECTS","ON SCENE","NO INJURY / DRIVE AWAY",,,,"OVER $1,500","2021-05-28T13:15:00.000","UNABLE TO DETERMINE","UNABLE TO DETERMINE","2","W","TERMINAL ST","1652",,,,,,,"2.0","5","NO INDICATION OF INJURY","0.0","0","0","0","0","3","0","13","6","X002253432",,,
"23ab49a93827bcdfc7a04a9e7350cba4c5afb3c62cc21137987dfbdcd7af09713becc01951c191953f5c633b294ce6cf12f4d40a9169b955732762d9289784bd",,"2021-08-08T12:38:00.000","30","TRAFFIC SIGNAL","FUNCTIONING PROPERLY","CLEAR","DAYLIGHT","TURNING","FOUR WAY",,"STRAIGHT AND LEVEL","DRY","NO DEFECTS","NOT ON SCENE (DESK REPORT)","NO INJURY / DRIVE AWAY",,,,"OVER $1,500","2021-08-08T14:20:00.000","DISTRACTION - FROM OUTSIDE VEHICLE","DISTRACTION - FROM OUTSIDE VEHICLE","5500","S","WENTWORTH AVE","225",,,,,,,"2.0","8","NO INDICATION OF INJURY","0.0","0","0","0","0","3","0","12","1","X002329275",,,
"987e0f5b9df5c260dfc163ae8e4dd28fb7c28e584e85540b72f8b293a462873995fa1b0af7a3507f472af7fdbcf67b204a2d028938a2ee4c0311c4573b73d84f",,"2021-07-04T05:30:00.000","30","TRAFFIC SIGNAL","FUNCTIONING PROPERLY","CLEAR","DAYLIGHT","TURNING","FOUR WAY",,"STRAIGHT ON HILLCREST","DRY","NO DEFECTS","NOT ON SCENE (DESK REPORT)","NO INJURY / DRIVE AWAY","Y",,,"OVER $1,500","2021-07-04T05:50:00.000","OPERATING VEHICLE IN ERRATIC, RECKLESS, CARELESS, NEGLIGENT OR AGGRESSIVE MANNER","UNABLE TO DETERMINE","801","S","AUSTIN BLVD","1513",,,,,,,"2.0","7","NO INDICATION OF INJURY","0.0","0","0","0","0","2","0","5","1","X002292429",,,
"6ecfc03833e0a4c8e85efda8e26ee10b8136aa7a2ea2f109dce5d08f7cec220bbe6a9f657161ba60860bbbdb7c28263b7e51553b2eec6a691b0e5241b9bc53d1",,"2021-06-11T07:49:00.000","35","STOP SIGN/FLASHER","FUNCTIONING PROPERLY","CLEAR","DAYLIGHT","TURNING","T-INTERSECTION",,"STRAIGHT AND LEVEL","DRY","UNKNOWN","ON SCENE","NO INJURY / DRIVE AWAY","Y",,,"$501 - $1,500","2021-06-11T08:00:00.000","FAILING TO YIELD RIGHT-OF-WAY","NOT APPLICABLE","4323","W","ADDISON ST","1731",,,,,,,"2.0","6","NO INDICATION OF INJURY","0.0","0","0","0","0","2","0","7","6","X002267152","41.9461533472","-87.7361555421","POINT (-87.736155542106 41.946153347247)"
"92aaa05a1c67c636cdbeb472968d2eab15a93141e9ad5cd06e5da5b3226408d0f19dc0bb8f5ea3cf544593f16e670376e728671195c57b3332f9920e7a82df6a",,"2021-06-23T11:30:00.000","25","NO CONTROLS","NO CONTROLS","CLOUDY/OVERCAST","DAYLIGHT","REAR TO FRONT","NOT DIVIDED",,"STRAIGHT AND LEVEL","DRY","NO DEFECTS","ON SCENE","INJURY AND / OR TOW DUE TO CRASH","Y",,,"OVER $1,500","2021-06-23T11:30:00.000","IMPROPER BACKING","NOT APPLICABLE","1902","S","CANAL ST","1235",,,,,,,"2.0","6","NONINCAPACITATING INJURY","1.0","0","0","1","0","1","0","11","4","X002281165",,,
"24ee62325e1907389cc0e1169e17c1dd85e7a1e32b22c1ee9345be8a40683ac9e39122ee339ef4314d755c73cf9b23c6e4d24e20f96c7e4b9eb01688c97ef92f",,"2021-06-18T21:45:00.000","20","NO CONTROLS","NO CONTROLS","CLEAR","DARKNESS, LIGHTED ROAD","SIDESWIPE SAME DIRECTION","ONE-WAY",,"STRAIGHT AND LEVEL","DRY","NO DEFECTS","ON SCENE","NO INJURY / DRIVE AWAY",,,,"OVER $1,500","2021-06-18T22:00:00.000","IMPROPER LANE USAGE","NOT APPLICABLE","3","W","TERMINAL ST","1653",,,,,,,"2.0","6","NO INDICATION OF INJURY","0.0","0","0","0","0","2","0","21","6","X002276812",,,
"c908ee5668ec39dbdd72ecc7a2388b172ff42be268c84ef2ecd20e8d625d961aaff4f8e42a68d561a38570841470a1fa6dfa43a81a24446aa9173d43416802bb",,"2021-06-15T21:20:00.000","25","TRAFFIC SIGNAL","FUNCTIONING PROPERLY","CLEAR","DARKNESS, LIGHTED ROAD","TURNING","NOT DIVIDED",,"STRAIGHT AND LEVEL","DRY","NO DEFECTS","ON SCENE","INJURY AND / OR TOW DUE TO CRASH","Y",,,"$501 - $1,500","2021-06-15T21:30:00.000","NOT APPLICABLE","NOT APPLICABLE","162","N","BESSIE COLEMAN DR","1654",,,,,,,"2.0","6","NO INDICATION OF INJURY","0.0","0","0","0","0","2","0","21","3","X002273289",,,
"22658adc5a05e6c34a924fb349556687c9272a0464cd5924f5444a151de4cf66446e47e34f58fe4d0ddf05b4199ce9e549a4c74ab49ac534b79d1d0c57a77485",,"2021-06-27T06:58:00.000","35","TRAFFIC SIGNAL","FUNCTIONING PROPERLY","CLOUDY/OVERCAST","DAYLIGHT","PEDALCYCLIST","DIVIDED - W/MEDIAN BARRIER",,"STRAIGHT AND LEVEL","DRY","NO DEFECTS","ON SCENE","INJURY AND / OR TOW DUE TO CRASH","Y",,,"OVER $1,500","2021-06-27T07:05:00.000","DISREGARDING TRAFFIC SIGNALS","FAILING TO YIELD RIGHT-OF-WAY","5466","S","WENTWORTH AVE","225",,,,,,,"2.0","6","NONINCAPACITATING INJURY","1.0","0","0","1","0","3","0","6","1","X002284973",,,
"417202b659be7d99ccdc1518a3543c2cd5b29986db0c9c71323d18e25df286b50c2acba1beb430c05dadc346cd08b82e23cb1d3fd4165ba8a59d1eedc096d9b0",,"2021-06-12T15:15:00.000","30","TRAFFIC SIGNAL","FUNCTIONING PROPERLY","CLEAR","DAYLIGHT","SIDESWIPE SAME DIRECTION","NOT DIVIDED",,"STRAIGHT AND LEVEL","DRY","NO DEFECTS","NOT ON SCENE (DESK REPORT)","NO INJURY / DRIVE AWAY","Y",,,"OVER $1,500","2021-06-12T15:45:00.000","UNABLE TO DETERMINE","UNABLE TO DETERMINE","349","N","LOWER COLUMBUS DR","114",,,,,,,"2.0","6","NO INDICATION OF INJURY","0.0","0","0","0","0","2","0","15","7","X002268610",,,
"6afc4fd7f354a6373d6d6d22e9ac29dbaf3920952f6128b939b1fafe00f4c6ad322bb3fcf8fc98f747fe40a7d235315a87252949ca44dbe8ad870e59e4f76895",,"2021-06-24T14:15:00.000","45","TRAFFIC SIGNAL","FUNCTIONING PROPERLY","UNKNOWN","UNKNOWN","SIDESWIPE SAME DIRECTION","DIVIDED - W/MEDIAN (NOT RAISED)",,"STRAIGHT AND LEVEL","UNKNOWN","UNKNOWN","NOT ON SCENE (DESK REPORT)","NO INJURY / DRIVE AWAY",,,,"OVER $1,500","2021-07-01T07:30:00.000","UNABLE TO DETERMINE","UNABLE TO DETERMINE","6299","S","LAKE SHORE DR","331",,,,,,,"2.0","6","NO INDICATION OF INJURY","0.0","0","0","0","0","2","0","14","5","X002289626",,,
"9c09a0b019ba7cc2fd04ac36581c1a3fc790da2fae68a356810c52f8a37df42c52695ef2904efe4b04f5676985f37e81359360125acdb51ef36509520320c67d",,"2021-06-03T15:00:00.000","30","NO CONTROLS","NO CONTROLS","CLEAR","DAYLIGHT","TURNING","FOUR WAY",,"STRAIGHT AND LEVEL","DRY","NO DEFECTS","NOT ON SCENE (DESK REPORT)","NO INJURY / DRIVE AWAY",,,"Y","OVER $1,500","2021-06-03T15:35:00.000","FAILING TO YIELD RIGHT-OF-WAY","DISREGARDING STOP SIGN","5500","S","WENTWORTH AVE","225",,,,,,,"2.0","6","NO INDICATION OF INJURY","0.0","0","0","0","0","2","0","15","5","X002258374",,,
"4e57e22e21697a0862e8eabbd24b8c991e93bd9300b1268d28964ca7a8e83f77e0a33e170d9500ef41e462cd3f240f200ebd0d0db586b9d2de19455e9a06ec6d",,"2021-06-27T16:00:00.000","25","NO CONTROLS","NO CONTROLS","CLEAR","DAYLIGHT","FIXED OBJECT","OTHER",,"CURVE, LEVEL","DRY","NO DEFECTS","ON SCENE","NO INJURY / DRIVE AWAY",,,,"$500 OR LESS","2021-06-27T16:10:00.000","FAILING TO YIELD RIGHT-OF-WAY","NOT APPLICABLE","3","W","TERMINAL ST","1653",,,,,,,"2.0","6","NO INDICATION OF INJURY","0.0","0","0","0","0","5","0","16","1","X002291244",,,
"bc4f28a8d6f5cb49d0b7e86b7cb11ca2337be6346868e22e1e01affe7bc36804a4e98aeff0889f508c68a918caa7afb4ee9779b16808ea68abcf8697f33bd86f",,"2021-06-23T20:25:00.000","45","NO CONTROLS","NO CONTROLS","CLEAR","DAYLIGHT","OTHER OBJECT","DIVIDED - W/MEDIAN BARRIER",,"STRAIGHT AND LEVEL","DRY","NO DEFECTS","ON SCENE","INJURY AND / OR TOW DUE TO CRASH",,,,"OVER $1,500","2021-06-23T20:33:00.000","UNABLE TO DETERMINE","NOT APPLICABLE","9200","S","CHICAGO SKYWAY OB","423",,,,,,,"1.0","6","REPORTED, NOT EVIDENT","6.0","0","0","0","6","0","0","20","4","X002285220",,,
"3e37af836cdb8dff31d5fc2ff9a39bca2633633a5dde24a643dd603961f6ca5a1fd3818aa18cb96f085796d1e6818dcce3bba2ecc585a3d4008a6417fa3d30a7",,"2021-06-06T15:38:00.000","35","NO CONTROLS","NO CONTROLS","CLEAR","DAYLIGHT","ANGLE","DIVIDED - W/MEDIAN BARRIER",,"CURVE, LEVEL","DRY","NO DEFECTS","ON SCENE","NO INJURY / DRIVE AWAY","Y",,,"OVER $1,500","2021-06-06T15:39:00.000","OPERATING VEHICLE IN ERRATIC, RECKLESS, CARELESS, NEGLIGENT OR AGGRESSIVE MANNER","NOT APPLICABLE","26","N","BESSIE COLEMAN DR","1654",,,,,,,"2.0","6","NO INDICATION OF INJURY","0.0","0","0","0","0","2","0","15","1","X002262421",,,
"e3d79f877acd3b3024cee18534d3271f4557f9758b837e630f82508e5158a41a57bfcedc7732168226b6089d3693fdb23a737d6bf57fee57f6baea57578a36a8",,"2021-06-13T18:00:00.000","10","NO CONTROLS","NO CONTROLS","CLEAR","DAYLIGHT","ANGLE","PARKING LOT",,"STRAIGHT AND LEVEL","DRY","NO DEFECTS","ON SCENE","NO INJURY / DRIVE AWAY",,"Y",,"OVER $1,500","2021-06-13T18:09:00.000","UNABLE TO DETERMINE","NOT APPLICABLE","5431","N","EAST RIVER RD","1614",,,,,,,"2","6","NO INDICATION OF INJURY","0","0","0","0","0","2","0","18","1","X002269510","41.9779554652","-87.8463198883","POINT (-87.846319888343 41.977955465241)"