"crash_record_id","crash_date_est_i","crash_date","posted_speed_limit","traffic_control_device","device_condition","weather_condition","lighting_condition","first_crash_type","trafficway_type","lane_cnt","alignment","roadway_surface_cond","road_defect","report_type","crash_type","intersection_related_i","private_property_i","hit_and_run_i","damage","date_police_notified","prim_contributory_cause","sec_contributory_cause","street_no","street_direction","street_name","beat_of_occurrence","photos_taken_i","statements_taken_i","dooring_i","work_zone_i","work_zone_type","workers_present_i","num_units","crash_month","most_severe_injury","injuries_total","injuries_fatal","injuries_incapacitating","injuries_non_incapacitating","injuries_reported_not_evident","injuries_no_indication","injuries_unknown","crash_hour","crash_day_of_week","idot_control_no","latitude","longitude","location"
"7229b8e72d716fc51d45d765c2035a58bcc09060a4323b40a76dcdb9f94c20c49601682f59efb20b3c53af09bbca3b600eef290ea6a6a1f3549592205a0a3b3c",,"2021-06-01T02:05:00.000","25","NO CONTROLS","NO CONTROLS","CLEAR","DARKNESS, LIGHTED ROAD","PARKED MOTOR VEHICLE","NOT DIVIDED",,"STRAIGHT AND LEVEL","DRY","NO DEFECTS","ON SCENE","NO INJURY / DRIVE AWAY",,,"Y","OVER $1,500","2021-06-01T02:30:00.000","IMPROPER BACKING","NOT APPLICABLE","141","W","46TH ST","215",,,,,,,"2.0","6","NO INDICATION OF INJURY","0.0","0","0","0","0","1","0","2","3","X002255039",,,
"25432abc9cff1d99ad3dce06242dd3671446e7f96c70e8839000e06a5484bfb6346d387794e591f74299f92d6631e09b79b827a54f683dcbfb3c43eece8cb5d9",,"2021-05-31T19:00:00.000","30","NO CONTROLS","NO CONTROLS","CLEAR","DAYLIGHT","REAR END","ONE-WAY",,"STRAIGHT AND LEVEL","DRY","NO DEFECTS","ON SCENE","NO INJURY / DRIVE AWAY","Y",,,"$501 - $1,500","2021-05-31T19:01:00.000","NOT APPLICABLE","NOT APPLICABLE","5499","N","KENMORE AVE","2023",,,,,,,"2","5","NO INDICATION OF INJURY","0","0","0","0","0","3","0","19","2","X002254931","41.9817669141","-87.6564160425","POINT (-87.656416042457 41.981766914093)"
"37365aea28a42dbcf1f5eae0f19699d3d8da838eb52bd57556823837b55085c7806c2f344a6e2598362ce3aa22c78876d7764ecf49d0804fb1b774dc9edcf1a0",,"2021-07-02T14:45:00.000","30","NO CONTROLS","NO CONTROLS","CLEAR","DAYLIGHT","SIDESWIPE SAME DIRECTION","DIVIDED - W/MEDIAN BARRIER",,"STRAIGHT AND LEVEL","DRY","NO DEFECTS","ON SCENE","INJURY AND / OR TOW DUE TO CRASH",,,,"$501 - $1,500","2021-07-02T14:45:00.000","IMPROPER LANE USAGE","NOT APPLICABLE","15","N","BESSIE COLEMAN DR","1654",,,,,,,"2.0","7","NO INDICATION OF INJURY","0.0","0","0","0","0","2","0","14","6","X002291245",,,
"1a61ac2d9a5e14c54290ae3c13a0859a3522ca3ed34e6e787a2350c7d555a64e453a5ce3e7cd24d5916742f453a7c0d09a6a3929986acc74e64e63f109f483d4",,"2021-06-01T14:30:00.000","25","NO CONTROLS","NO CONTROLS","CLEAR","DAYLIGHT","SIDESWIPE SAME DIRECTION","ONE-WAY",,"STRAIGHT AND LEVEL","DRY","NO DEFECTS",,"INJURY AND / OR TOW DUE TO CRASH",,,,"$501 - $1,500","2021-06-01T15:08:00.000","NOT APPLICABLE","NOT APPLICABLE","515","S","SACRAMENTO BLVD","1135",,,,,,,"2.0","6","INCAPACITATING INJURY","1.0","0","1","0","0","1","0","14","3","X002255859",,,
"fe5d3887f9fa3f791f54bb48d08651c0af1d2405545beb50debc593e89051bdb045c00e21db04e71e382068db8508bcae51a48c3076ce525b2f31075278d1682",,"2021-06-21T10:25:00.000","25","NO CONTROLS","NO CONTROLS","CLEAR","DAYLIGHT","SIDESWIPE SAME DIRECTION","ONE-WAY",,"STRAIGHT AND LEVEL","DRY","NO DEFECTS","ON SCENE","INJURY AND / OR TOW DUE TO CRASH",,,,"OVER $1,500","2021-06-21T10:30:00.000","IMPROPER LANE USAGE","DRIVING SKILLS/KNOWLEDGE/EXPERIENCE","3","W","TERMINAL ST","1653",,,,,,,"2.0","6","REPORTED, NOT EVIDENT","1.0","0","0","0","1","1","0","10","2","X002279355",,,
"b2e17bee296801fe821c700c55b0ef343c4a7fb634f03f7b31f3a72933a031a87971a5f12794909f26eacad55fcb89468e800d7f18a72bbe1d4452b351742a76",,"2021-06-18T06:00:00.000","30","NO CONTROLS","NO CONTROLS","RAIN","DAWN","REAR END","NOT DIVIDED",,"STRAIGHT AND LEVEL","WET","NO DEFECTS","ON SCENE","INJURY AND / OR TOW DUE TO CRASH","Y",,"Y","OVER $1,500","2021-06-18T07:49:00.000","WEATHER","NOT APPLICABLE","4700","W","FIFTH AVE","1131",,,,,,,"3","6","NO INDICATION OF INJURY","0","0","0","0","0","3","0","6","6","X002275494","41.8688202581","-87.7425419052","POINT (-87.742541905178 41.868820258079)"
"149b923d66aec684b9535dbc0b74a44162296dd835043733848e5477e1c79d574f30e7c4eada5d747e1a6c1a9d5ca2d3424dacadfb19b202bbcf3165a8b88397",,"2017-10-14T03:25:00.000","30","NO CONTROLS","NO CONTROLS","RAIN","DARKNESS","REAR END","NOT DIVIDED","5","STRAIGHT AND LEVEL","WET","NO DEFECTS","ON SCENE","NO INJURY / DRIVE AWAY",,,,"OVER $1,500","2017-10-14T03:26:00.000","WEATHER","UNABLE TO DETERMINE","34","N","WESTERN AVE","1222",,,,,,,"2","10","NO INDICATION OF INJURY","0","0","0","0","0","2","0","3","7","X000943059","41.8821277277","-87.6866059391","POINT (-87.686605939074 41.882127727678)"
"4afcd296ea7c732a3ed43a918ce7913e1840bf04ede4a3d6a50b018aa0567c661cbb2c92d5cd59ba3018bfb84a001e6f2d670cd2157d6fe87ecbdfb886ea3281",,"2017-10-14T15:55:00.000","35","LANE USE MARKING","FUNCTIONING PROPERLY","RAIN","DUSK","REAR END","DIVIDED - W/MEDIAN BARRIER","7","CURVE, LEVEL","WET","NO DEFECTS","ON SCENE","NO INJURY / DRIVE AWAY",,"Y","Y","OVER $1,500","2017-10-14T15:55:00.000","UNABLE TO DETERMINE","UNABLE TO DETERMINE","8600","S","CHICAGO SKYWAY OB","412",,,,,,,"2.0","10","NO INDICATION OF INJURY","0.0","0","0","0","0","2","0","15","7","X000939634",,,
"efbcc61b040116640c205ca77db8f931058b55d45072a7f408bd669fce5218778658613f700b7c96b0198473f92bbff5dbd4a8016900ffb2b76943d8e626388a",,"2025-01-28T16:00:00.000","30","STOP SIGN/FLASHER","FUNCTIONING PROPERLY","CLEAR","DUSK","ANGLE","FOUR WAY",,"STRAIGHT AND LEVEL","DRY","NO DEFECTS","ON SCENE","INJURY AND / OR TOW DUE TO CRASH","Y",,,"OVER $1,500","2025-01-28T16:05:00.000","VISION OBSCURED (SIGNS, TREE LIMBS, BUILDINGS, ETC.)","DRIVING SKILLS/KNOWLEDGE/EXPERIENCE","162","N","BESSIE COLEMAN DR","1654",,,,,,,"3.0","1","REPORTED, NOT EVIDENT","1.0","0","0","0","1","7","0","16","3","X003706302",,,
"d55807e5b9f8ce97946e8d895a6120baddc3cc737a6afe7317450b3b3c73cb036e6bbaad2b37648f214df99b10c1675e155476400ba4dac82806ef8d6b343c04",,"2021-06-08T01:40:00.000","10","NO CONTROLS","NO CONTROLS","CLEAR","DARKNESS, LIGHTED ROAD","SIDESWIPE SAME DIRECTION","ONE-WAY",,"CURVE, LEVEL","DRY","UNKNOWN","ON SCENE","NO INJURY / DRIVE AWAY",,,,"OVER $1,500","2021-06-08T01:42:00.000","UNABLE TO DETERMINE","UNABLE TO DETERMINE","3","W","TERMINAL ST","1653",,,,"N",,,"2.0","6","NO INDICATION OF INJURY","0.0","0","0","0","0","5","0","1","3","X002263135",,,
"3963c169a924f12fd0d37aa9c8520142a6484b3582e60860ec92c33b33e97ec1e990c7f60222d0e461732e77597ef4582a71ddade4ac176949d9d8497cfe36e2","Y","2021-05-28T15:13:00.000","10","NO CONTROLS","NO CONTROLS","OTHER","UNKNOWN","PARKED MOTOR VEHICLE","PARKING LOT",,"STRAIGHT AND LEVEL","DRY","NO DEFECTS","ON SCENE","NO INJURY / DRIVE AWAY",,,"Y","OVER $1,500","2021-06-01T12:45:00.000","UNABLE TO DETERMINE","NOT APPLICABLE","1","W","PARKING LOT A ST","1654",,,,,,,"2.0","5","NO INDICATION OF INJURY","0.0","0","0","0","0","1","0","15","6","X002257508",,,
"1e60e31262b41c29f2d7305e2e296cda3d0d23641ecd8a10175fd3bf14a8e6ad33d8509feb7eca64648ed680433ec12b43f3aebf574ce255ce8221a57115a3fe",,"2021-06-19T23:15:00.000","15","NO CONTROLS","NO CONTROLS","CLEAR","DARKNESS, LIGHTED ROAD","SIDESWIPE SAME DIRECTION","ONE-WAY",,"CURVE, LEVEL","DRY","NO DEFECTS","ON SCENE","NO INJURY / DRIVE AWAY",,,"Y","$501 - $1,500","2021-06-19T23:20:00.000","UNABLE TO DETERMINE","UNABLE TO DETERMINE","3","W","TERMINAL ST","1653",,,,,,,"2.0","6","NO INDICATION OF INJURY","0.0","0","0","0","0","3","0","23","7","X002276907",,,
"1a25c61f43d53365ced7cd05e2036fcf24a7de72dcc33f2ab7ba5353b5c9f9514862a1a1e0072bc298b30a3575b72df732e5a54f595d950f7606d0f2c4517a7a",,"2021-06-25T22:15:00.000","45","OTHER","FUNCTIONING PROPERLY","CLEAR","DARKNESS, LIGHTED ROAD","REAR END","ONE-WAY",,"STRAIGHT AND LEVEL","DRY","NO DEFECTS","ON SCENE","INJURY AND / OR TOW DUE TO CRASH",,,,"OVER $1,500","2021-06-25T22:20:00.000","FAILING TO REDUCE SPEED TO AVOID CRASH","UNABLE TO DETERMINE","9759","W","KENNEDY EXPY IB","1654",,,,,,,"2.0","6","NONINCAPACITATING INJURY","1.0","0","0","1","0","4","0","22","6","X002283822",,,
"ac2d19b860ef8eefeae86bb2f0c7b483210003ceb729352c1ac13d455d2125353c9bf0ade1faecbe3089ea403c767eb6d06a14f35cc0b26a67223f4740c93c29",,"2021-06-10T07:00:00.000","30","NO CONTROLS","NO CONTROLS","CLEAR","DUSK","PARKED MOTOR VEHICLE","ONE-WAY",,"STRAIGHT ON GRADE","DRY","NO DEFECTS","ON SCENE","NO INJURY / DRIVE AWAY",,,,"$501 - $1,500","2021-06-11T06:06:00.000","UNABLE TO DETERMINE","UNABLE TO DETERMINE","3932","W","ERIE ST","1122",,,,,,,"2.0","6","NO INDICATION OF INJURY","0.0","0","0","0","0","5","0","7","5","X002266975",,,
"2a13717f121a863925e3b37dd4e05d80bb0b796a88d94aa3a23728e156830ff40118cca586ee0c3c88678fb043bd9c5a9810367cd922562c7619eec1e7da67ef","Y","2021-06-03T00:00:00.000","35","NO CONTROLS","NO CONTROLS","UNKNOWN","UNKNOWN","PARKED MOTOR VEHICLE","NOT DIVIDED",,"STRAIGHT AND LEVEL","UNKNOWN","UNKNOWN","NOT ON SCENE (DESK REPORT)","NO INJURY / DRIVE AWAY",,,,"OVER $1,500","2021-06-03T22:35:00.000","UNABLE TO DETERMINE","UNABLE TO DETERMINE","2800","N","KIMBALL AVE","1412",,,,,,,"2.0","6","NO INDICATION OF INJURY","0.0","0","0","0","0","1","0","0","5","X002258888",,,
"99779813f6fdf9e12c8bdd9c580cb4db0b6f48746909383bca8e1fd148335fa7b64771b9eb80ff46b5d1a9dc08b1d9d11e50439f2860c771cdff7ab3fb39d45f",,"2021-06-15T07:30:00.000","10","NO CONTROLS","NO CONTROLS","CLEAR","UNKNOWN","PARKED MOTOR VEHICLE","PARKING LOT",,"STRAIGHT AND LEVEL","DRY","NO DEFECTS","NOT ON SCENE (DESK REPORT)","NO INJURY / DRIVE AWAY",,,,"$500 OR LESS","2021-06-16T01:06:00.000","UNABLE TO DETERMINE","NOT APPLICABLE","840","E","GRAND AVE","1834",,,,,,,"2","6","NO INDICATION OF INJURY","0","0","0","0","0","1","0","7","3","X002272394","41.8923111451","-87.6056874903","POINT (-87.605687490284 41.892311145125)"
"a674f01bb1a7715adc0aa01f9c888c82b103be4de9c12e3048c095bbf8444005411ba88060f9d7f64eaa94940363fe5ed2c2035aec8948ebf804b0fdecc7cd2f","Y","2021-07-05T19:10:00.000","30","UNKNOWN","UNKNOWN","CLEAR","UNKNOWN","REAR END","FOUR WAY",,"STRAIGHT AND LEVEL","DRY","UNKNOWN","ON SCENE","NO INJURY / DRIVE AWAY",,,,"OVER $1,500","2021-07-05T19:27:00.000","FOLLOWING TOO CLOSELY","NOT APPLICABLE","9500","S","BEVERLY AVE","2213",,,,,,,"2.0","7","NO INDICATION OF INJURY","0.0","0","0","0","0","3","0","19","2","X002294042",,,
"bc90b40def75573c41df0b9d3dea194474f969f481a7e55e8aacba24ba7315193ad2d2a3e262b0e2c72116a9412809c5038fa29bbce4762a708f026451d8803f","Y","2021-05-28T14:05:00.000","30","NO CONTROLS","NO CONTROLS","CLOUDY/OVERCAST","DAYLIGHT","PARKED MOTOR VEHICLE","OTHER",,"STRAIGHT AND LEVEL","DRY","NO DEFECTS","ON SCENE","NO INJURY / DRIVE AWAY",,,"Y","$500 OR LESS","2021-05-28T14:30:00.000","UNABLE TO DETERMINE","UNABLE TO DETERMINE","516","W","OHARE ST","1654",,,,,,,"2.0","5","NO INDICATION OF INJURY","0.0","0","0","0","0","1","0","14","6","X002252372",,,
"42c9a9f43d7591f0436580acfb8d3be9872f551c8c17563b13308b55ad67ba944cd0dd4a1af75e72b48ffec390df52c2b75c576e582ad940c1d57f58d73407d5",,"2021-07-01T17:42:00.000","35","NO CONTROLS","NO CONTROLS","CLEAR","DAYLIGHT","SIDESWIPE SAME DIRECTION","NOT DIVIDED",,"STRAIGHT AND LEVEL","DRY","NO DEFECTS","ON SCENE","NO INJURY / DRIVE AWAY",,,,"OVER $1,500","2021-07-01T17:42:00.000","UNABLE TO DETERMINE","NOT APPLICABLE","7198","W","ARCHER AVE","811",,,,,,,"2.0","7","NO INDICATION OF INJURY","0.0","0","0","0","0","2","0","17","5","X002290146",,,
"956f2334b1b5b517197adf559c515f10fd4d9693912db21864f4c671aa3ae9bd9c12ec6f0ce7cf311d432932fd198a52b5fa5cca36a02789164c4b2dd2f5703b",,"2021-05-30T03:40:00.000","5","NO CONTROLS","NO CONTROLS","CLEAR","DARKNESS","REAR END","ONE-WAY",,"STRAIGHT AND LEVEL","DRY","NO DEFECTS",,"NO INJURY / DRIVE AWAY",,,,"OVER $1,500","2021-05-30T03:40:00.000","FAILING TO REDUCE SPEED TO AVOID CRASH","UNABLE TO DETERMINE","8700","S","CHICAGO SKYWAY OB","412",,,,,,,"2.0","5","NO INDICATION OF INJURY","0.0","0","0","0","0","2","0","3","1","X002254017",,,
"a52a70f652b345887faf624394242dcb8608c0afb1f5d65aeaba20beb86e05e8c559d09898e3ca34204e21597a3a0dd94c0b3cdcb6d5214662cb41f50b4cf9bd",,"2021-06-30T10:25:00.000","20","NO CONTROLS","NO CONTROLS","CLOUDY/OVERCAST","DAYLIGHT","ANGLE","PARKING LOT",,"STRAIGHT AND LEVEL","DRY","NO DEFECTS","ON SCENE","INJURY AND / OR TOW DUE TO CRASH","Y",,,"OVER $1,500","2021-06-30T10:31:00.000","FAILING TO YIELD RIGHT-OF-WAY","DRIVING SKILLS/KNOWLEDGE/EXPERIENCE","1","W","PARKING LOT A ST","1654",,,,,,,"2.0","6","REPORTED, NOT EVIDENT","1.0","0","0","0","1","1","0","10","4","X002289455",,,
"461c18bd857343a8383e7f41fedfd99b1c38d5e0ee16ccd8fcb45d5b3c96714354078f49470cf67f0b78ec795b7e399a8d34ed84caa55c926d30500928704894",,"2021-06-09T15:45:00.000","30","TRAFFIC SIGNAL","FUNCTIONING PROPERLY","CLEAR","DAYLIGHT","TURNING","T-INTERSECTION",,"STRAIGHT AND LEVEL","DRY","NO DEFECTS","NOT ON SCENE (DESK REPORT)","NO INJURY / DRIVE AWAY","Y",,,"$501 - $1,500","2021-06-09T16:20:00.000","IMPROPER TURNING/NO SIGNAL","IMPROPER OVERTAKING/PASSING","500","S","SACRAMENTO BLVD","1134",,,,,,,"2.0","6","NO INDICATION OF INJURY","0.0","0","0","0","0","3","0","15","4","X002265341",,,
"392d1d5840d2398ca83863ae976620af3c197141cadd0f8ca222e926cb5c27e64fd0c136dc143bdcafa87433116cd7640dce01a52a08fa6c54f2fd7b2558a326",,"2021-06-04T18:00:00.000","25","NO CONTROLS","NO CONTROLS","CLEAR","DAYLIGHT","SIDESWIPE SAME DIRECTION","ONE-WAY",,"STRAIGHT AND LEVEL","DRY","NO DEFECTS","ON SCENE","NO INJURY / DRIVE AWAY",,,,"OVER $1,500","2021-06-04T18:01:00.000","DRIVING SKILLS/KNOWLEDGE/EXPERIENCE","NOT APPLICABLE","1","W","TERMINAL ST","1651",,,,,,,"2.0","6","NO INDICATION OF INJURY","0.0","0","0","0","0","2","0","18","6","X002259720",,,
"374390c3d0b3f2d6d66c69c857335c9bcdb9ecd731b574506fea1a57aa91b19daf5967abf96e524b7e9a4c87b60e6c044d27ba9bd2b95ecfcef196a90d6d964f",,"2021-06-01T13:29:00.000","30","NO CONTROLS","FUNCTIONING PROPERLY","CLEAR","DAYLIGHT","REAR END","ONE-WAY",,"STRAIGHT AND LEVEL","DRY","NO DEFECTS","ON SCENE","INJURY AND / OR TOW DUE TO CRASH",,,"Y","$501 - $1,500","2021-06-01T13:29:00.000","OPERATING VEHICLE IN ERRATIC, RECKLESS, CARELESS, NEGLIGENT OR AGGRESSIVE MANNER","OPERATING VEHICLE IN ERRATIC, RECKLESS, CARELESS, NEGLIGENT OR AGGRESSIVE MANNER","5902","S","WENTWORTH AVE","232",,,,,,,"2.0","6","NONINCAPACITATING INJURY","2.0","0","0","1","1","1","0","13","3","X002255739",,,
"d9c2521740c6964496da15f648cc34c5cabadebb50cee1e75e9b2bf0be15756644d996e19d2318d33a4facc8d6963eed7d906dd1172d807a6a27b4fd714c5f7d",,"2021-06-12T23:35:00.000","15","NO CONTROLS","NO CONTROLS","CLEAR","DARKNESS, LIGHTED ROAD","REAR TO FRONT","OTHER",,"STRAIGHT AND LEVEL","DRY","NO DEFECTS","ON SCENE","NO INJURY / DRIVE AWAY",,,,"OVER $1,500","2021-06-12T23:37:00.000","IMPROPER BACKING","DISTRACTION - FROM OUTSIDE VEHICLE","1","S","MIDWAY ST","813",,,,,,,"2.0","6","NO INDICATION OF INJURY","0.0","0","0","0","0","2","0","23","7","X002268857",,,
"7dea35237a1d27e3cd7d689f0838ba2b27bad134d513794b68f5b5485edbde6234d47a2a44ec69eca0e6557683ff2386250791afebe8712010aa1b7cb31cf382",,"2021-07-05T18:00:00.000","10","NO CONTROLS","NO CONTROLS","CLEAR","DAYLIGHT","PEDESTRIAN","PARKING LOT",,"STRAIGHT AND LEVEL","DRY","NO DEFECTS","NOT ON SCENE (DESK REPORT)","INJURY AND / OR TOW DUE TO CRASH",,,"Y","$500 OR LESS","2021-07-05T22:15:00.000","IMPROPER BACKING","NOT APPLICABLE","6259","S","LAKE SHORE DR","331",,,,,,,"2.0","7","NONINCAPACITATING INJURY","1.0","0","0","1","0","1","0","18","2","X002294213",,,
"517658b31529a723140057f13db6d6988891d068c439dd434a88fa2da9d168b84a8d31fd18bc19b5ff29d3b23faa9e6f2011afa7767b3af32f6ee6cb74f20bad","Y","2021-06-17T14:58:00.000","30","NO CONTROLS","NO CONTROLS","CLEAR","DAYLIGHT","FIXED OBJECT","ONE-WAY",,"CURVE ON HILLCREST","DRY","NO DEFECTS","ON SCENE","INJURY AND / OR TOW DUE TO CRASH",,,,"OVER $1,500","2021-06-17T14:58:00.000","PHYSICAL CONDITION OF DRIVER","PHYSICAL CONDITION OF DRIVER","438","W","OHARE ST","1654",,,,,,,"1.0","6","INCAPACITATING INJURY","1.0","0","1","0","0","0","0","14","5","X002274413",,,
"456dd9d9bc16f505f93bd2ef89b174348c36dadf1fdc0a77be44e5c89c2e8a89951ae15cc8dced3db2cd3bd7e4c0da27f348cc64db31231202db5cd03ed63bc6",,"2021-05-24T15:35:00.000","20","NO CONTROLS","NO CONTROLS","CLEAR","DAYLIGHT","PARKED MOTOR VEHICLE","NOT DIVIDED",,"STRAIGHT AND LEVEL","DRY","NO DEFECTS","NOT ON SCENE (DESK REPORT)","NO INJURY / DRIVE AWAY",,,,"OVER $1,500","2021-05-24T15:40:00.000","UNABLE TO DETERMINE","UNABLE TO DETERMINE","517","W","OHARE ST","1654",,,,,,,"2.0","5","NO INDICATION OF INJURY","0.0","0","0","0","0","1","0","15","2","X002250076",,,
"78b489e07a27611156eff062ddab2593de8dc38b8cd6ff48c914aa8a33ee6c2c6a4f599a674d268dea115b28bb6583c1750efb64221133fd696ce587e4a8410d",,"2021-05-31T17:10:00.000","30","NO CONTROLS","NO CONTROLS","CLEAR","DAYLIGHT","SIDESWIPE SAME DIRECTION","ONE-WAY",,"STRAIGHT AND LEVEL","DRY","NO DEFECTS","ON SCENE","NO INJURY / DRIVE AWAY",,,,"OVER $1,500","2021-05-31T17:15:00.000","UNABLE TO DETERMINE","UNABLE TO DETERMINE","3","W","TERMINAL ST","1653",,,,,,,"2.0","5","NO INDICATION OF INJURY","0.0","0","0","0","0","2","0","17","2","X002254815",,,
"2bba98089af406357fa23f9e37d58e15543eb9fe4a5099d6ecebd144211172acffd23cbaa3b141f98ac40ae98d875597409e86fb22c41e2512d0fae4cd8d3e84",,"2021-07-08T16:35:00.000","20","UNKNOWN","NO CONTROLS","CLEAR","DAYLIGHT","PEDESTRIAN","ONE-WAY",,"STRAIGHT AND LEVEL","DRY","NO DEFECTS","ON SCENE","INJURY AND / OR TOW DUE TO CRASH",,,,"$501 - $1,500","2021-07-08T16:47:00.000","UNABLE TO DETERMINE","NOT APPLICABLE","1","W","TERMINAL ST","1651",,,,,,,"2.0","7","NONINCAPACITATING INJURY","1.0","0","0","1","0","1","0","16","5","X002297626",,,
"3581afb2fc4a1df2d232014310c89e7ca2445a8459595ff5739990eb75dd4b42b59d52f5828facc8ea654aa18f9327608ae3a129ffdaf512d45f7f1b028b2425",,"2021-06-14T11:20:00.000","30","TRAFFIC SIGNAL","FUNCTIONING PROPERLY","CLEAR","DAYLIGHT","SIDESWIPE SAME DIRECTION","DIVIDED - W/MEDIAN (NOT RAISED)",,"STRAIGHT AND LEVEL","DRY","NO DEFECTS","NOT ON SCENE (DESK REPORT)","NO INJURY / DRIVE AWAY",,,,"OVER $1,500","2021-06-14T11:59:00.000","DRIVING SKILLS/KNOWLEDGE/EXPERIENCE","UNABLE TO DETERMINE","505","S","SACRAMENTO BLVD","1135",,,,,,,"2.0","6","NO INDICATION OF INJURY","0.0","0","0","0","0","2","0","11","2","X002270296",,,
"3879fe936281bf5a368b45c8e25a286fd8037e512a03ce8f7afe0c3f766603a39916180107fa583da8d22cfabd751d9dd5b53044f8fda8c4ce2d3c6952e440ae",,"2021-07-05T18:40:00.000","30","NO CONTROLS","NO CONTROLS","CLEAR","DAYLIGHT","REAR END","ONE-WAY",,"STRAIGHT AND LEVEL","DRY","NO DEFECTS","ON SCENE","NO INJURY / DRIVE AWAY",,,,"$501 - $1,500","2021-07-05T18:48:00.000","IMPROPER BACKING","NOT APPLICABLE","3134","W","64TH ST","823",,,,,,,"2","7","NO INDICATION OF INJURY","0","0","0","0","0","4","0","18","2","X002298265","41.7772738691","-87.7020212848","POINT (-87.702021284819 41.777273869099)"
"eaa5f81e1473be5b0a472466c835b6a9a2e5ad83c82db6f949dcd0cb79b0fa89850103ef73fd0e17404624230f2f4628216da896cc0e6173489c01c17171eff2",,"2021-06-13T23:43:00.000","30","POLICE/FLAGMAN","FUNCTIONING PROPERLY","CLEAR","DARKNESS, LIGHTED ROAD","OTHER OBJECT","NOT DIVIDED",,"STRAIGHT AND LEVEL","DRY","NO DEFECTS","ON SCENE","NO INJURY / DRIVE AWAY",,,,"$501 - $1,500","2021-06-13T23:43:00.000","UNABLE TO DETERMINE","NOT APPLICABLE","1820","E","BOWLING GREEN DR","331",,,,,,,"2.0","6","NO INDICATION OF INJURY","0.0","0","0","0","0","1","0","23","1","X002269893",,,
"178aa1c039584b508dac4dfa0d4c1696da06e7f7a68bc77e4006e0d55b339d2eadf9914d9efe78c798bf190686c5cd235c122ac339c1f2a6caa88e96d70da98d",,"2021-05-26T02:43:00.000","35","NO CONTROLS","NO CONTROLS","RAIN","DARKNESS","OTHER OBJECT","DIVIDED - W/MEDIAN (NOT RAISED)",,"STRAIGHT AND LEVEL","WET","UNKNOWN","ON SCENE","INJURY AND / OR TOW DUE TO CRASH",,,,"OVER $1,500","2021-05-26T02:43:00.000","UNABLE TO DETERMINE","UNABLE TO DETERMINE","450","E","LOWER WACKER DR","114",,,,,,,"1","5",,,,,,,,,"2","4","X002249219","41.8875273824","-87.6165999096","POINT (-87.616599909647 41.887527382373)"
"40f8c448910000d52eb65f72c570fbe9b3a3f8a2a52bb44b13814f1dfc86a0d70ed6034aa125cbd59ba86a4327b2c67547e2150ff46920b52eff4181afecc931",,"2021-07-07T18:34:00.000","10","NO CONTROLS","NO CONTROLS","CLEAR","DAYLIGHT","PARKED MOTOR VEHICLE","PARKING LOT",,"STRAIGHT AND LEVEL","DRY","NO DEFECTS","ON SCENE","NO INJURY / DRIVE AWAY",,,,"OVER $1,500","2021-07-07T18:40:00.000","DRIVING SKILLS/KNOWLEDGE/EXPERIENCE","UNABLE TO DETERMINE","517","W","OHARE ST","1654",,,,,,,"2.0","7","NO INDICATION OF INJURY","0.0","0","0","0","0","1","0","18","4","X002297253",,,
"246b43241a732b95a3576be1bd15688ed7c5a838c895fa62ee78b5f7c9f6c6ae25e67353659254e5391d58c10a702ebd485b008a37d49b5d7c2c096e78fc0ca1",,"2021-06-17T08:20:00.000","35","NO CONTROLS","NO CONTROLS","CLEAR","DAWN","ANGLE","NOT DIVIDED",,"STRAIGHT AND LEVEL","DRY","NO DEFECTS","ON SCENE","NO INJURY / DRIVE AWAY","Y",,,"OVER $1,500","2021-06-17T08:50:00.000","FAILING TO YIELD RIGHT-OF-WAY","NOT APPLICABLE","815","S","AUSTIN BLVD","1513",,,,,,,"2.0","6","NO INDICATION OF INJURY","0.0","0","0","0","0","3","0","8","5","X002274061",,,
"84310ebf7a2e2183e465a90f2575eef813723c82791eeb4c6e4f34244ce7e71b25f88b5aeaf5872a56d107e997f5dbf0a7beb829b7d80fd87b43a9d3b661b03d",,"2021-05-27T17:50:00.000","55","NO CONTROLS","NO CONTROLS","CLEAR","DAYLIGHT","SIDESWIPE SAME DIRECTION","DIVIDED - W/MEDIAN BARRIER",,"STRAIGHT AND LEVEL","DRY","NO DEFECTS","ON SCENE","NO INJURY / DRIVE AWAY",,,"Y","OVER $1,500","2021-05-27T17:55:00.000","IMPROPER LANE USAGE","NOT APPLICABLE","8200","S","CHICAGO SKYWAY OB","414",,,,,,,"2.0","5","NO INDICATION OF INJURY","0.0","0","0","0","0","2","0","17","5","X002254149",,,