"crash_record_id","crash_date_est_i","crash_date","posted_speed_limit","traffic_control_device","device_condition","weather_condition","lighting_condition","first_crash_type","trafficway_type","lane_cnt","alignment","roadway_surface_cond","road_defect","report_type","crash_type","intersection_related_i","private_property_i","hit_and_run_i","damage","date_police_notified","prim_contributory_cause","sec_contributory_cause","street_no","street_direction","street_name","beat_of_occurrence","photos_taken_i","statements_taken_i","dooring_i","work_zone_i","work_zone_type","workers_present_i","num_units","crash_month","most_severe_injury","injuries_total","injuries_fatal","injuries_incapacitating","injuries_non_incapacitating","injuries_reported_not_evident","injuries_no_indication","injuries_unknown","crash_hour","crash_day_of_week","idot_control_no","latitude","longitude","location"
"f265045b8a75571526498d4fa13f781b13c4400a5279e3ce716c1e227e8f28aba7e704b52519cf9613a36d90459613eabc4c22fc161ed3afda8f2b4e994ba9cf",,"2021-06-18T17:15:00.000","15","NO CONTROLS","NO CONTROLS","CLEAR","DAYLIGHT","SIDESWIPE SAME DIRECTION","DIVIDED - W/MEDIAN BARRIER",,"STRAIGHT AND LEVEL","DRY","NO DEFECTS","ON SCENE","NO INJURY / DRIVE AWAY",,,"Y","$501 - $1,500","2021-06-18T17:25:00.000","UNABLE TO DETERMINE","NOT APPLICABLE","8801","S","CHICAGO SKYWAY IB","423",,,,,,,"2.0","6","NO INDICATION OF INJURY","0.0","0","0","0","0","2","0","17","6","X002276144",,,
"842014bf9b3f0b2eee1cd79c4ebcd0f145ac8a01bf8d674a9d186e96468722b225405c3fcf6125200f5ed6c2673e05ae0c6f199d54cc989098bf831406cef4e9",,"2021-08-05T13:50:00.000","20","NO CONTROLS","NO CONTROLS","CLEAR","DAYLIGHT","TURNING","NOT DIVIDED",,"STRAIGHT AND LEVEL","DRY","NO DEFECTS","ON SCENE","INJURY AND / OR TOW DUE TO CRASH",,,,"OVER $1,500","2021-08-05T14:07:00.000","UNABLE TO DETERMINE","NOT APPLICABLE","515","W","OHARE ST","1654",,,,,,,"2.0","8","NO INDICATION OF INJURY","0.0","0","0","0","0","2","0","13","5","X002326805",,,
"38e1976436484098797435f7fad78285660f883b839fa67c5e4cca837ae56e566228e74c5556ea5e1c3fca7ea628c3400c3a764c6f4d805f7fd6d5046e07051e",,"2021-07-07T11:18:00.000","25","YIELD","FUNCTIONING PROPERLY","CLEAR","DAYLIGHT","REAR END","OTHER",,"CURVE, LEVEL","DRY","NO DEFECTS","NOT ON SCENE (DESK REPORT)","NO INJURY / DRIVE AWAY",,,,"OVER $1,500","2021-07-07T11:20:00.000","DISTRACTION - OTHER ELECTRONIC DEVICE (NAVIGATION DEVICE, DVD PLAYER, ETC.)","IMPROPER LANE USAGE","3","W","TERMINAL ST","1653",,,,,,,"2.0","7","NO INDICATION OF INJURY","0.0","0","0","0","0","3","0","11","4","X002296741",,,
"4cde82fa90044585eb26f8583fa86735b23c255b5088c2dddcc601a53e67cc8c45ef59bfecac7362eeb20255994201aa39e9e1d0e886b7c6ccbe6cfdd733d931",,"2021-06-29T17:15:00.000","30","TRAFFIC SIGNAL","UNKNOWN","CLEAR","DAYLIGHT","SIDESWIPE SAME DIRECTION","NOT DIVIDED",,"STRAIGHT AND LEVEL","DRY","UNKNOWN","NOT ON SCENE (DESK REPORT)","NO INJURY / DRIVE AWAY","Y",,"Y","OVER $1,500","2021-06-30T15:31:00.000","UNABLE TO DETERMINE","UNABLE TO DETERMINE","5500","S","WENTWORTH AVE","225",,,,,,,"2.0","6","NO INDICATION OF INJURY","0.0","0","0","0","0","2","0","17","3","X002289128",,,
"19e2c35e136f16810dad18102a0c4b676ca532fc4b390b332d692fdba990696ab87f97ffd1bef71cd313b5e7b7001305bd6ab353b8d74ff4820840d687b9a451",,"2021-07-19T13:30:00.000","15","NO CONTROLS","NO CONTROLS","CLEAR","DAYLIGHT","PARKED MOTOR VEHICLE","PARKING LOT",,"STRAIGHT AND LEVEL","DRY","NO DEFECTS",,"NO INJURY / DRIVE AWAY",,,,"OVER $1,500","2021-07-19T13:40:00.000","UNABLE TO DETERMINE","UNABLE TO DETERMINE","410","W","OHARE ST","1651",,,,,,,"2.0","7","NO INDICATION OF INJURY","0.0","0","0","0","0","1","0","13","2","X002308544",,,
"668994c565902aa0963bb4bd49e7509b21761ef53e250c2a61bd6dd90d8d7591aaf6daeab05203e3b771e37d4eaf79822131c302f26bf5e401a5f93725193094",,"2021-07-25T10:25:00.000","15","NO CONTROLS","NO CONTROLS","CLEAR","DAYLIGHT","TURNING","T-INTERSECTION",,"STRAIGHT AND LEVEL","DRY","NO DEFECTS","ON SCENE","NO INJURY / DRIVE AWAY","Y",,,"OVER $1,500","2021-07-25T10:25:00.000","UNABLE TO DETERMINE","UNABLE TO DETERMINE","516","W","OHARE ST","1654",,,,,,,"2.0","7","NO INDICATION OF INJURY","0.0","0","0","0","0","2","0","10","1","X002314500",,,
"18be16b420d5ff2a63c4f4c6b788d598c1292e71ccf7cbd86403c09f95f71f06df4c702b018e4cfcebfb708de1a049ed774d6bce3ff840ed2d5eada127276bb9",,"2021-07-02T20:00:00.000","30","NO CONTROLS","NO CONTROLS","CLEAR","DAYLIGHT","SIDESWIPE SAME DIRECTION","ONE-WAY",,"STRAIGHT AND LEVEL","DRY","UNKNOWN","NOT ON SCENE (DESK REPORT)","NO INJURY / DRIVE AWAY",,,,"OVER $1,500","2021-07-02T20:05:00.000","IMPROPER LANE USAGE","UNABLE TO DETERMINE","517","W","OHARE ST","1654",,,,,,,"2.0","7","NO INDICATION OF INJURY","0.0","0","0","0","0","2","0","20","6","X002292088",,,
"890b17e9a94ee42d72717af3bb02279d0cee13beb156c6f1d2946b480c4b2d5e4e62888fe08eeac21a3551eee38da7cc11018da0222dbdbfe34d404bf152d89c","Y","2021-06-20T20:32:00.000","15","NO CONTROLS","NO CONTROLS","CLEAR","DAYLIGHT","PARKED MOTOR VEHICLE","PARKING LOT",,"STRAIGHT AND LEVEL","DRY","NO DEFECTS","ON SCENE","NO INJURY / DRIVE AWAY",,,"Y","$501 - $1,500","2021-06-20T20:33:00.000","DRIVING SKILLS/KNOWLEDGE/EXPERIENCE","NOT APPLICABLE","1","W","PARKING LOT A ST","1654",,,,,,,"2.0","6","NO INDICATION OF INJURY","0.0","0","0","0","0","1","0","20","1","X002278618",,,
"831cbdccd943218886b996e322f20324ee8d23916cdb23a92419c06fbe4f080380e65293b4e0e4184377b719fe2beda597bd6ec5a294e869cc611819ddf78ac5",,"2021-07-12T20:11:00.000","10","NO CONTROLS","NO CONTROLS","CLEAR","DUSK","FIXED OBJECT","PARKING LOT",,"STRAIGHT AND LEVEL","DRY","NO DEFECTS","ON SCENE","NO INJURY / DRIVE AWAY",,"Y",,"OVER $1,500","2021-07-12T20:11:00.000","UNABLE TO DETERMINE","NOT APPLICABLE","2425","E","71ST ST","334",,,,,,,"1.0","7","NO INDICATION OF INJURY","0.0","0","0","0","0","2","0","20","2","X002301723",,,
"cffd192172454a968ec33b25b40c4b9d6a572721986bff8ceb35c14c92ac1fb040281e90acd3ffbab93ec0236036af2c29ec25dfe2f390b36c3511aed408f933",,"2021-07-04T13:42:00.000","15","NO CONTROLS","NO CONTROLS","CLEAR","DAYLIGHT","REAR TO REAR","PARKING LOT",,"STRAIGHT AND LEVEL","DRY","NO DEFECTS","ON SCENE","NO INJURY / DRIVE AWAY",,,,"$501 - $1,500","2021-07-04T14:00:00.000","UNABLE TO DETERMINE","UNABLE TO DETERMINE","630","W","OHARE ST","1654",,,,,,,"2.0","7","NO INDICATION OF INJURY","0.0","0","0","0","0","2","0","13","1","X002292962",,,
"310c5365028b1e790f9df5e21ad56926c9b2b49605b6929c3f3d73018faf64fc9cdd1535b3bf106a03454e85c1960452fd1fc48495e7593159e12c6d9bbc4ae8",,"2021-06-25T07:00:00.000","15","NO CONTROLS","NO CONTROLS","RAIN","DAYLIGHT","SIDESWIPE SAME DIRECTION","ONE-WAY",,"STRAIGHT AND LEVEL","WET","NO DEFECTS","ON SCENE","NO INJURY / DRIVE AWAY",,,,"OVER $1,500","2021-06-25T07:10:00.000","UNABLE TO DETERMINE","NOT APPLICABLE","2","W","TERMINAL ST","1652",,,,,,,"2.0","6","NO INDICATION OF INJURY","0.0","0","0","0","0","2","0","7","6","X002297257",,,
"dd22275ec5f191ca45bb19e6511d9939c3cc35f1eccfe6985990afa5bfb0235dd4ed875baf9b1bf36c6c4ede3b40f0774e2a459d135676c81b425420bed241e6",,"2021-10-10T11:17:00.000","30","TRAFFIC SIGNAL","FUNCTIONING PROPERLY","CLOUDY/OVERCAST","DAYLIGHT","ANGLE","FOUR WAY",,"STRAIGHT AND LEVEL","DRY","NO DEFECTS","ON SCENE","INJURY AND / OR TOW DUE TO CRASH","Y",,"Y","OVER $1,500","2021-10-10T11:17:00.000","DISREGARDING TRAFFIC SIGNALS","NOT APPLICABLE","5700","S","WENTWORTH AVE","232",,,,,,,"2.0","10","NONINCAPACITATING INJURY","2.0","0","0","2","0","2","0","11","1","X002398575",,,
"c3f323e8d023322b502ac115f51518757366ed49799fb93c04f3df96574640ba2332d0c61372370c659183101a3a9cfe6156967f042807b4478dde8fb0a80da9",,"2021-06-18T21:19:00.000","20","NO CONTROLS","NO CONTROLS","CLEAR","DARKNESS, LIGHTED ROAD","REAR END","ONE-WAY",,"STRAIGHT AND LEVEL","DRY","UNKNOWN","NOT ON SCENE (DESK REPORT)","NO INJURY / DRIVE AWAY",,,,"$500 OR LESS","2021-06-18T21:50:00.000","FOLLOWING TOO CLOSELY","NOT APPLICABLE","3","W","TERMINAL ST","1653",,,,"Y","CONSTRUCTION",,"2.0","6","NO INDICATION OF INJURY","0.0","0","0","0","0","2","0","21","6","X002276817",,,
"078ef2602b37e1bafd1a3088403d64d0aaa80de34a368a291744d1f7371d3c0d05fdafda1d0d35d64b4d8fc799de184202a80d68a8c5bd92571ebb430206d145",,"2021-08-03T19:05:00.000","30","NO CONTROLS","NO CONTROLS","CLEAR","DAYLIGHT","ANIMAL","OTHER",,"STRAIGHT AND LEVEL","DRY","UNKNOWN","ON SCENE","NO INJURY / DRIVE AWAY",,,,"$500 OR LESS","2021-08-03T19:05:00.000","UNABLE TO DETERMINE","NOT APPLICABLE","1055","W","PRATT BLVD","2432",,,,,,,"1","8","NO INDICATION OF INJURY","0","0","0","0","0","1","0","19","3","X002324953","42.005469525","-87.6582134037","POINT (-87.658213403656 42.005469525033)"
"0c129a08d2a38e1a4fa481959d9fae7fbe8402dd0324a1a4db80ec2a6d533da4b9fc73959ba864bfcdc5c213b99d25b8c4e0917a663ed6c452ee6a4fe804583d","Y","2021-06-20T21:00:00.000","10","NO CONTROLS","NO CONTROLS","CLEAR","DARKNESS, LIGHTED ROAD","PARKED MOTOR VEHICLE","PARKING LOT",,"STRAIGHT AND LEVEL","DRY","NO DEFECTS","ON SCENE","NO INJURY / DRIVE AWAY",,"N","Y","OVER $1,500","2021-06-20T21:50:00.000","UNABLE TO DETERMINE","UNABLE TO DETERMINE","1","W","PARKING LOT C ST","1654",,,,,,,"2.0","6","NO INDICATION OF INJURY","0.0","0","0","0","0","1","0","21","1","X002280368",,,
"7019650ac01fbbd3ef746242f93867abe07021c2de43a969182ed2252974078b0e8c3251cbce910eb23623629ec4718ed6fa46b57e1e34a244533ddc7746b67b",,"2025-02-02T00:55:00.000","15","NO CONTROLS","NO CONTROLS","CLEAR","DARKNESS, LIGHTED ROAD","FIXED OBJECT","PARKING LOT",,"STRAIGHT AND LEVEL","UNKNOWN","UNKNOWN","ON SCENE","INJURY AND / OR TOW DUE TO CRASH",,,,"OVER $1,500","2025-02-02T00:55:00.000","UNABLE TO DETERMINE","UNABLE TO DETERMINE","3800","E","100TH DR","432",,,,,,,"1.0","2",,,,,,,,,"0","1","X003710921",,,
"d6f610834ee9bf4a31c787741aec9f0242114ca9a776efa2baa3ed45f38cf2742252339f256f8061dac26837f0f31b5b04291dffd07ffebb2103b072f862343a",,"2021-06-20T10:00:00.000","30","NO CONTROLS","NO CONTROLS","UNKNOWN","UNKNOWN","PARKED MOTOR VEHICLE","ONE-WAY",,"STRAIGHT AND LEVEL","DRY","UNKNOWN","ON SCENE","NO INJURY / DRIVE AWAY",,,"Y","OVER $1,500","2021-06-22T10:30:00.000","UNABLE TO DETERMINE","NOT APPLICABLE","4747","S","DR MARTIN LUTHER KING JR SD","223",,,,,,,"2.0","6","NO INDICATION OF INJURY","0.0","0","0","0","0","1","0","10","1","X002279980",,,
"b89da8e5aae34e762eb85beb4081f3a43beaa633ded545f9cf04ddca33a22f3757fb11bc24e1c46f7c8337aa517a71c46c923d87cbfd70d5c5870fbd7ce7a7d7",,"2021-07-19T17:01:00.000","15","NO CONTROLS","NO CONTROLS","CLEAR","DAYLIGHT","REAR TO FRONT","PARKING LOT",,"STRAIGHT AND LEVEL","DRY","NO DEFECTS","ON SCENE","INJURY AND / OR TOW DUE TO CRASH",,"N",,"OVER $1,500","2021-07-19T17:03:00.000","IMPROPER BACKING","NOT APPLICABLE","517","W","OHARE ST","1654",,,,,,,"2.0","7","NO INDICATION OF INJURY","0.0","0","0","0","0","3","0","17","2","X002311676",,,
"41fd6fa41321568ec9327a96db7694887a2c225b0116972c2471ccabaed8fef458b3c11edd1d4b2024f5d242ca9b814ca16691bfd1a8de1503504ebe1fbf2350",,"2021-07-07T09:30:00.000","40","TRAFFIC SIGNAL","FUNCTIONING PROPERLY","CLEAR","DAYLIGHT","REAR END","DIVIDED - W/MEDIAN BARRIER",,"STRAIGHT AND LEVEL","DRY","NO DEFECTS","ON SCENE","INJURY AND / OR TOW DUE TO CRASH",,,,"OVER $1,500","2021-07-07T09:31:00.000","UNABLE TO DETERMINE","NOT APPLICABLE","12809","W","IRVING PARK RD","1654",,,,,,,"2.0","7","NO INDICATION OF INJURY","0.0","0","0","0","0","2","0","9","4","X002296735",,,
"7d4c14cc07239f005afe3e71923a4d8683909baba77dd0b559c358c6002e6c21d167a1686190874b496fb775d84c081e2e1e0c27e8dfe1c711081b74fea40d24",,"2021-08-01T19:14:00.000","10","NO CONTROLS","NO CONTROLS","CLEAR","DAYLIGHT","REAR END","PARKING LOT",,"STRAIGHT AND LEVEL","DRY","NO DEFECTS","ON SCENE","NO INJURY / DRIVE AWAY",,,,"$501 - $1,500","2021-08-01T19:17:00.000","FOLLOWING TOO CLOSELY","NOT APPLICABLE","5","W","TERMINAL ST","1655",,,,,,,"2.0","8","NO INDICATION OF INJURY","0.0","0","0","0","0","5","0","19","1","X002328128",,,
"8b873d27c0e6efa244148889d0d4ac424a32007c0e63f6c2d87f6eaa9dbddbb0dd6bbe06d93defb2b9657b6f2ba58fd35e87fb88dfb231dcc956f1753c5eabad",,"2021-07-07T12:20:00.000","30","NO CONTROLS","NO CONTROLS","CLEAR","DAYLIGHT","PARKED MOTOR VEHICLE","DRIVEWAY",,"STRAIGHT AND LEVEL","DRY","NO DEFECTS","ON SCENE","NO INJURY / DRIVE AWAY",,"Y",,"$501 - $1,500","2021-07-07T12:21:00.000","NOT APPLICABLE","NOT APPLICABLE","1701","W","35TH ST","912",,,,,,,"2","7","NO INDICATION OF INJURY","0","0","0","0","0","1","0","12","4","X002297073","41.8303636184","-87.668011956","POINT (-87.668011955971 41.830363618422)"
"e904a6b1775abfcec58a21aadd1174969f05931048f0e3dbe7236f4877c0feb9189d9d2942f66083467fd88d73f346c04636a213d908893ed71edf9eccc6ffdc",,"2021-07-09T20:02:00.000","30","NO CONTROLS","FUNCTIONING PROPERLY","CLEAR","DAYLIGHT","PEDALCYCLIST","FOUR WAY",,"STRAIGHT AND LEVEL","DRY","NO DEFECTS","ON SCENE","INJURY AND / OR TOW DUE TO CRASH",,,,"OVER $1,500","2021-07-09T20:02:00.000","BICYCLE ADVANCING LEGALLY ON RED LIGHT","NOT APPLICABLE","2545","E","71ST ST","334",,,,,,,"2.0","7","NONINCAPACITATING INJURY","1.0","0","0","1","0","1","0","20","6","X002298867",,,
"0aae434f79b11a3bc1998477a4cc7ec3417a6d4feac1524f7de19d6c69ea0e76c84f76d50f4f3c2f3aef3098d2fe02e21c62df9d3318a32dc0a5b5f4630db465",,"2021-07-17T01:35:00.000","35","FLASHING CONTROL SIGNAL","FUNCTIONING PROPERLY","CLEAR","DARKNESS, LIGHTED ROAD","HEAD ON","FOUR WAY",,"STRAIGHT AND LEVEL","UNKNOWN","NO DEFECTS","ON SCENE","INJURY AND / OR TOW DUE TO CRASH","Y",,,"OVER $1,500","2021-07-17T01:35:00.000","UNABLE TO DETERMINE","NOT APPLICABLE","5900","S","WENTWORTH AVE","232",,,,,,,"2.0","7","NO INDICATION OF INJURY","0.0","0","0","0","0","2","0","1","7","X002306101",,,
"14659d5a448a0dc48b53e9c8ad98c0030f3a0cac72dcbc77a02e882717952e880974f6e879ae5674672b993d164f5bff23c7a0dfcc5920c202ef9934256eeb36",,"2021-07-08T15:30:00.000","30","NO CONTROLS","NO CONTROLS","CLEAR","DAYLIGHT","REAR TO FRONT","ONE-WAY",,"STRAIGHT AND LEVEL","DRY","NO DEFECTS","NOT ON SCENE (DESK REPORT)","NO INJURY / DRIVE AWAY",,,,"OVER $1,500","2021-07-10T15:10:00.000","IMPROPER BACKING","NOT APPLICABLE","5","W","TERMINAL ST","1655",,,,,,,"2.0","7","NO INDICATION OF INJURY","0.0","0","0","0","0","2","0","15","5","X002299417",,,
"c4202e60f8d70be0862e93be1d8c5c365321b1666b8d133b275b111eaf80eaccb4db05df1f38760e999d862567035cb2c60ad63e4562972dd795a5f9b2df8dac",,"2021-07-28T15:00:00.000","10","NO CONTROLS","NO CONTROLS","CLEAR","DAYLIGHT","SIDESWIPE SAME DIRECTION","PARKING LOT",,"STRAIGHT AND LEVEL","DRY","UNKNOWN","ON SCENE","NO INJURY / DRIVE AWAY",,,,"OVER $1,500","2021-07-28T15:00:00.000","FOLLOWING TOO CLOSELY","UNABLE TO DETERMINE","514","W","OHARE ST","1654",,,,,,,"2.0","7","NO INDICATION OF INJURY","0.0","0","0","0","0","2","0","15","4","X002319457",,,
"10db6524029f0d991facc91a568cdaa68601b7e404d66b29128e9d22e863136a1cf9a8215b69a39e09c0a878f7d01915d61c8789ccbbaf694208a88843c688ab",,"2021-07-06T15:00:00.000","30","TRAFFIC SIGNAL","FUNCTIONING PROPERLY","CLEAR","DAYLIGHT","PEDALCYCLIST","NOT DIVIDED",,"STRAIGHT AND LEVEL","DRY","NO DEFECTS",,"INJURY AND / OR TOW DUE TO CRASH",,,,"$501 - $1,500","2021-07-06T15:40:00.000","UNABLE TO DETERMINE","UNABLE TO DETERMINE","8900","S","COLFAX AVE","423",,,,,,,"2.0","7","REPORTED, NOT EVIDENT","1.0","0","0","0","1","1","0","15","3","X002295143",,,
"2cf8a6da33127f2f2bfa8af0397a2c4cb61b52f3a7d13ac38eb0fce6a23d9cf31c58ecbd2278ad26ef7dd8065cecf3bec5d476bc089c2b85a521de3a96bc3eca",,"2021-07-29T15:44:00.000","30","TRAFFIC SIGNAL","FUNCTIONING PROPERLY","CLEAR","DAYLIGHT","ANGLE","FOUR WAY",,"STRAIGHT AND LEVEL","DRY","NO DEFECTS","ON SCENE","INJURY AND / OR TOW DUE TO CRASH","Y",,,"OVER $1,500","2021-07-29T16:00:00.000","DISREGARDING TRAFFIC SIGNALS","FAILING TO YIELD RIGHT-OF-WAY","474","N","LOWER LAKE SHORE DR","1834",,,,,,,"2.0","7","NO INDICATION OF INJURY","0.0","0","0","0","0","2","0","15","5","X002319530",,,
"582d2a263f6a0d5a2529b23db7df3235a193b938ddbdbbd1140b0fa32ae935ef80bf7f971e9eb3717bd60b5f72969cf8a717042fe393f43f7ff14260f5655fd6",,"2021-07-28T15:00:00.000","35","TRAFFIC SIGNAL","FUNCTIONING PROPERLY","CLEAR","DAYLIGHT","SIDESWIPE SAME DIRECTION","DIVIDED - W/MEDIAN BARRIER",,"STRAIGHT AND LEVEL","DRY","NO DEFECTS","NOT ON SCENE (DESK REPORT)","NO INJURY / DRIVE AWAY",,,,"OVER $1,500","2021-07-28T16:30:00.000","IMPROPER OVERTAKING/PASSING","NOT APPLICABLE","12600","W","IRVING PARK RD","1654",,,,,,,"2.0","7","NO INDICATION OF INJURY","0.0","0","0","0","0","2","0","15","4","X002319463",,,
"5760d8d3bbd0056fd9190512d2cb8965fdeeba695d4d7db07b6b9c30558fe5c43e9529a2d4db9507676b09a8b1c21643df9540bb2c45f4a2ecc729b57ff29800",,"2021-07-28T12:15:00.000","30","TRAFFIC SIGNAL","FUNCTIONING PROPERLY","CLEAR","DAYLIGHT","REAR END","DIVIDED - W/MEDIAN (NOT RAISED)",,"STRAIGHT AND LEVEL","DRY","NO DEFECTS","NOT ON SCENE (DESK REPORT)","INJURY AND / OR TOW DUE TO CRASH",,,,"OVER $1,500","2021-07-28T12:27:00.000","FOLLOWING TOO CLOSELY","NOT APPLICABLE","903","W","OHARE ST","1654",,,,,,,"2.0","7","NONINCAPACITATING INJURY","1.0","0","0","1","0","2","0","12","4","X002323350",,,
"c0450c4eb22973f3211dd5d82ef439066312aca865e51fdb063d80bffdbfd820ee6c3687de99fb78baec7eb829740926f828665682df4433e282a290502ec57a","Y","2021-07-23T06:20:00.000","30","NO CONTROLS","NO CONTROLS","CLEAR","DAYLIGHT","SIDESWIPE SAME DIRECTION","ONE-WAY",,"CURVE, LEVEL","DRY","NO DEFECTS","ON SCENE","NO INJURY / DRIVE AWAY",,,,"$501 - $1,500","2021-07-23T06:20:00.000","UNABLE TO DETERMINE","UNABLE TO DETERMINE","3","W","TERMINAL ST","1653",,,,,,,"2.0","7","NO INDICATION OF INJURY","0.0","0","0","0","0","2","0","6","6","X002313312",,,
"d057db1a5f0109b0c7d591391b8a2645d797dfc6d0829ac9ad7cb7701ae6dabea53e3273ca3a510974af0043eb7a3e313f97786377ca228d118cbd77e0e168bd",,"2021-08-08T02:17:00.000","30","TRAFFIC SIGNAL","FUNCTIONING PROPERLY","CLEAR","DARKNESS, LIGHTED ROAD","REAR END","DIVIDED - W/MEDIAN (NOT RAISED)",,"STRAIGHT AND LEVEL","DRY","NO DEFECTS","NOT ON SCENE (DESK REPORT)","NO INJURY / DRIVE AWAY","Y",,,"OVER $1,500","2021-08-08T03:31:00.000","FOLLOWING TOO CLOSELY","NOT APPLICABLE","5900","S","WENTWORTH AVE","232",,,,,,,"2.0","8","NO INDICATION OF INJURY","0.0","0","0","0","0","2","0","2","1","X002328835",,,
"e858c8a7159fdc112859a5d7c33549ac7966c041f1dc929d4baf038320f2307fa3971733d5b7868eee9034441942569c95ce957168a8e14247a3eb8ebb5a4b69",,"2021-08-18T19:30:00.000","30","TRAFFIC SIGNAL","FUNCTIONING IMPROPERLY","CLEAR","DARKNESS, LIGHTED ROAD","SIDESWIPE SAME DIRECTION","DIVIDED - W/MEDIAN (NOT RAISED)",,"STRAIGHT AND LEVEL","DRY","UNKNOWN","NOT ON SCENE (DESK REPORT)","INJURY AND / OR TOW DUE TO CRASH",,,"Y","OVER $1,500","2021-08-24T11:00:00.000","UNABLE TO DETERMINE","UNABLE TO DETERMINE","5500","S","WENTWORTH AVE","225",,,,,,,"2.0","8","NONINCAPACITATING INJURY","1.0","0","0","1","0","1","0","19","4","X002346474",,,
"64679d25c29d6ab8f7b25ef46b71ac34b4ac7c41e61f9d34060151bbd4c466dfe344cfea66c20905dcb45c9391377adab7b796fba62f92223b68d749b42498ef",,"2021-07-30T14:41:00.000","25","NO CONTROLS","NO CONTROLS","CLEAR","DAYLIGHT","REAR TO FRONT","ONE-WAY",,"STRAIGHT AND LEVEL","DRY","NO DEFECTS","ON SCENE","NO INJURY / DRIVE AWAY",,,,"$501 - $1,500","2021-07-30T15:24:00.000","IMPROPER BACKING","NOT APPLICABLE","2142","N","MASON AVE","2515",,,,,,,"2","7","NO INDICATION OF INJURY","0","0","0","0","0","2","0","14","6","X002320833","41.9191825637","-87.7744857975","POINT (-87.774485797501 41.919182563711)"
"6d2c697705c4235f07c4cd3765238cacbc532b940249917f1e37bd5bb75f7b708b3967a9e37691700ec2a842abe558bef5750306f33e9b9fd6c2779caec94cb4",,"2021-08-11T13:40:00.000","15","NO CONTROLS","NO CONTROLS","CLEAR","DAYLIGHT","PARKED MOTOR VEHICLE","OTHER",,"STRAIGHT AND LEVEL","DRY","NO DEFECTS","ON SCENE","NO INJURY / DRIVE AWAY",,,,"$501 - $1,500","2021-08-11T13:50:00.000","UNABLE TO DETERMINE","UNABLE TO DETERMINE","5","W","TERMINAL ST","1655",,,,,,,"2.0","8","NO INDICATION OF INJURY","0.0","0","0","0","0","1","0","13","4","X002333972",,,
"635e848ce1fedc4dd277af3a31ba4841175fdb5e13da592dc226bf023b352b62ba816f3b3f619cfac632d02215cc99f9f00c0d00e47eaa3541c0d5ae0d44959c",,"2021-08-08T17:20:00.000","10","NO CONTROLS","NO CONTROLS","CLOUDY/OVERCAST","DAYLIGHT","SIDESWIPE SAME DIRECTION","PARKING LOT",,"STRAIGHT AND LEVEL","DRY","NO DEFECTS","ON SCENE","NO INJURY / DRIVE AWAY",,,,"OVER $1,500","2021-08-08T17:25:00.000","DRIVING SKILLS/KNOWLEDGE/EXPERIENCE","UNABLE TO DETERMINE","1","W","PARKING LOT D ST","1654",,,,,,,"2.0","8","NO INDICATION OF INJURY","0.0","0","0","0","0","3","0","17","1","X002329376",,,
"e18dd19701039396c58f4dffd510d31e3878bad8857decded339929c8052e8706a2baffd92d4eb070f1d6e018c35a0b1130aa7634bd8e896192ee72a81d4bbe3",,"2021-07-27T19:45:00.000","10","NO CONTROLS","NO CONTROLS","CLEAR","DAYLIGHT","SIDESWIPE SAME DIRECTION","PARKING LOT",,"STRAIGHT AND LEVEL","DRY","UNKNOWN","ON SCENE","NO INJURY / DRIVE AWAY",,,,"OVER $1,500","2021-07-27T19:45:00.000","FOLLOWING TOO CLOSELY","UNABLE TO DETERMINE","514","W","OHARE ST","1654",,,,,,,"2.0","7","NO INDICATION OF INJURY","0.0","0","0","0","0","2","0","19","3","X002319468",,,
"4d05dd1a426abafd4030867493eae01d7cb86c9924c8012a57d1191a9aeed89784fb79637e2f81201e4a0975db4615fe5cb64fe1b2b331d7383609a5b89d1280",,"2021-07-29T17:00:00.000","30","OTHER","UNKNOWN","CLEAR","DAYLIGHT","FIXED OBJECT","NOT DIVIDED",,"STRAIGHT AND LEVEL","DRY","NO DEFECTS","ON SCENE","NO INJURY / DRIVE AWAY",,,,"$500 OR LESS","2021-07-29T17:19:00.000","UNABLE TO DETERMINE","UNABLE TO DETERMINE","4300","W","LAKE ST","1114",,"Y",,,,,"1","7","NO INDICATION OF INJURY","0","0","0","0","0","1","0","17","5","X002319620","41.8860005243","-87.7332970779","POINT (-87.733297077936 41.886000524343)"
"7a39238d5b956af678c4478de8ed2050b4b18372905960d9d76dc8afae0e7a0ca117809dc088db8ba5231a1cde703d9ebeed704f02c94341cfa961f35bcc2ce4",,"2021-08-10T16:30:00.000","35","NO CONTROLS","NO CONTROLS","CLEAR","DAYLIGHT","SIDESWIPE SAME DIRECTION","RAMP",,"STRAIGHT AND LEVEL","DRY","NO DEFECTS","NOT ON SCENE (DESK REPORT)","NO INJURY / DRIVE AWAY",,,"Y","OVER $1,500","2021-08-11T21:00:00.000","FAILING TO REDUCE SPEED TO AVOID CRASH","UNABLE TO DETERMINE","6700","S","CHICAGO SKYWAY OB","322",,,,,,,"2.0","8","NO INDICATION OF INJURY","0.0","0","0","0","0","2","0","16","3","X002333082",,,