"crash_record_id","crash_date_est_i","crash_date","posted_speed_limit","traffic_control_device","device_condition","weather_condition","lighting_condition","first_crash_type","trafficway_type","lane_cnt","alignment","roadway_surface_cond","road_defect","report_type","crash_type","intersection_related_i","private_property_i","hit_and_run_i","damage","date_police_notified","prim_contributory_cause","sec_contributory_cause","street_no","street_direction","street_name","beat_of_occurrence","photos_taken_i","statements_taken_i","dooring_i","work_zone_i","work_zone_type","workers_present_i","num_units","crash_month","most_severe_injury","injuries_total","injuries_fatal","injuries_incapacitating","injuries_non_incapacitating","injuries_reported_not_evident","injuries_no_indication","injuries_unknown","crash_hour","crash_day_of_week","idot_control_no","latitude","longitude","location"
"a972fd16bbade573260420c26c7672811ced6b07be0d9fe5ec679008f0294e73a9f5fef4bea275ddff9ff6523fd9866e6e2e035347c25bb39961724776ebddae",,"2021-08-23T11:05:00.000","30","STOP SIGN/FLASHER","FUNCTIONING PROPERLY","CLEAR","DAYLIGHT","TURNING","T-INTERSECTION",,"STRAIGHT AND LEVEL","DRY","UNKNOWN","NOT ON SCENE (DESK REPORT)","NO INJURY / DRIVE AWAY","Y",,,"OVER $1,500","2021-08-23T13:25:00.000","IMPROPER TURNING/NO SIGNAL","UNABLE TO DETERMINE","989","N","MIES VAN DER ROHE WAY","1833",,,,,,,"2.0","8","NO INDICATION OF INJURY","0.0","0","0","0","0","2","0","11","2","X002345218",,,
"af112f6cfe01243e7f99be2aedd1004369ced62964414b5eabd7a33b1c396cc309cdc8f048e83a2e5e211ea5a809a7eb4652d6e2c164e97edb2c66d4dcbf5520","Y","2021-08-23T11:45:00.000","30","TRAFFIC SIGNAL","FUNCTIONING PROPERLY","CLEAR","DAYLIGHT","REAR END","NOT DIVIDED",,"STRAIGHT AND LEVEL","DRY","NO DEFECTS","ON SCENE","NO INJURY / DRIVE AWAY",,,,"OVER $1,500","2021-08-23T11:50:00.000","UNABLE TO DETERMINE","UNABLE TO DETERMINE","10700","W","HIGGINS RD","1654",,,,,,,"3.0","8","NO INDICATION OF INJURY","0.0","0","0","0","0","3","0","11","2","X002345152",,,
"75aed9441f8420122710f750518f4ceb56ef37448540fb5c90e5aa07d96574faa65ca21038cb7de45468e873ca4ebcae174b30fa231b2dc07f3d4acdc52319bb",,"2021-07-08T14:00:00.000","30","TRAFFIC SIGNAL","FUNCTIONING PROPERLY","CLEAR","DAYLIGHT","REAR END","ONE-WAY",,"STRAIGHT AND LEVEL","DRY","WORN SURFACE","NOT ON SCENE (DESK REPORT)","NO INJURY / DRIVE AWAY",,,,"OVER $1,500","2021-07-12T10:00:00.000","UNABLE TO DETERMINE","NOT APPLICABLE","540","N","CLINTON ST","1214",,,,,,,"2.0","7","NO INDICATION OF INJURY","0.0","0","0","0","0","2","0","14","5","X002301891",,,
"ea831f72a85cf0d3ed08749716e3631593c5c3110f621291ae93030de0cf84f965322358ac53d29307d8b445f03b459bfcb3e5c2ea7b5d2053cd440b4016cc26",,"2021-07-15T15:15:00.000","45","TRAFFIC SIGNAL","FUNCTIONING PROPERLY","CLEAR","DAYLIGHT","REAR END","NOT DIVIDED",,"STRAIGHT AND LEVEL","DRY","NO DEFECTS","NOT ON SCENE (DESK REPORT)","NO INJURY / DRIVE AWAY",,,,"OVER $1,500","2021-07-15T15:35:00.000","FOLLOWING TOO CLOSELY","NOT APPLICABLE","6256","S","LAKE SHORE DR","331",,,,,,,"2.0","7","NO INDICATION OF INJURY","0.0","0","0","0","0","2","0","15","5","X002304782",,,
"e4439f9b460d7617ef4a6b3cdc244983a7dd423a0202393c63dd36c1a6564b2c00911f51444ff98e5901f8e120cae5deddf90c0628d1a9d35d8e3dee9cf4eb2e",,"2021-08-20T10:45:00.000","15","NO CONTROLS","NO CONTROLS","CLEAR","DAYLIGHT","ANGLE","PARKING LOT",,"STRAIGHT AND LEVEL","DRY","NO DEFECTS","ON SCENE","NO INJURY / DRIVE AWAY",,,,"OVER $1,500","2021-08-20T10:50:00.000","FAILING TO YIELD RIGHT-OF-WAY","UNABLE TO DETERMINE","1","W","PARKING LOT D ST","1654",,,,,,,"2.0","8","NO INDICATION OF INJURY","0.0","0","0","0","0","2","0","10","6","X002342210",,,
"3f40352b7b25e45454be1b947a8f0817ff311be28b9f8bc94124a7069e70f714bedec2cf1f051efde986b47ea3e46e753560fcb4886b709997bab1b11a200e0b",,"2021-08-03T21:00:00.000","20","NO CONTROLS","NO CONTROLS","CLEAR","DARKNESS, LIGHTED ROAD","SIDESWIPE SAME DIRECTION","OTHER",,"STRAIGHT AND LEVEL","DRY","NO DEFECTS","ON SCENE","NO INJURY / DRIVE AWAY",,,,"$501 - $1,500","2021-08-03T21:05:00.000","IMPROPER TURNING/NO SIGNAL","IMPROPER TURNING/NO SIGNAL","1","W","TERMINAL ST","1651",,,,,,,"2.0","8","NO INDICATION OF INJURY","0.0","0","0","0","0","2","0","21","3","X002325854",,,
"f860ea6cca3cedac66b6fd40f90a044487d897533fd3eeea2447b2eb353a28aba5e0891e43b135115932c114fb03b3a1bca63279acf722ba3a90bfcc9c0077a0",,"2021-07-30T14:00:00.000","35","TRAFFIC SIGNAL","FUNCTIONING PROPERLY","CLEAR","DAYLIGHT","REAR END","DIVIDED - W/MEDIAN (NOT RAISED)",,"STRAIGHT AND LEVEL","DRY","NO DEFECTS","NOT ON SCENE (DESK REPORT)","NO INJURY / DRIVE AWAY",,,,"OVER $1,500","2021-07-30T15:10:00.000","FAILING TO REDUCE SPEED TO AVOID CRASH","NOT APPLICABLE","4331","N","MANNHEIM RD","1654",,,,,,,"2.0","7","NO INDICATION OF INJURY","0.0","0","0","0","0","2","0","14","6","X002349474",,,
"37097fda36b3f98ce16e7ebefc132d1b2445cd449ae9cd7a34f8b9e76db75b99275402acce6e3f3db84b18e947c608a6be32f4228fef25a2238ec9c4c95766bb",,"2021-08-25T03:00:00.000","25","NO CONTROLS","NO CONTROLS","CLEAR","DARKNESS, LIGHTED ROAD","FIXED OBJECT","NOT DIVIDED",,"CURVE, LEVEL","DRY","NO DEFECTS","ON SCENE","INJURY AND / OR TOW DUE TO CRASH",,"Y",,"$501 - $1,500","2021-08-25T04:00:00.000","PHYSICAL CONDITION OF DRIVER","NOT APPLICABLE","700","W","OHARE ST","1654",,,,,,,"1.0","8","REPORTED, NOT EVIDENT","1.0","0","0","0","1","0","0","3","4","X002347965",,,
"7b367563dc881adda088f5ede03efcedd191f23892e74e621b4f824070e074ec3bbbad770201de5d1e92b05c3adcd316883bf0e312f31a277b93eef06571e917",,"2021-08-07T02:08:00.000","30","NO CONTROLS","NO CONTROLS","CLEAR","DARKNESS, LIGHTED ROAD","PARKED MOTOR VEHICLE","DIVIDED - W/MEDIAN (NOT RAISED)",,"STRAIGHT AND LEVEL","DRY","NO DEFECTS","ON SCENE","INJURY AND / OR TOW DUE TO CRASH",,"N",,"OVER $1,500","2021-08-07T02:09:00.000","UNDER THE INFLUENCE OF ALCOHOL/DRUGS (USE WHEN ARREST IS EFFECTED)","UNDER THE INFLUENCE OF ALCOHOL/DRUGS (USE WHEN ARREST IS EFFECTED)","1759","S","PULASKI RD","1014",,,,,,,"3.0","8","NO INDICATION OF INJURY","0.0","0","0","0","0","1","0","2","7","X002328102",,,
"5caa328f1e8131a902339d795d690af838a1136b6ec54a704c6ca7a68ef344db28a79cda29f004431efc0a41c9b8d18c4f11591f48c0c5ae59cf7c3047af5e9f",,"2021-07-28T13:55:00.000","35","NO CONTROLS","NO CONTROLS","CLEAR","DAYLIGHT","REAR END","ONE-WAY",,"STRAIGHT AND LEVEL","DRY","NO DEFECTS","ON SCENE","NO INJURY / DRIVE AWAY",,,,"OVER $1,500","2021-07-28T14:00:00.000","UNABLE TO DETERMINE","UNABLE TO DETERMINE","15","N","BESSIE COLEMAN DR","1654",,,,,,,"2.0","7","NO INDICATION OF INJURY","0.0","0","0","0","0","2","0","13","4","X002319466",,,
"477aeab040f98da9b86b86b8d98edf505fab206be79acb762d33ce5b408ebe5030bbb7a4daa2aaa191104b6b89a60cacb24de2e96f11fe1c859374e79f819373",,"2021-08-08T07:20:00.000","35","TRAFFIC SIGNAL","FUNCTIONING PROPERLY","CLEAR","DAYLIGHT","TURNING","DIVIDED - W/MEDIAN BARRIER",,"STRAIGHT AND LEVEL","DRY","NO DEFECTS","ON SCENE","INJURY AND / OR TOW DUE TO CRASH","Y",,,"OVER $1,500","2021-08-08T07:40:00.000","FAILING TO YIELD RIGHT-OF-WAY","UNABLE TO DETERMINE","1799","E","57TH DR","331",,,,,,,"2.0","8","NO INDICATION OF INJURY","0.0","0","0","0","0","3","0","7","1","X002329450",,,
"6a1b63ff1f97647d7114f8152751ad65e720deb81f6f081cb794c10e734b1a93861d43ce32e96e44c07a4ddb9e802e094ce6472bc087d998bbc1631c2f646a87",,"2021-07-26T17:45:00.000","15","NO CONTROLS","NO CONTROLS","CLEAR","DAYLIGHT","REAR TO REAR","PARKING LOT",,"STRAIGHT AND LEVEL","DRY","NO DEFECTS","ON SCENE","NO INJURY / DRIVE AWAY",,,,"$501 - $1,500","2021-07-26T17:46:00.000","IMPROPER BACKING","IMPROPER BACKING","1","W","PARKING LOT D ST","1654",,,,,,,"2.0","7","NO INDICATION OF INJURY","0.0","0","0","0","0","2","0","17","2","X002319469",,,
"8a34d8852757d968053477ad84944d20f84f530f354bee51f8b5182b646bd608c5d49f1ac1cbb7c5b41469cd20ad9ec027f531e7e5a2624344364285e62dd493",,"2021-08-05T21:20:00.000","35","TRAFFIC SIGNAL","FUNCTIONING PROPERLY","CLEAR","DARKNESS, LIGHTED ROAD","REAR END","DIVIDED - W/MEDIAN (NOT RAISED)",,"STRAIGHT AND LEVEL","DRY","NO DEFECTS","ON SCENE","INJURY AND / OR TOW DUE TO CRASH",,,,"OVER $1,500","2021-08-05T21:25:00.000","FOLLOWING TOO CLOSELY","UNABLE TO DETERMINE","4340","N","MANNHEIM RD","1654",,,,,,,"2.0","8","NONINCAPACITATING INJURY","2.0","0","0","2","0","1","0","21","5","X002328126",,,
"88407ac0aa116d0711c52c1aae6675435b9307021efe714cb169f024ad803b163d0bad97712cfac52c0e09ebd7e9160feaaf9d7f343607209ae19e509b39931e",,"2021-08-26T07:05:00.000","10","OTHER","NO CONTROLS","CLEAR","DAYLIGHT","PARKED MOTOR VEHICLE","ONE-WAY",,"STRAIGHT AND LEVEL","DRY","NO DEFECTS","ON SCENE","NO INJURY / DRIVE AWAY",,,"Y","$501 - $1,500","2021-08-26T07:05:00.000","FOLLOWING TOO CLOSELY","FOLLOWING TOO CLOSELY","1","S","DOOR 4 ST","813",,,,,,,"2.0","8","NO INDICATION OF INJURY","0.0","0","0","0","0","1","0","7","5","X002348703",,,
"e1ca10779e54f3fce907c64dba70926fd43ab7afb602b93d7b70c85eafb4e70bb82d1db26e2d407718f2ee772eb5ac66255931e259e9660472a81ad5b250de39",,"2021-07-22T12:52:00.000","20","NO CONTROLS","NO CONTROLS","CLEAR","DAYLIGHT","PEDESTRIAN","ONE-WAY",,"STRAIGHT AND LEVEL","DRY","NO DEFECTS","ON SCENE","INJURY AND / OR TOW DUE TO CRASH",,,"Y","$500 OR LESS","2021-07-22T12:54:00.000","OPERATING VEHICLE IN ERRATIC, RECKLESS, CARELESS, NEGLIGENT OR AGGRESSIVE MANNER","FAILING TO YIELD RIGHT-OF-WAY","3","W","TERMINAL ST","1653",,,,,,,"2.0","7","REPORTED, NOT EVIDENT","1.0","0","0","0","1","2","0","12","5","X002312320",,,
"de64ad6460d58e8669e4268d079d0688807ad07e2a7d252c0d08e57ccaa122ad07dce5e53e5e61020c235ffb012cc59db965d32b0e970571192cd91e863a024d",,"2021-07-31T21:40:00.000","15","TRAFFIC SIGNAL","FUNCTIONING PROPERLY","CLEAR","DARKNESS, LIGHTED ROAD","REAR END","PARKING LOT",,"STRAIGHT AND LEVEL","DRY","NO DEFECTS","ON SCENE","NO INJURY / DRIVE AWAY",,,,"OVER $1,500","2021-07-31T21:40:00.000","DISREGARDING TRAFFIC SIGNALS","UNABLE TO DETERMINE","6299","S","LAKE SHORE DR","331",,"Y",,,,,"2.0","7","NO INDICATION OF INJURY","0.0","0","0","0","0","2","0","21","7","X002326755",,,
"e059f43f12bd8e1c3b20122f8857477bd6de0ba4efc5cccc435061f19872d8ef7627ab4c639cd9e57e0b12d83c70747713505c68c85838ccc249191cf0be6549",,"2021-08-22T02:30:00.000","55","NO CONTROLS","NO CONTROLS","CLEAR","DARKNESS, LIGHTED ROAD","FIXED OBJECT","DIVIDED - W/MEDIAN BARRIER",,"STRAIGHT AND LEVEL","DRY","WORN SURFACE","ON SCENE","INJURY AND / OR TOW DUE TO CRASH",,,,"OVER $1,500","2021-08-22T02:35:00.000","UNABLE TO DETERMINE","NOT APPLICABLE","8500","S","CHICAGO SKYWAY OB","412",,,,,,,"1.0","8","NO INDICATION OF INJURY","0.0","0","0","0","0","1","0","2","1","X002349616",,,
"a59bdc7d5c7295df9cd6795cb7ae9357f64fabcd2ab5c997918de1418eea86bff57c4f449464c55368e4ce39dd53c6841491bcba752760f81a598644c96b353f",,"2021-07-30T19:00:00.000","20","NO CONTROLS","NO CONTROLS","UNKNOWN","UNKNOWN","PARKED MOTOR VEHICLE","PARKING LOT",,"STRAIGHT AND LEVEL","UNKNOWN","NO DEFECTS","ON SCENE","NO INJURY / DRIVE AWAY",,,,"$500 OR LESS","2021-07-30T19:00:00.000","UNABLE TO DETERMINE","NOT APPLICABLE","1","W","PARKING LOT G ST","1654",,,,,,,"2.0","7","NO INDICATION OF INJURY","0.0","0","0","0","0","1","0","19","6","X002320824",,,
"75c7434f79b4b632d8f7b550d9cf7f4705f1acc3cbef11d48a5a3c6f7cace5be29df70fdfed9c70f4e3763bd5f187e48fd916233d05fe71c244697c8386856a3",,"2021-07-24T22:41:00.000","30","NO CONTROLS","NO CONTROLS","CLEAR","DARKNESS, LIGHTED ROAD","FIXED OBJECT","NOT DIVIDED",,"STRAIGHT ON GRADE","DRY","NO DEFECTS","ON SCENE","NO INJURY / DRIVE AWAY",,,,"$501 - $1,500","2021-07-24T22:41:00.000","IMPROPER TURNING/NO SIGNAL","IMPROPER TURNING/NO SIGNAL","833","W","OHARE ST","1654",,,,,,,"3.0","7","NO INDICATION OF INJURY","0.0","0","0","0","0","1","0","22","7","X002318619",,,
"4fe82ae60e1819b3a947f7f3a28952d52af5d08344aab57d790caab65371233b7f7f1edc9cc514c49b3c768715262b76c39faaff61e7aa06b81443651ed0e0d7",,"2021-08-20T03:00:00.000","30","UNKNOWN","NO CONTROLS","CLEAR","DARKNESS","PARKED MOTOR VEHICLE","NOT DIVIDED",,"STRAIGHT AND LEVEL","DRY","NO DEFECTS","ON SCENE","INJURY AND / OR TOW DUE TO CRASH",,,"Y","OVER $1,500","2021-08-20T03:05:00.000","UNABLE TO DETERMINE","UNABLE TO DETERMINE","7800","S","MORGAN ST","612",,,,,,,"3","8",,,,,,,,,"3","6","X002341831","41.7522966034","-87.6490846379","POINT (-87.649084637874 41.752296603411)"
"212ec62edf74966532384740807e8c3a6ce445af1a642d6712f2811ac38af7c792e04188bd5611546441509fd165f2b1f0f0ddd33bbe1c6aff9848e95c8d93cb",,"2021-08-02T11:40:00.000","20","NO CONTROLS","NO CONTROLS","CLEAR","DAYLIGHT","SIDESWIPE SAME DIRECTION","ONE-WAY",,"STRAIGHT AND LEVEL","DRY","NO DEFECTS","ON SCENE","NO INJURY / DRIVE AWAY",,,"Y","$501 - $1,500","2021-08-02T11:45:00.000","FAILING TO YIELD RIGHT-OF-WAY","FAILING TO YIELD RIGHT-OF-WAY","1","W","TERMINAL ST","1651",,,,,,,"2.0","8","NO INDICATION OF INJURY","0.0","0","0","0","0","2","0","11","2","X002324146",,,
"0442a988fc0bc175f5ca6cb42b2fe152576cc7a2d84ef35c91a491c2d8d913638cfb9c7d66ceb359392def8160bc227408ab843c0e3d46456062c5038ea98824",,"2021-08-14T23:45:00.000","30","RAILROAD CROSSING GATE","FUNCTIONING PROPERLY","CLEAR","DARKNESS, LIGHTED ROAD","OVERTURNED","NOT DIVIDED",,"STRAIGHT AND LEVEL","DRY","NO DEFECTS","ON SCENE","INJURY AND / OR TOW DUE TO CRASH",,,"Y","OVER $1,500","2021-08-14T23:51:00.000","IMPROPER OVERTAKING/PASSING","FOLLOWING TOO CLOSELY","3800","E","100TH DR","432",,,,,,,"2.0","8","NO INDICATION OF INJURY","0.0","0","0","0","0","2","0","23","7","X002336271",,,
"da43c0e4dd2901c964ac732c9c572b0cb3bdf73ee074aa0fec05bed7903af9fd3c6dd85f957ee23c3bdb096740f8a0316c01ca17a7881e0fbfd1133705ef5435","Y","2021-08-24T11:00:00.000","15","NO CONTROLS","NO CONTROLS","CLEAR","DAYLIGHT","FIXED OBJECT","PARKING LOT",,"STRAIGHT AND LEVEL","DRY","NO DEFECTS","ON SCENE","NO INJURY / DRIVE AWAY",,,,"$501 - $1,500","2021-08-24T12:00:00.000","UNABLE TO DETERMINE","UNABLE TO DETERMINE","5","W","TERMINAL ST","1655",,,,,,,"2.0","8","NO INDICATION OF INJURY","0.0","0","0","0","0","1","0","11","3","X002347966",,,
"f5e2b2bc81bbf1ff1462f4a10d7472b6a37bc991a44d8307fb9da1cd1f3cc63244e70a19ba631fead0d39184a6fa0291aed6d094e8b556fef9e75fdbac129a7c",,"2021-07-15T06:05:00.000","15","NO CONTROLS","NO CONTROLS","RAIN","DAYLIGHT","SIDESWIPE SAME DIRECTION","ONE-WAY",,"STRAIGHT AND LEVEL","WET","NO DEFECTS","ON SCENE","NO INJURY / DRIVE AWAY",,,"N","OVER $1,500","2021-07-15T06:11:00.000","DISTRACTION - FROM INSIDE VEHICLE","UNABLE TO DETERMINE","3","W","TERMINAL ST","1653",,,,,,,"2.0","7","NO INDICATION OF INJURY","0.0","0","0","0","0","2","0","6","5","X002306231",,,
"07869d12270454cb0cbc76e15f9d5485b5145371cde85b54d5b65db709e034381a706916566ed5e3cb083069f566bf15e9bdbbca479a870335c642402d794bb1",,"2021-07-24T08:50:00.000","15","NO CONTROLS","NO CONTROLS","CLEAR","DAYLIGHT","PARKED MOTOR VEHICLE","PARKING LOT",,"STRAIGHT AND LEVEL","DRY","NO DEFECTS","ON SCENE","NO INJURY / DRIVE AWAY",,,,"OVER $1,500","2021-07-24T08:52:00.000","VISION OBSCURED (SIGNS, TREE LIMBS, BUILDINGS, ETC.)","NOT APPLICABLE","514","W","OHARE ST","1654",,,,,,,"2.0","7","NO INDICATION OF INJURY","0.0","0","0","0","0","1","0","8","7","X002313559",,,
"ea7a6714877b179dd0ee26c205bca77c336770cf8ea856fec512482e6d45e23edb5777ad4c806fa42ec9c90e1e3d7c1a45da642577ab184c6149eb8602fbd8a2",,"2021-07-15T19:01:00.000","35","STOP SIGN/FLASHER","FUNCTIONING PROPERLY","CLEAR","DAYLIGHT","TURNING","DIVIDED - W/MEDIAN (NOT RAISED)",,"STRAIGHT AND LEVEL","DRY","NO DEFECTS","ON SCENE","INJURY AND / OR TOW DUE TO CRASH","Y",,,"OVER $1,500","2021-07-15T19:05:00.000","FAILING TO YIELD RIGHT-OF-WAY","DRIVING SKILLS/KNOWLEDGE/EXPERIENCE","30","N","BESSIE COLEMAN DR","1654",,,,,,,"2.0","7","NONINCAPACITATING INJURY","2.0","0","0","1","1","2","0","19","5","X002308541",,,
"ec2637148c37888135714661cade75a71700e413e727c82226be9cc5790a47bcd44247e75c9b99ced0563c017ce08067fd5a64d833f2520b311a8c53d6a22dad",,"2021-07-21T01:00:00.000","30","NO CONTROLS","NO CONTROLS","CLEAR","DARKNESS, LIGHTED ROAD","PARKED MOTOR VEHICLE","ONE-WAY",,"STRAIGHT AND LEVEL","DRY","NO DEFECTS","NOT ON SCENE (DESK REPORT)","NO INJURY / DRIVE AWAY",,,"Y","OVER $1,500","2021-08-03T14:00:00.000","IMPROPER OVERTAKING/PASSING","DRIVING SKILLS/KNOWLEDGE/EXPERIENCE","4259","S","DR MARTIN LUTHER KING JR SD","214",,,,,,,"3.0","7","NO INDICATION OF INJURY","0.0","0","0","0","0","1","0","1","4","X002325059",,,
"721775e326308098784b72de26aceb1f03b2b70c8c2ae7c244196777dd0c50385648fadc6e2796e882aed1a9679efc24c8b389204be8482ae6eef8e12538252c",,"2021-08-02T14:00:00.000","30","TRAFFIC SIGNAL","FUNCTIONING PROPERLY","CLEAR","DAYLIGHT","SIDESWIPE SAME DIRECTION","UNKNOWN INTERSECTION TYPE",,"STRAIGHT AND LEVEL","DRY","NO DEFECTS","ON SCENE","NO INJURY / DRIVE AWAY",,,"Y","$501 - $1,500","2021-08-02T14:10:00.000","IMPROPER OVERTAKING/PASSING","IMPROPER TURNING/NO SIGNAL","173","N","BESSIE COLEMAN DR","1654",,,,,,,"2.0","8","NO INDICATION OF INJURY","0.0","0","0","0","0","2","0","14","2","X002324893",,,
"0dbfd4476d56edf4958841df7e3822061d818829d562eaa187575731177f441b692ed2560de594caa55144aed6e5e2a1a8b59f8f5fa2b9b798a17f351202d325",,"2021-07-25T22:35:00.000","30","NO CONTROLS","NO CONTROLS","CLEAR","DARKNESS","FIXED OBJECT","ALLEY",,"STRAIGHT AND LEVEL","DRY","NO DEFECTS","ON SCENE","NO INJURY / DRIVE AWAY",,,,"OVER $1,500","2021-07-25T22:37:00.000","NOT APPLICABLE","NOT APPLICABLE","7416","N","ROGERS AVE","2422",,,,,,,"1","7",,,,,,,,,"22","1","X002314955","42.0164725204","-87.6746067697","POINT (-87.674606769727 42.016472520385)"
"3dba8c90aa4df4bbe70cce8b528a1c338287a770cd60d6a6b8c08d2b1ae7bcead6356b589c14b9e0a306bc58e96e7f38339ca1d25b729385185edf2f8dfafbd5",,"2021-07-26T12:54:00.000","15","NO CONTROLS","NO CONTROLS","CLEAR","DAYLIGHT","REAR END","PARKING LOT",,"STRAIGHT AND LEVEL","DRY","NO DEFECTS","ON SCENE","NO INJURY / DRIVE AWAY",,,,"$500 OR LESS","2021-07-26T12:55:00.000","UNABLE TO DETERMINE","UNABLE TO DETERMINE","1","W","PARKING LOT A ST","1654",,,,,,,"2.0","7","NO INDICATION OF INJURY","0.0","0","0","0","0","2","0","12","2","X002316668",,,
"e61595696dfdf7f506f96a6465f21441aee2f98ef05286c32fb17993a5fa26dbea9c0db2c3a21983ace5d8d7e004449a2aea7a16435c6961e05273bb04f9557c",,"2021-08-17T13:15:00.000","15","NO CONTROLS","NO CONTROLS","CLEAR","DAYLIGHT","PARKED MOTOR VEHICLE","PARKING LOT",,"STRAIGHT AND LEVEL","DRY","NO DEFECTS","ON SCENE","NO INJURY / DRIVE AWAY",,,,"$501 - $1,500","2021-08-17T13:30:00.000","IMPROPER TURNING/NO SIGNAL","UNABLE TO DETERMINE","524","W","OHARE ST","1654",,,,,,,"2.0","8","NO INDICATION OF INJURY","0.0","0","0","0","0","1","0","13","3","X002339491",,,
"436e0a0bb7e01df514103a55f334bb2a0f17f602a50a6120bef983356e4218a157a7e59456ea8ae634c35e469a564d74fea346788a4716b825fe3b00ef3ae8f2","Y","2021-08-27T11:00:00.000","15","NO CONTROLS","NO CONTROLS","CLEAR","DAYLIGHT","SIDESWIPE SAME DIRECTION","ONE-WAY",,"STRAIGHT AND LEVEL","DRY","NO DEFECTS","ON SCENE","INJURY AND / OR TOW DUE TO CRASH",,,,"OVER $1,500","2021-08-27T11:00:00.000","IMPROPER OVERTAKING/PASSING","NOT APPLICABLE","1","W","TERMINAL ST","1651",,,,"N",,,"2.0","8","REPORTED, NOT EVIDENT","1.0","0","0","0","1","1","0","11","6","X002350646",,,
"240f2ef37e62cc415f9f177319942b09907f10761e8219e81839b9864a1be04e8a9782bd97b7e10dcc5a579c4615c8cebc5a6f76b22d9c0d4048b0d7373e2f8e",,"2024-12-19T22:50:00.000","15","NO CONTROLS","NO CONTROLS","CLEAR","DARKNESS, LIGHTED ROAD","REAR TO SIDE","PARKING LOT",,"STRAIGHT AND LEVEL","WET","NO DEFECTS","ON SCENE","NO INJURY / DRIVE AWAY",,,,"OVER $1,500","2024-12-19T22:51:00.000","IMPROPER BACKING","DRIVING ON WRONG SIDE/WRONG WAY","10020","W","BALMORAL AVE","1654",,,,,,,"2.0","12","NO INDICATION OF INJURY","0.0","0","0","0","0","2","0","22","5","X003665377",,,
"f686f0d8baf07eb06decc1fc6f9537ad7d07f9220cb6e9b3c1c05c80b55ba59124b5a2ae102de0e0c52012cac0e50a024dda5d6a1fbae80a9debc2ab522825f4",,"2021-08-19T14:00:00.000","15","UNKNOWN","NO CONTROLS","CLEAR","DAYLIGHT","TURNING","PARKING LOT",,"STRAIGHT AND LEVEL","DRY","NO DEFECTS","ON SCENE","NO INJURY / DRIVE AWAY",,,,"$501 - $1,500","2021-08-19T14:25:00.000","IMPROPER TURNING/NO SIGNAL","FAILING TO YIELD RIGHT-OF-WAY","516","W","OHARE ST","1654",,,,,,,"2.0","8","NO INDICATION OF INJURY","0.0","0","0","0","0","2","0","14","5","X002341446",,,
"d97e7f003ea327b03de38dcb4a8e83ef619daa09dc63547481d3a014e6f35b9b2d8157e0a2ccebff222a39424354b587fc3dc13dd60ad797a3411d0c48479fb3",,"2021-07-22T16:00:00.000","25","NO CONTROLS","NO CONTROLS","CLEAR","DAYLIGHT","SIDESWIPE SAME DIRECTION","ONE-WAY",,"STRAIGHT AND LEVEL","DRY","UNKNOWN","ON SCENE","NO INJURY / DRIVE AWAY",,,,"OVER $1,500","2021-07-22T16:15:00.000","FOLLOWING TOO CLOSELY","UNABLE TO DETERMINE","3","W","TERMINAL ST","1653",,,,,,,"2.0","7","NO INDICATION OF INJURY","0.0","0","0","0","0","2","0","16","5","X002313689",,,
"d9faf210f75691d8bc8c93bb3e14cab6c704ddb80768c969581f6fde7d982319cbbe9ed195a1b9d1088fdc298c3ae014d82deb255f51f37d95443fa16dceb9db",,"2021-08-12T21:28:00.000","10","STOP SIGN/FLASHER","FUNCTIONING PROPERLY","CLEAR","DARKNESS, LIGHTED ROAD","FIXED OBJECT","PARKING LOT",,"STRAIGHT AND LEVEL","DRY","NO DEFECTS","ON SCENE","NO INJURY / DRIVE AWAY",,"Y",,"OVER $1,500","2021-08-12T21:30:00.000","DRIVING SKILLS/KNOWLEDGE/EXPERIENCE","UNABLE TO DETERMINE","1","W","PARKING LOT A ST","1654",,,,,,,"1.0","8","NO INDICATION OF INJURY","0.0","0","0","0","0","1","0","21","5","X002336020",,,
"aa879526635245607237526eaeed51d49b1b997287e235e3967022fc27faca05a06a66aee51e43f18eb9f35b99f23d66c55d9fd2b898a7f22b9e4d29bfb8e1ea",,"2021-07-29T22:18:00.000","30","TRAFFIC SIGNAL","UNKNOWN","CLEAR","DARKNESS, LIGHTED ROAD","TURNING","DIVIDED - W/MEDIAN (NOT RAISED)",,"STRAIGHT AND LEVEL","UNKNOWN","UNKNOWN","ON SCENE","INJURY AND / OR TOW DUE TO CRASH","Y",,"Y","OVER $1,500","2021-07-29T22:18:00.000","UNABLE TO DETERMINE","NOT APPLICABLE","500","S","SACRAMENTO BLVD","1134",,,,,,,"2.0","7","NO INDICATION OF INJURY","0.0","0","0","0","0","3","0","22","5","X002319807",,,